-- phpMyAdmin SQL Dump
-- version 4.8.1
-- https://www.phpmyadmin.net/
--
-- Host: 127.0.0.1
-- Waktu pembuatan: 27 Agu 2019 pada 14.14
-- Versi server: 10.1.33-MariaDB
-- Versi PHP: 7.1.18

SET SQL_MODE = "NO_AUTO_VALUE_ON_ZERO";
SET AUTOCOMMIT = 0;
START TRANSACTION;
SET time_zone = "+00:00";


/*!40101 SET @OLD_CHARACTER_SET_CLIENT=@@CHARACTER_SET_CLIENT */;
/*!40101 SET @OLD_CHARACTER_SET_RESULTS=@@CHARACTER_SET_RESULTS */;
/*!40101 SET @OLD_COLLATION_CONNECTION=@@COLLATION_CONNECTION */;
/*!40101 SET NAMES utf8mb4 */;

--
-- Database: `bangsaon_utama`
--

-- --------------------------------------------------------

--
-- Struktur dari tabel `authassignment`
--

CREATE TABLE `authassignment` (
  `itemname` varchar(64) CHARACTER SET latin1 NOT NULL,
  `userid` varchar(64) NOT NULL,
  `bizrule` text,
  `data` text
) ENGINE=InnoDB DEFAULT CHARSET=utf8;

--
-- Dumping data untuk tabel `authassignment`
--

INSERT INTO `authassignment` (`itemname`, `userid`, `bizrule`, `data`) VALUES
('Admin', '1', NULL, 'N;'),
('Administrator', '102', NULL, 'N;'),
('Administrator', '16', NULL, 'N;'),
('Administrator', '23', NULL, 'N;'),
('Administrator', '268', NULL, 'N;'),
('Administrator', '269', NULL, 'N;'),
('Administrator', '3', NULL, 'N;'),
('Administrator', '33', NULL, 'N;'),
('Administrator', '69', NULL, 'N;'),
('Administrator', '71', NULL, 'N;'),
('Authenticated', '2', NULL, 'N;'),
('Member', '100', NULL, 'N;'),
('Member', '101', NULL, 'N;'),
('Member', '103', NULL, 'N;'),
('Member', '104', NULL, NULL),
('Member', '106', NULL, 'N;'),
('Member', '107', NULL, 'N;'),
('Member', '108', NULL, NULL),
('Member', '109', NULL, 'N;'),
('Member', '110', NULL, NULL),
('Member', '111', NULL, 'N;'),
('Member', '112', NULL, 'N;'),
('Member', '113', NULL, 'N;'),
('Member', '114', NULL, 'N;'),
('Member', '115', NULL, 'N;'),
('Member', '116', NULL, 'N;'),
('Member', '117', NULL, 'N;'),
('Member', '118', NULL, 'N;'),
('Member', '119', NULL, 'N;'),
('Member', '120', NULL, 'N;'),
('Member', '121', NULL, 'N;'),
('Member', '122', NULL, 'N;'),
('Member', '123', NULL, 'N;'),
('Member', '124', NULL, 'N;'),
('Member', '125', NULL, 'N;'),
('Member', '126', NULL, 'N;'),
('Member', '127', NULL, 'N;'),
('Member', '128', NULL, 'N;'),
('Member', '129', NULL, 'N;'),
('Member', '130', NULL, 'N;'),
('Member', '131', NULL, NULL),
('Member', '132', NULL, 'N;'),
('Member', '133', NULL, 'N;'),
('Member', '134', NULL, 'N;'),
('Member', '135', NULL, 'N;'),
('Member', '136', NULL, 'N;'),
('Member', '137', NULL, 'N;'),
('Member', '138', NULL, 'N;'),
('Member', '141', NULL, 'N;'),
('Member', '143', NULL, 'N;'),
('Member', '144', NULL, 'N;'),
('Member', '145', NULL, 'N;'),
('Member', '146', NULL, 'N;'),
('Member', '147', NULL, NULL),
('Member', '148', NULL, 'N;'),
('Member', '149', NULL, 'N;'),
('Member', '150', NULL, 'N;'),
('Member', '151', NULL, 'N;'),
('Member', '152', NULL, 'N;'),
('Member', '153', NULL, 'N;'),
('Member', '154', NULL, 'N;'),
('Member', '155', NULL, 'N;'),
('Member', '156', NULL, 'N;'),
('Member', '157', NULL, NULL),
('Member', '158', NULL, 'N;'),
('Member', '159', NULL, 'N;'),
('Member', '160', NULL, 'N;'),
('Member', '161', NULL, 'N;'),
('Member', '162', NULL, 'N;'),
('Member', '163', NULL, 'N;'),
('Member', '164', NULL, NULL),
('Member', '165', NULL, 'N;'),
('Member', '166', NULL, 'N;'),
('Member', '167', NULL, 'N;'),
('Member', '168', NULL, 'N;'),
('Member', '169', NULL, 'N;'),
('Member', '170', NULL, 'N;'),
('Member', '171', NULL, 'N;'),
('Member', '172', NULL, 'N;'),
('Member', '173', NULL, 'N;'),
('Member', '174', NULL, NULL),
('Member', '175', NULL, 'N;'),
('Member', '176', NULL, 'N;'),
('Member', '177', NULL, NULL),
('Member', '178', NULL, 'N;'),
('Member', '179', NULL, 'N;'),
('Member', '182', NULL, 'N;'),
('Member', '183', NULL, 'N;'),
('Member', '184', NULL, 'N;'),
('Member', '185', NULL, 'N;'),
('Member', '186', NULL, 'N;'),
('Member', '187', NULL, 'N;'),
('Member', '188', NULL, NULL),
('Member', '189', NULL, 'N;'),
('Member', '190', NULL, 'N;'),
('Member', '191', NULL, NULL),
('Member', '192', NULL, NULL),
('Member', '193', NULL, NULL),
('Member', '194', NULL, NULL),
('Member', '195', NULL, 'N;'),
('Member', '196', NULL, 'N;'),
('Member', '197', NULL, NULL),
('Member', '198', NULL, 'N;'),
('Member', '199', NULL, 'N;'),
('Member', '200', NULL, 'N;'),
('Member', '201', NULL, 'N;'),
('Member', '202', NULL, 'N;'),
('Member', '203', NULL, NULL),
('Member', '204', NULL, NULL),
('Member', '205', NULL, 'N;'),
('Member', '206', NULL, NULL),
('Member', '207', NULL, 'N;'),
('Member', '208', NULL, 'N;'),
('Member', '209', NULL, 'N;'),
('Member', '21', NULL, 'N;'),
('Member', '210', NULL, 'N;'),
('Member', '211', NULL, 'N;'),
('Member', '212', NULL, 'N;'),
('Member', '213', NULL, 'N;'),
('Member', '214', NULL, 'N;'),
('Member', '216', NULL, 'N;'),
('Member', '217', NULL, 'N;'),
('Member', '218', NULL, 'N;'),
('Member', '219', NULL, 'N;'),
('Member', '220', NULL, 'N;'),
('Member', '221', NULL, 'N;'),
('Member', '222', NULL, 'N;'),
('Member', '223', NULL, 'N;'),
('Member', '224', NULL, 'N;'),
('Member', '225', NULL, 'N;'),
('Member', '229', NULL, NULL),
('Member', '230', NULL, NULL),
('Member', '231', NULL, 'N;'),
('Member', '232', NULL, 'N;'),
('Member', '24', NULL, 'N;'),
('Member', '25', NULL, NULL),
('Member', '267', NULL, NULL),
('Member', '27', NULL, 'N;'),
('Member', '28', NULL, NULL),
('Member', '29', NULL, 'N;'),
('Member', '30', NULL, 'N;'),
('Member', '31', NULL, 'N;'),
('Member', '32', NULL, 'N;'),
('Member', '34', NULL, 'N;'),
('Member', '35', NULL, 'N;'),
('Member', '36', NULL, 'N;'),
('Member', '37', NULL, 'N;'),
('Member', '38', NULL, NULL),
('Member', '39', NULL, NULL),
('Member', '40', NULL, NULL),
('Member', '41', NULL, 'N;'),
('Member', '42', NULL, 'N;'),
('Member', '43', NULL, 'N;'),
('Member', '45', NULL, NULL),
('Member', '46', NULL, 'N;'),
('Member', '47', NULL, NULL),
('Member', '48', NULL, 'N;'),
('Member', '49', NULL, 'N;'),
('Member', '50', NULL, 'N;'),
('Member', '51', NULL, 'N;'),
('Member', '52', NULL, 'N;'),
('Member', '53', NULL, 'N;'),
('Member', '54', NULL, 'N;'),
('Member', '55', NULL, 'N;'),
('Member', '56', NULL, 'N;'),
('Member', '57', NULL, 'N;'),
('Member', '58', NULL, 'N;'),
('Member', '59', NULL, 'N;'),
('Member', '60', NULL, 'N;'),
('Member', '61', NULL, 'N;'),
('Member', '62', NULL, 'N;'),
('Member', '63', NULL, 'N;'),
('Member', '64', NULL, 'N;'),
('Member', '65', NULL, 'N;'),
('Member', '66', NULL, 'N;'),
('Member', '67', NULL, 'N;'),
('Member', '68', NULL, 'N;'),
('Member', '70', NULL, 'N;'),
('Member', '72', NULL, 'N;'),
('Member', '73', NULL, 'N;'),
('Member', '74', NULL, 'N;'),
('Member', '75', NULL, 'N;'),
('Member', '76', NULL, 'N;'),
('Member', '77', NULL, NULL),
('Member', '78', NULL, 'N;'),
('Member', '80', NULL, 'N;'),
('Member', '81', NULL, 'N;'),
('Member', '82', NULL, 'N;'),
('Member', '83', NULL, 'N;'),
('Member', '84', NULL, 'N;'),
('Member', '85', NULL, 'N;'),
('Member', '86', NULL, NULL),
('Member', '87', NULL, 'N;'),
('Member', '88', NULL, NULL),
('Member', '89', NULL, 'N;'),
('Member', '90', NULL, NULL),
('Member', '91', NULL, 'N;'),
('Member', '92', NULL, 'N;'),
('Member', '93', NULL, 'N;'),
('Member', '94', NULL, 'N;'),
('Member', '95', NULL, 'N;'),
('Member', '96', NULL, 'N;'),
('Member', '97', NULL, 'N;'),
('Member', '98', NULL, NULL),
('Member', '99', NULL, NULL);

-- --------------------------------------------------------

--
-- Struktur dari tabel `authitem`
--

CREATE TABLE `authitem` (
  `name` varchar(64) NOT NULL,
  `type` int(11) NOT NULL,
  `description` text,
  `bizrule` text,
  `data` text
) ENGINE=InnoDB DEFAULT CHARSET=latin1;

--
-- Dumping data untuk tabel `authitem`
--

INSERT INTO `authitem` (`name`, `type`, `description`, `bizrule`, `data`) VALUES
('Admin', 2, NULL, NULL, 'N;'),
('Administrator', 2, 'Site Holder', NULL, 'N;'),
('Authenticated', 2, NULL, NULL, 'N;'),
('Author', 2, 'Post Something', NULL, 'N;'),
('Blockmobile.*', 1, NULL, NULL, 'N;'),
('Category.*', 1, NULL, NULL, 'N;'),
('Comments.*', 1, NULL, NULL, 'N;'),
('Contact.*', 1, NULL, NULL, 'N;'),
('Content.*', 1, NULL, NULL, 'N;'),
('Epaper.*', 1, NULL, NULL, 'N;'),
('Guest', 2, NULL, NULL, 'N;'),
('Iklan.*', 1, NULL, NULL, 'N;'),
('Ioptions.*', 1, NULL, NULL, 'N;'),
('Ioptionsmobile.*', 1, NULL, NULL, 'N;'),
('Kelola.*', 1, NULL, NULL, 'N;'),
('Member', 2, 'Site Member', NULL, 'N;'),
('Menu.*', 1, NULL, NULL, 'N;'),
('MenuGroup.*', 1, NULL, NULL, 'N;'),
('Modul.*', 1, NULL, NULL, 'N;'),
('Module.*', 1, NULL, NULL, 'N;'),
('News.*', 1, NULL, NULL, 'N;'),
('Options.*', 1, NULL, NULL, 'N;'),
('Page.*', 1, NULL, NULL, 'N;'),
('Poll.Poll.*', 1, NULL, NULL, 'N;'),
('Poll.Poll2.*', 1, NULL, NULL, 'N;'),
('Poll.Poll2choice.*', 1, NULL, NULL, 'N;'),
('Poll.Poll2vote.*', 1, NULL, NULL, 'N;'),
('Poll.Pollchoice.*', 1, NULL, NULL, 'N;'),
('Poll.Pollvote.*', 1, NULL, NULL, 'N;'),
('Settingpolling.*', 1, NULL, NULL, 'N;'),
('Tags.*', 1, NULL, NULL, 'N;'),
('Topik.*', 1, NULL, NULL, 'N;'),
('User.Activation.*', 1, NULL, NULL, 'N;'),
('User.Default.*', 1, NULL, NULL, 'N;'),
('User.Login.*', 1, NULL, NULL, 'N;'),
('User.Logout.*', 1, NULL, NULL, 'N;'),
('User.Profile.*', 1, NULL, NULL, 'N;'),
('User.Recovery.*', 1, NULL, NULL, 'N;'),
('User.Registration.*', 1, NULL, NULL, 'N;'),
('User.User.*', 1, NULL, NULL, 'N;'),
('Widget.*', 1, NULL, NULL, 'N;');

-- --------------------------------------------------------

--
-- Struktur dari tabel `authitemchild`
--

CREATE TABLE `authitemchild` (
  `parent` varchar(64) NOT NULL,
  `child` varchar(64) NOT NULL
) ENGINE=InnoDB DEFAULT CHARSET=latin1;

--
-- Dumping data untuk tabel `authitemchild`
--

INSERT INTO `authitemchild` (`parent`, `child`) VALUES
('Administrator', 'Blockmobile.*'),
('Administrator', 'Category.*'),
('Administrator', 'Comments.*'),
('Administrator', 'Contact.*'),
('Administrator', 'Content.*'),
('Administrator', 'Epaper.*'),
('Administrator', 'Iklan.*'),
('Administrator', 'Ioptions.*'),
('Administrator', 'Ioptionsmobile.*'),
('Administrator', 'Kelola.*'),
('Administrator', 'Menu.*'),
('Administrator', 'MenuGroup.*'),
('Administrator', 'Modul.*'),
('Administrator', 'Module.*'),
('Administrator', 'News.*'),
('Administrator', 'Options.*'),
('Administrator', 'Page.*'),
('Administrator', 'Poll.Poll.*'),
('Administrator', 'Poll.Poll2.*'),
('Administrator', 'Poll.Poll2choice.*'),
('Administrator', 'Poll.Poll2vote.*'),
('Administrator', 'Poll.Pollchoice.*'),
('Administrator', 'Poll.Pollvote.*'),
('Administrator', 'Settingpolling.*'),
('Administrator', 'Tags.*'),
('Administrator', 'Topik.*'),
('Administrator', 'User.Activation.*'),
('Administrator', 'User.Default.*'),
('Administrator', 'User.Login.*'),
('Administrator', 'User.Logout.*'),
('Administrator', 'User.Profile.*'),
('Administrator', 'User.Recovery.*'),
('Administrator', 'User.Registration.*'),
('Administrator', 'User.User.*'),
('Administrator', 'Widget.*'),
('Authenticated', 'User.Activation.*'),
('Author', 'User.Activation.*'),
('Guest', 'User.Login.*'),
('Guest', 'User.Logout.*'),
('Guest', 'User.Registration.*'),
('Member', 'User.Activation.*');

-- --------------------------------------------------------

--
-- Struktur dari tabel `block`
--

CREATE TABLE `block` (
  `id` int(11) NOT NULL,
  `root` int(11) DEFAULT NULL,
  `lft` int(11) NOT NULL,
  `rgt` int(11) NOT NULL,
  `level` int(11) NOT NULL,
  `block_title` varchar(100) NOT NULL,
  `block_type` varchar(20) NOT NULL,
  `block_style` int(11) NOT NULL,
  `block_object_id` int(11) NOT NULL
) ENGINE=InnoDB DEFAULT CHARSET=utf8;

--
-- Dumping data untuk tabel `block`
--

INSERT INTO `block` (`id`, `root`, `lft`, `rgt`, `level`, `block_title`, `block_type`, `block_style`, `block_object_id`) VALUES
(1, 1, 1, 30, 1, 'root', 'root', 0, 0),
(21, 1, 2, 3, 2, 'Nasional', 'category', 2, 45),
(23, 1, 4, 5, 2, 'Politik dan Birokrasi', 'category', 2, 44),
(26, 1, 20, 21, 2, 'Olahraga', 'category', 2, 47),
(28, 1, 16, 17, 2, 'Kesehatan', 'category', 2, 52),
(31, 1, 10, 11, 2, 'Pendidikan dan Teknologi', 'category', 2, 51),
(32, 1, 8, 9, 2, 'Ekonomi', 'category', 2, 43),
(33, 1, 18, 19, 2, 'Lifestyle', 'category', 2, 48),
(35, 1, 26, 27, 2, 'Dunia', 'category', 2, 46),
(37, 1, 12, 13, 2, 'Budaya', 'category', 2, 56),
(38, 1, 14, 15, 2, 'Wisata', 'category', 2, 54),
(40, 1, 28, 29, 2, 'Unik - Aneh', 'category', 2, 62),
(41, 1, 6, 7, 2, 'Hukum dan Kriminal', 'category', 2, 63),
(53, 1, 22, 23, 2, 'Otomotif', 'category', 2, 50),
(55, 1, 24, 25, 2, 'Figur', 'category', 2, 55);

-- --------------------------------------------------------

--
-- Struktur dari tabel `block_mobile`
--

CREATE TABLE `block_mobile` (
  `id` int(11) NOT NULL,
  `root` int(11) DEFAULT NULL,
  `rgt` int(11) NOT NULL,
  `lft` int(11) NOT NULL,
  `level` int(11) NOT NULL,
  `block_title` varchar(100) NOT NULL,
  `block_type` varchar(20) NOT NULL,
  `block_style` int(11) NOT NULL,
  `block_object_id` int(11) NOT NULL
) ENGINE=InnoDB DEFAULT CHARSET=latin1;

--
-- Dumping data untuk tabel `block_mobile`
--

INSERT INTO `block_mobile` (`id`, `root`, `rgt`, `lft`, `level`, `block_title`, `block_type`, `block_style`, `block_object_id`) VALUES
(1, 1, 20, 1, 1, 'root', 'root', 1, 0),
(21, 1, 7, 6, 2, 'Nasional', 'category', 1, 45),
(28, 1, 19, 18, 2, 'Kesehatan', 'category', 1, 52),
(33, 1, 11, 10, 2, 'Lifestyle', 'category', 1, 48),
(67, 1, 13, 12, 2, 'Pendidikan dan Teknologi', 'category', 1, 51),
(73, 1, 17, 16, 2, 'Unik-Dunia', 'category', 1, 66),
(113, 1, 15, 14, 2, 'Entertain-Sport', 'category', 1, 65),
(142, 1, 9, 8, 2, 'Nusantara', 'category', 1, 67),
(157, 1, 3, 2, 2, 'Public Advertisement', 'iklan', 1, 482),
(158, 1, 5, 4, 2, 'Public Advertisement', 'iklan', 1, 483);

-- --------------------------------------------------------

--
-- Struktur dari tabel `category`
--

CREATE TABLE `category` (
  `category_id` int(11) NOT NULL,
  `root` int(11) DEFAULT NULL,
  `lft` int(11) NOT NULL,
  `rgt` int(11) NOT NULL,
  `level` int(11) NOT NULL,
  `category_name` varchar(125) NOT NULL,
  `category_description` tinytext NOT NULL,
  `category_slug` varchar(125) NOT NULL,
  `active` int(11) NOT NULL,
  `module_id` int(11) NOT NULL,
  `is_indeks` int(11) NOT NULL DEFAULT '1'
) ENGINE=InnoDB DEFAULT CHARSET=utf8;

--
-- Dumping data untuk tabel `category`
--

INSERT INTO `category` (`category_id`, `root`, `lft`, `rgt`, `level`, `category_name`, `category_description`, `category_slug`, `active`, `module_id`, `is_indeks`) VALUES
(35, 35, 1, 16, 1, 'Jatim', '', 'jatim', 1, 0, 1),
(36, 35, 4, 5, 2, 'Jatim Timur', '', 'jatim-timur', 1, 0, 1),
(37, 35, 10, 11, 2, 'Jatim Barat', '', 'jatim-barat', 1, 0, 1),
(38, 35, 6, 7, 2, 'Jatim Utara', '', 'jatim-utara', 1, 0, 1),
(39, 35, 14, 15, 2, 'Jatim Tengah', '', 'jatim-tengah', 1, 0, 1),
(40, 35, 8, 9, 2, 'Jatim Selatan', '', 'jatim-selatan', 1, 0, 1),
(41, 35, 2, 3, 2, 'Jatim Metro', '', 'jatim-metro', 1, 0, 1),
(42, 35, 12, 13, 2, 'Jatim Madura', '', 'jatim-madura', 1, 0, 1),
(43, 43, 1, 2, 1, 'Ekonomi', '', 'ekonomi', 1, 0, 1),
(44, 44, 1, 2, 1, 'Politik dan Birokrasi', '', 'politik-dan-birokrasi', 1, 0, 1),
(45, 45, 1, 4, 1, 'Nasional', '', 'nasional', 1, 0, 1),
(46, 66, 2, 3, 2, 'Dunia', '', 'dunia', 1, 0, 1),
(47, 65, 6, 7, 2, 'Olahraga', '', 'olahraga', 1, 0, 1),
(48, 48, 1, 2, 1, 'Lifestyle', '', 'lifestyle', 1, 0, 1),
(49, 65, 2, 3, 2, 'Selebriti', '', 'selebriti', 1, 0, 1),
(50, 65, 8, 9, 2, 'Otomotif', '', 'otomotif', 1, 0, 1),
(51, 51, 1, 2, 1, 'Pendidikan dan Teknologi', '', 'pendidikan-dan-teknologi', 1, 0, 1),
(52, 52, 1, 2, 1, 'Kesehatan', '', 'kesehatan', 1, 0, 1),
(53, 53, 1, 2, 1, 'Teenage Jurnalism', '', 'teenage-jurnalism', 1, 0, 1),
(54, 65, 4, 5, 2, 'Wisata', '', 'wisata', 1, 0, 1),
(55, 55, 1, 2, 1, 'Figur', '', 'figur', 1, 0, 1),
(56, 56, 1, 2, 1, 'Budaya', '', 'budaya', 1, 0, 1),
(57, 57, 1, 8, 1, 'Religia', '', 'religia', 1, 0, 1),
(58, 57, 4, 5, 2, 'Tafsir Al Quran Aktual', '', 'tafsir-al-quran-aktual', 1, 0, 1),
(59, 59, 1, 2, 1, 'Wawancara ', '', 'wawancara', 1, 0, 1),
(60, 60, 1, 2, 1, 'Opini', '', 'opini', 1, 0, 1),
(61, 57, 2, 3, 2, 'Pesantren', '', 'pesantren', 1, 0, 1),
(62, 66, 4, 5, 2, 'Unik - Aneh', '', 'unik-aneh', 1, 0, 1),
(63, 63, 1, 2, 1, 'Hukum dan Kriminal', '', 'hukum-dan-kriminal', 1, 0, 1),
(64, 57, 6, 7, 2, 'T&J - Islam Sehari-hari', 'islam sehari-hari', 'tj-islam-sehari-hari', 1, 0, 1),
(65, 65, 1, 12, 1, 'Entertain-Sport', '', 'entertain-sport', 1, 0, 1),
(66, 66, 1, 6, 1, 'Unik-Dunia', '', 'unik-dunia', 1, 0, 1),
(67, 45, 2, 3, 2, 'Nusantara', '', 'nusantara', 1, 0, 1),
(68, 65, 10, 11, 2, 'Kuliner & Entrepreneur', '', 'kuliner-entrepreneur', 1, 0, 1),
(69, 69, 1, 2, 1, 'Video', '', 'video', 1, 0, 0);

-- --------------------------------------------------------

--
-- Stand-in struktur untuk tampilan `categorys_indeks`
-- (Lihat di bawah untuk tampilan aktual)
--
CREATE TABLE `categorys_indeks` (
`category_name` varchar(125)
,`category_id` int(11)
,`category_slug` varchar(125)
);

-- --------------------------------------------------------

--
-- Struktur dari tabel `category_relationship`
--

CREATE TABLE `category_relationship` (
  `post_id` int(11) NOT NULL,
  `category_id` int(11) NOT NULL
) ENGINE=InnoDB DEFAULT CHARSET=utf8;

--
-- Dumping data untuk tabel `category_relationship`
--

INSERT INTO `category_relationship` (`post_id`, `category_id`) VALUES
(16, 43),
(19, 40),
(21, 37),
(22, 39),
(23, 36),
(24, 57),
(25, 41),
(26, 37),
(27, 39),
(28, 36),
(29, 38),
(30, 40),
(124, 41),
(125, 39),
(126, 42),
(127, 42),
(128, 39),
(129, 42),
(130, 42),
(131, 39),
(132, 41),
(133, 42),
(134, 44),
(135, 41),
(136, 39),
(137, 41),
(138, 51),
(139, 39),
(140, 51),
(141, 41),
(142, 41),
(143, 41),
(144, 44),
(145, 44),
(146, 51),
(147, 39),
(148, 51),
(149, 41),
(150, 39),
(151, 41),
(152, 43),
(153, 52),
(154, 38),
(155, 38),
(156, 38),
(157, 39),
(158, 43),
(159, 38),
(162, 41),
(169, 53),
(170, 38),
(171, 38),
(172, 38),
(173, 38),
(174, 42),
(175, 39),
(177, 41),
(178, 38),
(179, 38),
(180, 42),
(181, 41),
(182, 41),
(183, 42),
(184, 39),
(185, 41),
(186, 40),
(187, 41),
(188, 41),
(189, 41),
(190, 43),
(191, 41),
(192, 43),
(193, 38),
(194, 43),
(195, 43),
(196, 38),
(197, 38),
(198, 41),
(199, 51),
(200, 51),
(201, 52),
(202, 38),
(218, 38),
(228, 41),
(233, 38),
(233, 44),
(234, 36),
(235, 39),
(235, 43),
(236, 41),
(236, 44),
(237, 41),
(237, 44),
(238, 38),
(239, 39),
(240, 42),
(240, 44),
(241, 41),
(241, 44),
(242, 38),
(242, 44),
(243, 41),
(244, 48),
(245, 39),
(246, 39),
(247, 39),
(248, 41),
(249, 42),
(250, 40),
(251, 51),
(252, 38),
(253, 41),
(254, 38),
(255, 44),
(256, 44),
(257, 41),
(258, 41),
(259, 38),
(260, 41),
(261, 38),
(262, 41),
(263, 38),
(264, 41),
(265, 39),
(266, 38),
(267, 41),
(268, 42),
(269, 41),
(270, 52),
(271, 42),
(272, 41),
(273, 41),
(274, 39),
(275, 38),
(276, 39),
(277, 35),
(278, 36),
(280, 36),
(280, 44),
(281, 36),
(281, 44),
(282, 39),
(283, 36),
(284, 39),
(285, 38),
(286, 38),
(287, 40),
(288, 35),
(288, 41),
(289, 41),
(290, 39),
(291, 41),
(292, 41),
(293, 38),
(293, 43),
(294, 41),
(295, 41),
(296, 42),
(296, 47),
(297, 41),
(298, 39),
(299, 41),
(300, 43),
(301, 52),
(302, 38),
(303, 42),
(304, 39),
(305, 42),
(306, 39),
(307, 42),
(308, 36),
(309, 41),
(310, 36),
(311, 60),
(312, 38),
(313, 58),
(314, 38),
(315, 39),
(315, 43),
(316, 41),
(317, 44),
(318, 44),
(319, 44),
(320, 44),
(321, 44),
(322, 35),
(322, 41),
(323, 47),
(324, 41),
(325, 41),
(326, 41),
(327, 41),
(328, 41),
(329, 41),
(330, 41),
(331, 41),
(332, 38),
(333, 41),
(335, 41),
(336, 41),
(337, 44),
(338, 38),
(339, 43),
(340, 41),
(341, 36),
(341, 43),
(342, 38),
(343, 41),
(344, 41),
(345, 43),
(346, 51),
(348, 39),
(349, 36),
(349, 44),
(350, 44),
(351, 39),
(352, 38),
(353, 41),
(353, 51),
(354, 38),
(355, 38),
(356, 42),
(357, 42),
(358, 41),
(359, 41),
(362, 51),
(364, 38),
(365, 42),
(367, 44),
(368, 44),
(369, 44),
(370, 44),
(371, 44),
(372, 44),
(373, 39),
(374, 38),
(375, 44),
(376, 44),
(377, 38),
(378, 57),
(379, 41),
(380, 41),
(381, 44),
(385, 40),
(386, 36),
(387, 38),
(388, 42),
(389, 41),
(390, 42),
(391, 42),
(392, 42),
(393, 42),
(394, 42),
(395, 42),
(396, 44),
(397, 44),
(398, 44),
(399, 39),
(400, 39),
(401, 44),
(402, 39),
(403, 37),
(404, 39),
(405, 37),
(406, 40),
(407, 41),
(408, 37),
(409, 42),
(410, 41),
(411, 41),
(412, 42),
(413, 41),
(414, 51),
(415, 51),
(416, 41),
(417, 41),
(418, 36),
(420, 41),
(421, 51),
(422, 41),
(423, 41),
(424, 41),
(424, 44),
(425, 41),
(426, 36),
(427, 36),
(428, 36),
(429, 36),
(429, 51),
(430, 36),
(430, 44),
(431, 39),
(432, 44),
(434, 41),
(526, 39),
(527, 51),
(528, 41),
(529, 38),
(530, 42),
(531, 42),
(532, 39),
(533, 41),
(534, 41),
(535, 43),
(536, 37),
(537, 39),
(538, 36),
(539, 39),
(540, 36),
(540, 44),
(541, 39),
(542, 39),
(543, 42),
(544, 36),
(545, 36),
(546, 41),
(547, 36),
(548, 38),
(549, 41),
(550, 38),
(551, 38),
(552, 38),
(553, 43),
(554, 38),
(555, 38),
(556, 51),
(557, 41),
(558, 55),
(561, 39),
(562, 41),
(563, 41),
(564, 39),
(565, 43),
(566, 37),
(567, 41),
(568, 41),
(569, 36),
(570, 41),
(571, 39),
(572, 44),
(573, 39),
(574, 44),
(575, 44),
(576, 41),
(577, 44),
(578, 38),
(579, 41),
(580, 41),
(582, 41),
(583, 41),
(584, 38),
(584, 44),
(585, 38),
(586, 41),
(587, 43),
(588, 38),
(589, 36),
(589, 43),
(590, 42),
(591, 41),
(592, 55),
(593, 42),
(593, 43),
(594, 42),
(595, 43),
(596, 36),
(597, 38),
(598, 36),
(599, 38),
(600, 42),
(601, 36),
(602, 41),
(603, 39),
(604, 39),
(605, 41),
(606, 39),
(607, 42),
(608, 43),
(609, 44),
(610, 52),
(611, 39),
(612, 41),
(613, 44),
(614, 38),
(615, 43),
(616, 44),
(617, 44),
(618, 44),
(683, 44),
(684, 38),
(685, 38),
(686, 39),
(687, 39),
(688, 41),
(689, 38),
(690, 41),
(691, 41),
(692, 41),
(733, 44),
(734, 38),
(735, 41),
(736, 39),
(737, 39),
(738, 47),
(739, 37),
(740, 41),
(741, 41),
(742, 39),
(743, 41),
(744, 41),
(745, 39),
(746, 41),
(747, 42),
(748, 35),
(749, 42),
(750, 41),
(751, 41),
(752, 41),
(753, 39),
(754, 41),
(755, 41),
(756, 42),
(758, 41),
(759, 43),
(760, 54),
(761, 54),
(762, 38),
(763, 38),
(764, 41),
(765, 38),
(766, 38),
(766, 43),
(767, 38),
(768, 38),
(769, 38),
(770, 40),
(771, 36),
(772, 36),
(773, 41),
(784, 41),
(785, 38),
(786, 40),
(787, 42),
(788, 41),
(789, 38),
(790, 42),
(791, 39),
(792, 41),
(793, 41),
(794, 41),
(795, 36),
(796, 41),
(797, 41),
(798, 36),
(799, 36),
(800, 36),
(800, 44),
(801, 41),
(802, 41),
(803, 41),
(895, 36),
(896, 38),
(897, 36),
(898, 39),
(899, 39),
(900, 44),
(901, 39),
(902, 44),
(903, 39),
(904, 38),
(905, 39),
(906, 38),
(907, 38),
(907, 44),
(908, 38),
(909, 38),
(910, 49),
(911, 41),
(911, 47),
(912, 41),
(912, 48),
(913, 41),
(914, 41),
(915, 38),
(916, 41),
(917, 44),
(918, 36),
(918, 57),
(919, 44),
(920, 39),
(921, 44),
(922, 44),
(923, 44),
(924, 39),
(925, 44),
(926, 39),
(926, 43),
(927, 43),
(928, 42),
(930, 39),
(931, 39),
(932, 39),
(933, 38),
(934, 38),
(935, 40),
(935, 44),
(936, 41),
(937, 41),
(938, 41),
(939, 41),
(939, 44),
(940, 41),
(940, 55),
(941, 39),
(942, 39),
(943, 41),
(943, 45),
(944, 41),
(945, 39),
(945, 54),
(946, 41),
(946, 44),
(947, 38),
(948, 38),
(949, 38),
(950, 38),
(951, 38),
(952, 38),
(953, 36),
(953, 54),
(954, 36),
(955, 36),
(955, 43),
(1001, 41),
(1002, 41),
(1002, 51),
(1003, 36),
(1004, 39),
(1005, 38),
(1006, 41),
(1007, 41),
(1008, 41),
(1010, 41),
(1010, 57),
(1011, 39),
(1012, 39),
(1013, 41),
(1013, 44),
(1014, 41),
(1015, 41),
(1016, 41),
(1017, 42),
(1018, 41),
(1019, 41),
(1019, 48),
(1020, 36),
(1021, 41),
(1052, 41),
(1053, 38),
(1054, 41),
(1054, 44),
(1055, 41),
(1055, 56),
(1056, 41),
(1056, 44),
(1057, 39),
(1057, 55),
(1058, 41),
(1058, 44),
(1059, 38),
(1059, 54),
(1060, 41),
(1060, 44),
(1061, 38),
(1062, 38),
(1062, 43),
(1063, 41),
(1065, 42),
(1066, 38),
(1067, 38),
(1068, 36),
(1069, 36),
(1070, 38),
(1071, 36),
(1072, 41),
(1073, 41),
(1074, 41),
(1075, 41),
(1076, 41),
(1078, 38),
(1079, 42),
(1081, 39),
(1082, 39),
(1083, 41),
(1083, 44),
(1085, 42),
(1086, 38),
(1087, 39),
(1088, 41),
(1088, 44),
(1095, 38),
(1096, 38),
(1097, 38),
(1098, 38),
(1099, 38),
(1100, 41),
(1101, 41),
(1102, 38),
(1103, 38),
(1104, 41),
(1105, 38),
(1106, 36),
(1107, 39),
(1108, 36),
(1109, 36),
(1110, 38),
(1111, 41),
(1112, 38),
(1113, 41),
(1114, 38),
(1115, 38),
(1116, 39),
(1117, 38),
(1118, 38),
(1119, 38),
(1120, 41),
(1120, 44),
(1121, 41),
(1121, 44),
(1122, 39),
(1123, 41),
(1123, 44),
(1124, 36),
(1125, 36),
(1125, 44),
(1126, 38),
(1127, 39),
(1128, 39),
(1129, 41),
(1130, 41),
(1131, 41),
(1132, 41),
(1133, 41),
(1133, 51),
(1134, 41),
(1135, 41),
(1136, 41),
(1137, 41),
(1138, 41),
(1138, 51),
(1139, 39),
(1140, 38),
(1141, 36),
(1142, 39),
(1143, 39),
(1144, 41),
(1145, 41),
(1145, 44),
(1146, 41),
(1147, 38),
(1148, 38),
(1149, 41),
(1150, 41),
(1150, 51),
(1151, 41),
(1151, 51),
(1152, 39),
(1153, 39),
(1154, 38),
(1155, 38),
(1156, 38),
(1157, 38),
(1158, 41),
(1158, 52),
(1159, 39),
(1160, 39),
(1161, 38),
(1162, 41),
(1163, 42),
(1164, 42),
(1165, 38),
(1166, 41),
(1167, 41),
(1167, 44),
(1168, 39),
(1168, 44),
(1169, 39),
(1169, 44),
(1170, 36),
(1171, 38),
(1172, 41),
(1173, 41),
(1174, 38),
(1175, 38),
(1176, 39),
(1177, 38),
(1177, 44),
(1178, 39),
(1178, 44),
(1179, 38),
(1180, 44),
(1181, 41),
(1182, 38),
(1183, 36),
(1184, 36),
(1185, 39),
(1186, 38),
(1187, 39),
(1188, 39),
(1189, 41),
(1190, 39),
(1191, 42),
(1191, 44),
(1192, 41),
(1193, 39),
(1194, 36),
(1195, 41),
(1196, 41),
(1197, 38),
(1198, 42),
(1199, 42),
(1200, 36),
(1201, 41),
(1202, 41),
(1203, 36),
(1204, 38),
(1205, 39),
(1206, 39),
(1207, 40),
(1208, 41),
(1209, 41),
(1210, 38),
(1211, 38),
(1212, 38),
(1213, 39),
(1214, 38),
(1215, 36),
(1216, 41),
(1217, 39),
(1218, 39),
(1219, 41),
(1220, 38),
(1221, 38),
(1222, 38),
(1223, 38),
(1224, 41),
(1225, 41),
(1226, 41),
(1227, 41),
(1228, 41),
(1229, 41),
(1230, 41),
(1231, 41),
(1232, 36),
(1233, 36),
(1234, 38),
(1235, 39),
(1236, 41),
(1237, 40),
(1238, 41),
(1239, 41),
(1240, 39),
(1240, 62),
(1241, 41),
(1241, 45),
(1242, 38),
(1242, 51),
(1243, 41),
(1243, 45),
(1244, 38),
(1244, 44),
(1245, 41),
(1245, 51),
(1246, 39),
(1246, 52),
(1247, 38),
(1248, 41),
(1248, 43),
(1249, 41),
(1249, 43),
(1250, 41),
(1250, 43),
(1251, 41),
(1252, 41),
(1253, 41),
(1253, 44),
(1253, 45),
(1254, 41),
(1254, 44),
(1255, 38),
(1255, 44),
(1256, 39),
(1256, 44),
(1257, 36),
(1257, 44),
(1258, 42),
(1259, 36),
(1259, 44),
(1260, 36),
(1260, 44),
(1261, 42),
(1262, 38),
(1263, 38),
(1263, 44),
(1264, 38),
(1265, 41),
(1265, 43),
(1266, 39),
(1267, 41),
(1268, 42),
(1268, 44),
(1269, 39),
(1269, 44),
(1270, 39),
(1271, 41),
(1272, 38),
(1273, 41),
(1274, 38),
(1275, 38),
(1276, 38),
(1277, 38),
(1278, 39),
(1279, 41),
(1280, 41),
(1281, 38),
(1282, 38),
(1283, 38),
(1284, 41),
(1285, 41),
(1285, 44),
(1286, 41),
(1286, 44),
(1287, 41),
(1288, 41),
(1288, 51),
(1289, 41),
(1290, 41),
(1291, 40),
(1292, 38),
(1293, 55),
(1294, 36),
(1294, 56),
(1295, 41),
(1295, 51),
(1296, 38),
(1297, 38),
(1298, 41),
(1299, 41),
(1300, 38),
(1300, 53),
(1301, 38),
(1302, 38),
(1302, 57),
(1303, 38),
(1304, 38),
(1305, 39),
(1306, 36),
(1307, 36),
(1308, 38),
(1309, 38),
(1310, 38),
(1311, 38),
(1312, 38),
(1313, 36),
(1313, 43),
(1314, 38),
(1315, 36),
(1316, 36),
(1317, 41),
(1318, 41),
(1319, 41),
(1320, 41),
(1321, 41),
(1322, 41),
(1322, 52),
(1323, 41),
(1324, 41),
(1325, 41),
(1326, 41),
(1327, 40),
(1328, 38),
(1329, 41),
(1329, 51),
(1330, 41),
(1330, 51),
(1331, 41),
(1331, 51),
(1332, 41),
(1333, 38),
(1333, 57),
(1334, 39),
(1335, 39),
(1336, 38),
(1337, 39),
(1338, 41),
(1339, 39),
(1340, 36),
(1341, 43),
(1342, 38),
(1343, 38),
(1344, 38),
(1345, 38),
(1346, 38),
(1347, 38),
(1348, 41),
(1348, 45),
(1349, 38),
(1350, 41),
(1351, 41),
(1352, 36),
(1352, 45),
(1353, 36),
(1354, 41),
(1354, 44),
(1355, 41),
(1355, 45),
(1356, 41),
(1356, 45),
(1357, 41),
(1357, 45),
(1358, 41),
(1358, 44),
(1359, 39),
(1360, 39),
(1361, 36),
(1362, 36),
(1362, 51),
(1363, 41),
(1364, 40),
(1365, 40),
(1366, 38),
(1367, 41),
(1368, 42),
(1369, 36),
(1370, 36),
(1371, 36),
(1372, 36),
(1373, 38),
(1374, 36),
(1375, 36),
(1375, 45),
(1376, 36),
(1377, 38),
(1378, 38),
(1379, 38),
(1380, 38),
(1381, 41),
(1381, 44),
(1382, 41),
(1383, 41),
(1384, 41),
(1385, 47),
(1386, 41),
(1387, 41),
(1388, 41),
(1389, 41),
(1390, 40),
(1391, 41),
(1391, 51),
(1392, 41),
(1392, 51),
(1393, 37),
(1393, 43),
(1394, 41),
(1395, 41),
(1396, 38),
(1397, 41),
(1398, 36),
(1399, 41),
(1400, 41),
(1401, 38),
(1402, 40),
(1403, 41),
(1404, 38),
(1405, 39),
(1406, 39),
(1407, 39),
(1408, 38),
(1408, 52),
(1409, 41),
(1410, 38),
(1411, 41),
(1412, 41),
(1413, 41),
(1414, 41),
(1415, 36),
(1416, 41),
(1417, 43),
(1418, 38),
(1419, 38),
(1419, 51),
(1420, 38),
(1421, 39),
(1421, 44),
(1422, 36),
(1422, 44),
(1423, 62),
(1424, 38),
(1424, 45),
(1425, 38),
(1425, 52),
(1426, 41),
(1427, 38),
(1427, 44),
(1428, 41),
(1429, 41),
(1430, 40),
(1431, 38),
(1432, 38),
(1433, 41),
(1434, 38),
(1435, 38),
(1436, 42),
(1436, 44),
(1437, 42),
(1437, 56),
(1438, 42),
(1439, 57),
(1440, 36),
(1441, 36),
(1442, 41),
(1443, 41),
(1444, 41),
(1445, 41),
(1446, 41),
(1447, 41),
(1448, 41),
(1449, 41),
(1450, 39),
(1450, 44),
(1450, 45),
(1451, 38),
(1452, 41),
(1453, 38),
(1454, 39),
(1455, 39),
(1456, 38),
(1457, 38),
(1458, 38),
(1459, 38),
(1460, 41),
(1460, 49),
(1461, 41),
(1462, 41),
(1462, 47),
(1463, 41),
(1463, 56),
(1464, 38),
(1465, 41),
(1465, 57),
(1466, 39),
(1466, 44),
(1466, 45),
(1467, 38),
(1467, 43),
(1468, 41),
(1469, 38),
(1470, 38),
(1471, 39),
(1472, 38),
(1473, 42),
(1474, 38),
(1475, 39),
(1476, 39),
(1477, 39),
(1478, 39),
(1479, 38),
(1480, 38),
(1481, 38),
(1481, 53),
(1482, 40),
(1483, 41),
(1484, 42),
(1485, 42),
(1486, 42),
(1487, 41),
(1488, 42),
(1489, 42),
(1490, 41),
(1490, 44),
(1491, 38),
(1492, 42),
(1493, 41),
(1494, 41),
(1495, 41),
(1496, 41),
(1497, 41),
(1498, 41),
(1499, 41),
(1500, 38),
(1501, 41),
(1502, 42),
(1503, 41),
(1504, 45),
(1505, 38),
(1506, 38),
(1507, 38),
(1508, 38),
(1508, 44),
(1509, 38),
(1510, 38),
(1511, 38),
(1511, 44),
(1512, 38),
(1512, 44),
(1513, 38),
(1513, 44),
(1514, 36),
(1514, 44),
(1515, 41),
(1515, 44),
(1516, 41),
(1516, 44),
(1517, 41),
(1517, 44),
(1518, 41),
(1519, 38),
(1519, 44),
(1520, 36),
(1521, 38),
(1521, 44),
(1522, 36),
(1522, 44),
(1523, 41),
(1524, 41),
(1525, 41),
(1526, 41),
(1527, 41),
(1528, 41),
(1529, 41),
(1530, 41),
(1531, 41),
(1532, 41),
(1533, 40),
(1534, 39),
(1535, 41),
(1536, 40),
(1537, 41),
(1538, 39),
(1539, 39),
(1539, 44),
(1540, 41),
(1541, 38),
(1542, 39),
(1543, 39),
(1544, 41),
(1545, 38),
(1546, 41),
(1547, 39),
(1548, 41),
(1549, 36),
(1549, 44),
(1550, 36),
(1551, 38),
(1552, 36),
(1553, 38),
(1554, 36),
(1555, 38),
(1556, 38),
(1557, 36),
(1558, 36),
(1559, 36),
(1560, 36),
(1561, 36),
(1562, 38),
(1563, 38),
(1564, 38),
(1565, 38),
(1566, 41),
(1567, 41),
(1568, 38),
(1569, 40),
(1570, 42),
(1571, 41),
(1572, 42),
(1573, 40),
(1574, 38),
(1575, 38),
(1576, 39),
(1576, 44),
(1577, 41),
(1578, 38),
(1578, 43),
(1579, 41),
(1580, 41),
(1580, 43),
(1581, 36),
(1581, 44),
(1582, 36),
(1583, 38),
(1584, 36),
(1585, 38),
(1586, 36),
(1587, 36),
(1588, 36),
(1588, 43),
(1589, 38),
(1589, 44),
(1590, 38),
(1591, 41),
(1592, 38),
(1593, 39),
(1594, 38),
(1595, 41),
(1595, 63),
(1596, 39),
(1597, 38),
(1598, 37),
(1599, 41),
(1600, 38),
(1601, 39),
(1602, 41),
(1602, 63),
(1603, 41),
(1603, 63),
(1604, 42),
(1604, 51),
(1605, 41),
(1606, 42),
(1606, 63),
(1607, 41),
(1608, 42),
(1608, 44),
(1609, 41),
(1610, 39),
(1611, 36),
(1612, 40),
(1613, 36),
(1614, 41),
(1614, 63),
(1615, 41),
(1615, 63),
(1616, 41),
(1617, 41),
(1618, 41),
(1619, 39),
(1620, 39),
(1621, 41),
(1621, 63),
(1622, 41),
(1623, 41),
(1623, 63),
(1624, 42),
(1625, 41),
(1626, 38),
(1626, 45),
(1627, 42),
(1627, 63),
(1628, 38),
(1628, 43),
(1628, 45),
(1629, 36),
(1630, 36),
(1631, 38),
(1632, 38),
(1633, 38),
(1634, 41),
(1634, 63),
(1635, 41),
(1636, 41),
(1636, 51),
(1637, 41),
(1637, 63),
(1638, 41),
(1638, 44),
(1639, 36),
(1639, 49),
(1640, 41),
(1641, 41),
(1641, 44),
(1642, 36),
(1643, 36),
(1644, 41),
(1644, 44),
(1645, 39),
(1646, 39),
(1647, 40),
(1648, 36),
(1649, 38),
(1650, 38),
(1651, 38),
(1652, 38),
(1653, 38),
(1654, 38),
(1655, 41),
(1655, 63),
(1656, 41),
(1657, 38),
(1658, 41),
(1659, 45),
(1660, 38),
(1661, 38),
(1662, 43),
(1664, 41),
(1665, 38),
(1666, 38),
(1667, 38),
(1668, 38),
(1669, 38),
(1670, 42),
(1670, 45),
(1671, 42),
(1671, 44),
(1672, 42),
(1673, 42),
(1674, 42),
(1674, 56),
(1675, 41),
(1676, 41),
(1676, 51),
(1678, 41),
(1679, 41),
(1680, 41),
(1680, 44),
(1681, 36),
(1682, 36),
(1682, 44),
(1683, 36),
(1683, 44),
(1684, 36),
(1684, 44),
(1685, 36),
(1685, 44),
(1686, 36),
(1686, 44),
(1687, 41),
(1688, 38),
(1689, 39),
(1690, 41),
(1691, 41),
(1692, 41),
(1693, 39),
(1694, 36),
(1695, 36),
(1696, 38),
(1697, 38),
(1698, 38),
(1699, 62),
(1700, 41),
(1700, 51),
(1700, 63),
(1701, 41),
(1701, 43),
(1702, 41),
(1702, 63),
(1703, 41),
(1703, 44),
(1704, 41),
(1705, 41),
(1705, 52),
(1706, 46),
(1707, 39),
(1708, 39),
(1709, 36),
(1710, 41),
(1711, 39),
(1712, 46),
(1713, 41),
(1713, 51),
(1713, 63),
(1714, 38),
(1715, 42),
(1715, 63),
(1716, 38),
(1717, 59),
(1718, 38),
(1719, 38),
(1720, 38),
(1721, 38),
(1722, 40),
(1723, 40),
(1724, 41),
(1725, 41),
(1725, 63),
(1726, 41),
(1726, 63),
(1727, 46),
(1728, 40),
(1729, 41),
(1730, 38),
(1731, 41),
(1731, 44),
(1732, 41),
(1733, 41),
(1734, 41),
(1734, 63),
(1735, 41),
(1735, 51),
(1736, 38),
(1737, 54),
(1738, 54),
(1739, 54),
(1740, 38),
(1741, 54),
(1742, 41),
(1743, 54),
(1744, 54),
(1745, 54),
(1746, 38),
(1746, 63),
(1747, 54),
(1748, 38),
(1749, 41),
(1750, 38),
(1751, 41),
(1751, 51),
(1752, 38),
(1753, 41),
(1754, 39),
(1755, 38),
(1756, 38),
(1757, 38),
(1758, 41),
(1759, 41),
(1759, 51),
(1760, 41),
(1760, 63),
(1761, 41),
(1762, 41),
(1763, 58),
(1764, 36),
(1765, 36),
(1766, 42),
(1767, 36),
(1767, 44),
(1768, 42),
(1769, 60),
(1770, 39),
(1770, 45),
(1771, 39),
(1772, 39),
(1772, 51),
(1773, 41),
(1773, 46),
(1774, 36),
(1775, 38),
(1775, 63),
(1776, 41),
(1776, 51),
(1777, 39),
(1778, 41),
(1778, 63),
(1779, 41),
(1779, 43),
(1780, 38),
(1781, 41),
(1781, 43),
(1782, 39),
(1782, 44),
(1783, 38),
(1783, 63),
(1784, 41),
(1784, 45),
(1785, 42),
(1785, 44),
(1786, 41),
(1786, 63),
(1787, 38),
(1788, 41),
(1788, 44),
(1789, 41),
(1789, 44),
(1789, 45),
(1789, 62),
(1790, 36),
(1791, 36),
(1791, 44),
(1792, 36),
(1793, 36),
(1794, 36),
(1795, 36),
(1796, 49),
(1797, 43),
(1798, 38),
(1799, 41),
(1800, 37),
(1800, 44),
(1800, 45),
(1801, 41),
(1801, 63),
(1802, 39),
(1802, 44),
(1803, 41),
(1804, 39),
(1805, 44),
(1805, 45),
(1806, 39),
(1806, 44),
(1806, 45),
(1807, 39),
(1807, 51),
(1808, 36),
(1808, 44),
(1809, 38),
(1810, 38),
(1811, 38),
(1811, 51),
(1812, 39),
(1813, 41),
(1814, 44),
(1814, 45),
(1815, 41),
(1816, 39),
(1816, 63),
(1817, 41),
(1817, 44),
(1818, 39),
(1818, 44),
(1820, 39),
(1820, 51),
(1821, 39),
(1821, 44),
(1822, 36),
(1823, 41),
(1823, 44),
(1823, 45),
(1824, 39),
(1824, 44),
(1825, 39),
(1825, 44),
(1825, 45),
(1826, 41),
(1826, 43),
(1827, 38),
(1827, 44),
(1828, 39),
(1828, 51),
(1829, 39),
(1829, 45),
(1831, 36),
(1832, 46),
(1833, 38),
(1834, 38),
(1835, 38),
(1835, 51),
(1836, 41),
(1837, 41),
(1838, 41),
(1838, 63),
(1839, 39),
(1839, 43),
(1840, 38),
(1840, 51),
(1841, 38),
(1841, 51),
(1842, 39),
(1842, 43),
(1843, 39),
(1843, 43),
(1844, 38),
(1844, 63),
(1845, 39),
(1845, 51),
(1846, 39),
(1846, 51),
(1847, 42),
(1847, 43),
(1848, 41),
(1848, 51),
(1849, 41),
(1849, 43),
(1849, 44),
(1850, 41),
(1850, 43),
(1851, 39),
(1852, 37),
(1853, 39),
(1854, 39),
(1855, 39),
(1856, 36),
(1857, 36),
(1858, 36),
(1859, 36),
(1860, 36),
(1861, 36),
(1862, 36),
(1863, 38),
(1864, 38),
(1864, 43),
(1865, 38),
(1866, 38),
(1867, 38),
(1868, 38),
(1869, 41),
(1870, 39),
(1871, 42),
(1872, 42),
(1873, 42),
(1874, 42),
(1875, 42),
(1876, 38),
(1877, 38),
(1878, 39),
(1879, 38),
(1882, 41),
(1883, 41),
(1884, 43),
(1885, 42),
(1886, 41),
(1887, 41),
(1887, 43),
(1888, 41),
(1888, 43),
(1889, 41),
(1889, 51),
(1890, 41),
(1890, 63),
(1891, 46),
(1892, 41),
(1892, 51),
(1893, 41),
(1893, 63),
(1894, 41),
(1894, 63),
(1895, 41),
(1895, 51),
(1896, 41),
(1897, 41),
(1898, 39),
(1899, 39),
(1900, 39),
(1901, 39),
(1902, 39),
(1903, 39),
(1904, 39),
(1905, 36),
(1906, 36),
(1907, 36),
(1908, 38),
(1909, 38),
(1910, 38),
(1911, 38),
(1912, 39),
(1913, 39),
(1914, 41),
(1915, 36),
(1916, 41),
(1917, 42),
(1918, 38),
(1919, 45),
(1920, 41),
(1921, 41),
(1922, 41),
(1922, 63),
(1923, 41),
(1924, 38),
(1925, 39),
(1926, 39),
(1926, 44),
(1926, 45),
(1927, 39),
(1927, 44),
(1927, 45),
(1928, 39),
(1928, 44),
(1928, 45),
(1929, 39),
(1930, 41),
(1930, 63),
(1931, 38),
(1932, 38),
(1933, 36),
(1934, 38),
(1934, 54),
(1935, 41),
(1935, 63),
(1936, 39),
(1936, 43),
(1937, 36),
(1938, 38),
(1939, 41),
(1939, 63),
(1940, 38),
(1941, 38),
(1942, 39),
(1943, 42),
(1944, 39),
(1945, 41),
(1945, 51),
(1946, 38),
(1946, 43),
(1947, 41),
(1947, 51),
(1948, 38),
(1948, 63),
(1949, 41),
(1949, 63),
(1950, 41),
(1950, 51),
(1951, 39),
(1952, 38),
(1952, 56),
(1953, 41),
(1953, 63),
(1954, 41),
(1954, 51),
(1956, 41),
(1957, 38),
(1958, 37),
(1959, 42),
(1959, 43),
(1960, 41),
(1960, 63),
(1961, 42),
(1962, 39),
(1963, 39),
(1963, 45),
(1964, 38),
(1964, 63),
(1965, 39),
(1966, 38),
(1966, 63),
(1968, 38),
(1969, 41),
(1969, 63),
(1970, 38),
(1971, 41),
(1971, 45),
(1972, 41),
(1972, 44),
(1973, 41),
(1973, 43),
(1974, 41),
(1974, 52),
(1975, 41),
(1976, 37),
(1976, 39),
(1976, 51),
(1977, 39),
(1978, 39),
(1979, 36),
(1980, 36),
(1981, 36),
(1982, 38),
(1983, 38),
(1984, 38),
(1984, 63),
(1985, 38),
(1986, 41),
(1987, 40),
(1988, 39),
(1989, 42),
(1990, 36),
(1991, 39),
(1991, 44),
(1992, 42),
(1993, 41),
(1993, 63),
(1994, 36),
(1995, 41),
(1995, 63),
(1996, 46),
(1996, 56),
(1997, 41),
(1998, 41),
(1998, 63),
(1999, 39),
(1999, 63),
(2000, 41),
(2001, 38),
(2001, 63),
(2002, 36),
(2002, 54),
(2003, 41),
(2003, 44),
(2004, 42),
(2004, 51),
(2005, 41),
(2005, 44),
(2006, 36),
(2007, 36),
(2007, 63),
(2008, 36),
(2009, 36),
(2010, 36),
(2011, 36),
(2011, 51),
(2012, 36),
(2012, 43),
(2013, 36),
(2014, 36),
(2015, 36),
(2016, 36),
(2017, 36),
(2018, 41),
(2018, 63),
(2019, 41),
(2019, 44),
(2020, 39),
(2020, 44),
(2021, 41),
(2022, 41),
(2022, 44),
(2023, 41),
(2023, 44),
(2024, 41),
(2024, 51),
(2025, 39),
(2026, 39),
(2027, 36),
(2028, 38),
(2029, 38),
(2030, 38),
(2031, 42),
(2032, 38),
(2033, 38),
(2033, 43),
(2034, 42),
(2035, 38),
(2035, 43),
(2036, 42),
(2037, 39),
(2037, 63),
(2038, 38),
(2039, 42),
(2039, 51),
(2040, 42),
(2041, 39),
(2041, 63),
(2042, 39),
(2042, 44),
(2043, 39),
(2043, 44),
(2044, 39),
(2044, 63),
(2045, 40),
(2046, 41),
(2047, 41),
(2048, 40),
(2049, 38),
(2049, 43),
(2050, 36),
(2051, 39),
(2052, 36),
(2053, 36),
(2054, 41),
(2055, 41),
(2055, 44),
(2056, 41),
(2056, 51),
(2057, 40),
(2057, 51),
(2058, 41),
(2058, 43),
(2059, 41),
(2059, 44),
(2060, 38),
(2061, 45),
(2061, 61),
(2062, 42),
(2062, 44),
(2063, 41),
(2064, 41),
(2065, 39),
(2066, 39),
(2066, 51),
(2067, 38),
(2067, 51),
(2068, 41),
(2068, 63),
(2069, 41),
(2070, 41),
(2070, 56),
(2071, 41),
(2071, 63),
(2072, 41),
(2072, 63),
(2073, 41),
(2074, 41),
(2074, 48),
(2075, 41),
(2075, 44),
(2076, 41),
(2077, 38),
(2078, 38),
(2079, 38),
(2080, 38),
(2081, 38),
(2082, 38),
(2083, 36),
(2084, 38),
(2085, 44),
(2085, 45),
(2085, 63),
(2086, 38),
(2086, 63),
(2087, 39),
(2087, 63),
(2088, 41),
(2088, 63),
(2089, 38),
(2089, 51),
(2090, 41),
(2090, 51),
(2091, 38),
(2091, 51),
(2092, 39),
(2092, 44),
(2093, 41),
(2093, 45),
(2093, 63),
(2094, 41),
(2094, 44),
(2095, 38),
(2095, 51),
(2096, 41),
(2096, 63),
(2097, 39),
(2097, 43),
(2098, 39),
(2098, 48),
(2099, 41),
(2099, 63),
(2100, 38),
(2101, 38),
(2102, 38),
(2103, 38),
(2104, 38),
(2105, 41),
(2105, 63),
(2106, 41),
(2107, 41),
(2108, 41),
(2109, 41),
(2109, 44),
(2110, 41),
(2111, 41),
(2112, 41),
(2113, 36),
(2114, 36),
(2115, 36),
(2116, 36),
(2117, 36),
(2118, 41),
(2119, 39),
(2120, 39),
(2121, 43),
(2122, 42),
(2123, 42),
(2124, 39),
(2125, 41),
(2125, 63),
(2126, 39),
(2127, 38),
(2128, 41),
(2129, 38),
(2130, 38),
(2131, 41),
(2132, 38),
(2133, 38),
(2134, 38),
(2135, 42),
(2136, 38),
(2137, 38),
(2138, 41),
(2138, 51),
(2139, 41),
(2139, 44),
(2140, 38),
(2140, 63),
(2141, 38),
(2141, 44),
(2141, 55),
(2142, 39),
(2143, 41),
(2143, 43),
(2143, 45),
(2144, 38),
(2145, 38),
(2146, 38),
(2147, 38),
(2148, 38),
(2149, 38),
(2150, 38),
(2151, 37),
(2152, 39),
(2153, 44),
(2154, 39),
(2155, 38),
(2156, 38),
(2157, 41),
(2158, 38),
(2159, 38),
(2160, 38),
(2161, 38),
(2162, 40),
(2162, 51),
(2163, 38),
(2164, 38),
(2165, 39),
(2165, 43),
(2166, 38),
(2166, 43),
(2167, 38),
(2167, 63),
(2168, 38),
(2168, 63),
(2169, 38),
(2169, 51),
(2170, 41),
(2170, 44),
(2170, 45),
(2171, 38),
(2171, 45),
(2171, 52),
(2172, 36),
(2172, 44),
(2173, 39),
(2173, 43),
(2174, 38),
(2174, 51),
(2175, 38),
(2175, 44),
(2176, 39),
(2176, 44),
(2177, 38),
(2177, 63),
(2178, 39),
(2178, 63),
(2179, 36),
(2179, 63),
(2180, 39),
(2181, 37),
(2182, 39),
(2182, 41),
(2182, 63),
(2183, 39),
(2185, 41),
(2185, 51),
(2186, 41),
(2186, 52),
(2187, 41),
(2187, 63),
(2188, 38),
(2189, 41),
(2190, 39),
(2190, 44),
(2191, 39),
(2191, 44),
(2192, 39),
(2192, 44),
(2193, 41),
(2193, 57),
(2194, 38),
(2194, 51),
(2195, 38),
(2196, 38),
(2197, 38),
(2197, 51),
(2198, 38),
(2199, 38),
(2200, 36),
(2201, 36),
(2202, 36),
(2202, 44),
(2203, 55),
(2204, 41),
(2204, 63),
(2205, 41),
(2206, 41),
(2207, 41),
(2207, 44),
(2208, 41),
(2208, 43),
(2209, 41),
(2209, 63),
(2210, 41),
(2211, 41),
(2211, 63),
(2212, 41),
(2213, 53),
(2214, 39),
(2214, 54),
(2215, 38),
(2217, 38),
(2217, 43),
(2218, 39),
(2219, 39),
(2219, 43),
(2220, 45),
(2221, 45),
(2222, 41),
(2222, 63),
(2223, 38),
(2223, 43),
(2224, 38),
(2225, 38),
(2225, 51),
(2226, 38),
(2227, 38),
(2228, 41),
(2228, 57),
(2229, 41),
(2229, 57),
(2231, 41),
(2231, 63),
(2232, 41),
(2232, 51),
(2233, 41),
(2233, 51),
(2234, 41),
(2234, 43),
(2235, 41),
(2236, 42),
(2237, 42),
(2238, 42),
(2238, 44),
(2239, 36),
(2239, 44),
(2240, 36),
(2241, 38),
(2241, 43),
(2242, 53),
(2243, 53),
(2244, 39),
(2244, 56),
(2245, 45),
(2246, 45),
(2247, 45),
(2248, 39),
(2248, 63),
(2249, 39),
(2250, 42),
(2251, 38),
(2251, 47),
(2252, 38),
(2253, 39),
(2254, 39),
(2254, 63),
(2255, 39),
(2255, 51),
(2256, 38),
(2256, 51),
(2257, 58),
(2258, 60),
(2259, 45),
(2260, 41),
(2260, 57),
(2261, 41),
(2261, 51),
(2261, 63),
(2262, 41),
(2262, 63),
(2263, 41),
(2264, 38),
(2265, 38),
(2266, 38),
(2267, 41),
(2268, 38),
(2269, 41),
(2269, 51),
(2270, 41),
(2270, 48),
(2271, 41),
(2272, 42),
(2273, 42),
(2273, 51),
(2274, 42),
(2275, 42),
(2276, 39),
(2276, 63),
(2277, 36),
(2277, 44),
(2278, 39),
(2278, 63),
(2279, 41),
(2279, 57),
(2280, 41),
(2280, 63),
(2281, 39),
(2282, 45),
(2282, 57),
(2283, 46),
(2283, 57),
(2284, 38),
(2285, 39),
(2285, 44),
(2286, 38),
(2286, 51),
(2287, 36),
(2287, 48),
(2287, 51),
(2288, 36),
(2289, 36),
(2290, 36),
(2290, 43),
(2291, 36),
(2292, 36),
(2292, 47),
(2293, 36),
(2294, 38),
(2295, 38),
(2296, 38),
(2297, 38),
(2298, 38),
(2299, 38),
(2300, 36),
(2300, 51),
(2301, 36),
(2302, 48),
(2302, 55),
(2303, 41),
(2304, 41),
(2304, 51),
(2305, 41),
(2306, 41),
(2307, 41),
(2308, 41),
(2308, 63),
(2309, 41),
(2309, 51),
(2310, 41),
(2310, 63),
(2311, 41),
(2311, 63),
(2312, 41),
(2312, 63),
(2313, 38),
(2313, 43),
(2314, 39),
(2314, 51),
(2315, 41),
(2316, 41),
(2316, 63),
(2317, 41),
(2318, 38),
(2319, 38),
(2320, 38),
(2321, 38),
(2322, 38),
(2323, 41),
(2324, 41),
(2325, 41),
(2326, 41),
(2326, 63),
(2327, 41),
(2327, 63),
(2328, 41),
(2328, 43),
(2329, 41),
(2330, 41),
(2331, 41),
(2331, 63),
(2332, 41),
(2332, 44),
(2333, 41),
(2333, 63),
(2334, 36),
(2335, 38),
(2336, 41),
(2336, 63),
(2337, 38),
(2337, 43),
(2338, 41),
(2338, 63),
(2339, 45),
(2340, 41),
(2340, 63),
(2341, 41),
(2341, 63),
(2342, 41),
(2343, 38),
(2343, 51),
(2344, 39),
(2345, 38),
(2345, 63),
(2346, 38),
(2347, 38),
(2348, 41),
(2348, 63),
(2349, 41),
(2349, 63),
(2350, 39),
(2351, 39),
(2352, 39),
(2353, 39),
(2354, 39),
(2355, 39),
(2356, 44),
(2356, 45),
(2357, 39),
(2358, 38),
(2359, 38),
(2360, 38),
(2361, 36),
(2361, 63),
(2362, 36),
(2362, 43),
(2363, 36),
(2363, 63),
(2364, 36),
(2364, 44),
(2365, 36),
(2365, 44),
(2366, 36),
(2366, 44),
(2367, 36),
(2367, 63),
(2368, 41),
(2369, 36),
(2370, 41),
(2371, 41),
(2372, 41),
(2372, 63),
(2373, 41),
(2374, 41),
(2375, 41),
(2376, 41),
(2377, 41),
(2378, 41),
(2378, 63),
(2379, 43),
(2379, 50),
(2380, 37),
(2381, 37),
(2381, 63),
(2382, 37),
(2382, 43),
(2383, 38),
(2384, 38),
(2385, 41),
(2386, 38),
(2387, 39),
(2388, 41),
(2388, 63),
(2389, 36),
(2390, 36),
(2390, 63),
(2391, 36),
(2392, 38),
(2392, 44),
(2393, 41),
(2394, 41),
(2395, 41),
(2396, 41),
(2397, 41),
(2398, 41),
(2398, 63),
(2399, 41),
(2399, 63),
(2400, 41),
(2400, 56),
(2401, 41),
(2401, 63),
(2402, 42),
(2402, 63),
(2403, 42),
(2404, 42),
(2405, 42),
(2406, 36),
(2406, 47),
(2407, 39),
(2407, 63),
(2408, 40),
(2408, 63),
(2409, 39),
(2409, 44),
(2410, 38),
(2411, 39),
(2412, 39),
(2412, 43),
(2413, 41),
(2413, 45),
(2414, 41),
(2414, 44),
(2415, 36),
(2416, 41),
(2416, 43),
(2417, 36),
(2417, 44),
(2418, 36),
(2419, 36),
(2419, 63),
(2420, 42),
(2421, 42),
(2422, 39),
(2422, 45),
(2423, 38),
(2423, 43),
(2424, 45),
(2425, 36),
(2425, 43),
(2425, 54),
(2426, 36),
(2426, 44),
(2427, 36),
(2427, 43),
(2427, 54),
(2428, 36),
(2428, 47),
(2428, 54),
(2429, 36),
(2430, 36),
(2431, 36),
(2432, 41),
(2432, 43),
(2433, 41),
(2434, 41),
(2435, 41),
(2436, 41),
(2437, 41),
(2437, 63),
(2438, 41),
(2439, 41),
(2439, 63),
(2440, 41),
(2440, 63),
(2441, 41),
(2441, 63),
(2442, 36),
(2443, 38),
(2444, 38),
(2445, 38),
(2446, 38),
(2447, 38),
(2448, 38),
(2449, 38),
(2450, 38),
(2451, 38),
(2452, 38),
(2453, 36),
(2453, 51),
(2454, 36),
(2454, 43),
(2455, 36),
(2455, 44),
(2456, 39),
(2456, 62),
(2457, 36),
(2457, 44),
(2458, 41),
(2458, 43),
(2459, 36),
(2459, 43),
(2460, 41),
(2461, 39),
(2461, 51),
(2462, 39),
(2463, 41),
(2464, 41),
(2465, 39),
(2465, 62),
(2466, 41),
(2466, 51),
(2467, 41),
(2468, 41),
(2469, 41),
(2469, 63),
(2470, 41),
(2470, 63),
(2471, 39),
(2471, 45),
(2471, 62),
(2472, 39),
(2472, 62),
(2473, 39),
(2473, 62),
(2474, 39),
(2474, 62),
(2475, 40),
(2476, 38),
(2477, 41),
(2478, 38),
(2479, 38),
(2480, 38),
(2481, 41),
(2482, 41),
(2483, 41),
(2484, 41),
(2484, 63),
(2485, 41),
(2485, 44),
(2486, 41),
(2486, 44),
(2487, 39),
(2487, 43),
(2488, 38),
(2488, 63),
(2489, 36),
(2490, 36),
(2490, 43),
(2491, 42),
(2491, 43),
(2492, 38),
(2493, 36),
(2493, 43),
(2494, 38),
(2494, 51),
(2495, 41),
(2495, 45),
(2496, 41),
(2497, 39),
(2497, 51),
(2498, 38),
(2499, 38),
(2500, 38),
(2501, 38),
(2502, 38),
(2503, 41),
(2503, 44),
(2504, 41),
(2504, 44),
(2505, 38),
(2506, 41),
(2506, 44),
(2507, 41),
(2507, 63),
(2508, 41),
(2508, 44),
(2509, 41),
(2509, 51),
(2510, 41),
(2510, 63),
(2511, 41),
(2511, 51),
(2512, 38),
(2513, 38),
(2514, 38),
(2515, 38),
(2516, 36),
(2516, 63),
(2517, 55),
(2518, 39),
(2518, 51),
(2519, 41),
(2519, 51),
(2519, 62),
(2520, 39),
(2521, 39),
(2521, 44),
(2522, 37),
(2522, 63),
(2523, 40),
(2523, 63),
(2524, 39),
(2525, 41),
(2525, 52),
(2526, 41),
(2526, 57),
(2527, 41),
(2527, 63),
(2528, 41),
(2528, 55),
(2529, 41),
(2530, 36),
(2530, 41),
(2530, 63),
(2531, 41),
(2531, 63),
(2532, 39),
(2533, 38),
(2534, 42),
(2534, 43),
(2535, 42),
(2535, 43),
(2536, 45),
(2536, 47),
(2537, 38),
(2538, 39),
(2538, 63),
(2539, 41),
(2539, 51),
(2539, 62),
(2540, 35),
(2540, 41),
(2540, 44),
(2541, 38),
(2542, 38),
(2543, 38),
(2544, 38),
(2545, 38),
(2546, 38),
(2547, 41),
(2547, 52),
(2548, 41),
(2548, 51),
(2549, 41),
(2550, 41),
(2551, 41),
(2551, 63),
(2552, 41),
(2553, 41),
(2554, 41),
(2555, 41),
(2555, 63),
(2556, 36),
(2556, 63),
(2557, 36),
(2558, 36),
(2558, 43),
(2559, 36),
(2559, 43),
(2560, 36),
(2560, 44),
(2561, 36),
(2562, 36),
(2562, 43),
(2563, 36),
(2563, 63),
(2564, 42),
(2564, 63),
(2565, 42),
(2565, 43),
(2566, 42),
(2566, 63),
(2567, 42),
(2567, 43),
(2568, 41),
(2569, 41),
(2569, 63),
(2570, 38),
(2570, 51),
(2571, 41),
(2571, 43),
(2571, 51),
(2572, 41),
(2572, 51),
(2572, 62),
(2573, 41),
(2573, 63),
(2574, 38),
(2575, 38),
(2576, 38),
(2577, 41),
(2577, 51),
(2578, 38),
(2579, 38),
(2580, 41),
(2580, 51),
(2581, 38),
(2582, 38),
(2583, 45),
(2584, 39),
(2584, 44),
(2585, 41),
(2585, 44),
(2585, 51),
(2586, 39),
(2586, 51),
(2587, 36),
(2588, 36),
(2588, 63),
(2589, 36),
(2590, 36),
(2590, 44),
(2591, 38),
(2592, 38),
(2593, 38),
(2594, 38),
(2595, 38),
(2596, 38),
(2597, 38),
(2598, 41),
(2598, 63),
(2599, 41),
(2599, 63),
(2600, 41),
(2600, 51),
(2601, 36),
(2602, 36),
(2603, 36),
(2604, 36),
(2605, 36),
(2606, 41),
(2607, 41),
(2607, 51),
(2608, 41),
(2608, 44),
(2609, 41),
(2609, 43),
(2610, 41),
(2611, 41),
(2611, 63),
(2612, 41),
(2612, 63),
(2613, 41),
(2614, 41),
(2614, 51),
(2614, 62),
(2615, 40),
(2615, 44),
(2616, 41),
(2617, 41),
(2617, 44),
(2618, 45),
(2619, 52),
(2620, 47),
(2621, 41),
(2621, 51),
(2622, 40),
(2622, 63),
(2623, 36),
(2624, 41),
(2625, 39),
(2626, 41),
(2626, 63),
(2627, 36),
(2628, 36),
(2629, 40),
(2630, 41),
(2630, 43),
(2631, 39),
(2632, 38),
(2633, 38),
(2634, 38),
(2635, 38),
(2636, 38),
(2637, 41),
(2638, 38),
(2639, 41),
(2639, 43),
(2640, 41),
(2640, 63),
(2641, 41),
(2641, 44),
(2642, 41),
(2643, 41),
(2644, 41),
(2644, 63),
(2645, 41),
(2645, 63),
(2646, 38),
(2647, 41),
(2649, 38),
(2650, 41),
(2650, 63),
(2651, 41),
(2652, 36),
(2652, 41),
(2653, 41),
(2653, 51),
(2654, 41),
(2655, 45),
(2656, 41),
(2657, 41),
(2658, 41),
(2658, 63),
(2659, 41),
(2659, 63),
(2660, 39),
(2660, 44),
(2661, 41),
(2661, 44),
(2662, 48),
(2663, 52),
(2665, 39),
(2666, 38),
(2667, 38),
(2668, 38),
(2669, 38),
(2670, 38),
(2671, 38),
(2672, 39),
(2672, 56),
(2673, 39),
(2674, 39),
(2675, 39),
(2676, 39),
(2676, 63),
(2677, 39),
(2677, 63),
(2678, 39),
(2678, 44),
(2678, 61),
(2679, 39),
(2679, 44),
(2680, 41),
(2681, 41),
(2682, 41),
(2682, 63),
(2683, 41),
(2683, 44),
(2684, 48),
(2685, 38),
(2686, 41),
(2686, 63),
(2687, 38),
(2688, 38),
(2689, 38),
(2690, 38),
(2691, 38),
(2692, 38),
(2693, 36),
(2694, 39),
(2695, 41),
(2695, 63),
(2696, 41),
(2696, 63),
(2697, 41),
(2698, 41),
(2699, 41),
(2699, 63),
(2700, 41),
(2701, 41),
(2702, 41),
(2703, 41),
(2704, 41),
(2705, 41),
(2706, 41),
(2707, 38),
(2708, 39),
(2708, 51),
(2709, 41),
(2709, 63),
(2710, 38),
(2710, 63),
(2711, 41),
(2711, 63),
(2712, 41),
(2712, 63),
(2713, 41),
(2713, 63),
(2714, 41),
(2715, 38),
(2716, 38),
(2717, 38),
(2718, 38),
(2719, 38),
(2720, 41),
(2720, 48),
(2721, 38),
(2722, 41),
(2723, 41),
(2723, 44),
(2724, 41),
(2725, 41),
(2725, 43),
(2726, 41),
(2726, 63),
(2727, 38),
(2728, 41),
(2728, 44),
(2729, 38),
(2729, 51),
(2729, 56),
(2730, 36),
(2730, 44),
(2730, 57),
(2731, 36),
(2732, 36),
(2732, 44),
(2733, 36),
(2734, 36),
(2735, 36),
(2736, 38),
(2737, 38),
(2738, 38),
(2739, 38),
(2740, 41),
(2740, 63),
(2741, 41),
(2741, 43),
(2742, 41),
(2742, 63),
(2743, 41),
(2743, 63),
(2744, 41),
(2744, 63),
(2745, 41),
(2745, 52),
(2746, 42),
(2746, 51),
(2747, 42),
(2747, 63),
(2748, 40),
(2748, 43),
(2749, 40),
(2749, 44),
(2750, 40),
(2751, 41),
(2752, 40),
(2753, 36),
(2754, 39),
(2755, 47),
(2756, 49),
(2757, 38),
(2757, 43),
(2758, 38),
(2759, 41),
(2760, 36),
(2760, 43),
(2761, 41),
(2761, 43),
(2762, 41),
(2762, 43),
(2763, 41),
(2764, 41),
(2764, 63),
(2765, 41),
(2766, 41),
(2767, 41),
(2767, 51),
(2768, 38),
(2769, 41),
(2769, 63),
(2770, 38),
(2771, 41),
(2771, 63),
(2772, 41),
(2772, 44),
(2773, 41),
(2773, 44),
(2774, 38),
(2775, 41),
(2775, 63),
(2776, 38),
(2777, 38),
(2778, 40),
(2779, 41),
(2780, 38),
(2780, 44),
(2781, 41),
(2781, 63),
(2782, 41),
(2782, 44),
(2783, 36),
(2783, 56),
(2784, 38),
(2785, 38),
(2786, 38),
(2787, 38),
(2788, 38),
(2789, 38),
(2789, 54),
(2790, 35),
(2790, 41),
(2790, 51),
(2791, 35),
(2791, 36),
(2791, 41),
(2791, 63),
(2793, 38),
(2794, 38),
(2794, 63),
(2795, 38),
(2795, 45),
(2796, 41),
(2796, 57),
(2797, 41),
(2798, 41),
(2799, 41),
(2800, 38),
(2801, 36),
(2802, 36),
(2803, 39),
(2804, 42),
(2804, 44),
(2805, 38),
(2806, 38),
(2807, 38),
(2808, 38),
(2809, 41),
(2810, 41),
(2810, 63),
(2811, 38),
(2812, 41),
(2812, 63),
(2813, 41),
(2813, 44),
(2814, 41),
(2815, 38),
(2816, 36),
(2817, 41),
(2818, 41),
(2819, 39),
(2820, 39),
(2821, 41),
(2821, 43),
(2822, 41),
(2822, 49),
(2823, 41),
(2824, 42),
(2825, 41),
(2825, 51),
(2826, 41),
(2826, 63),
(2827, 38),
(2828, 41),
(2828, 49),
(2829, 38),
(2830, 38),
(2831, 39),
(2831, 51),
(2833, 38),
(2834, 38),
(2834, 44),
(2835, 36),
(2836, 42),
(2837, 39),
(2838, 38),
(2839, 38),
(2840, 38),
(2841, 38),
(2842, 41),
(2842, 43),
(2843, 41),
(2843, 44),
(2844, 41),
(2844, 63),
(2845, 41),
(2846, 41),
(2847, 41),
(2848, 41),
(2848, 63),
(2849, 39),
(2850, 36),
(2851, 41),
(2851, 48),
(2852, 39),
(2853, 41),
(2853, 63),
(2854, 41),
(2854, 63),
(2855, 41),
(2856, 41),
(2856, 63),
(2857, 37),
(2858, 41),
(2858, 49),
(2858, 55),
(2859, 38),
(2860, 39),
(2861, 36),
(2862, 36),
(2863, 36),
(2864, 42),
(2865, 36),
(2866, 41),
(2866, 63),
(2867, 41),
(2867, 63),
(2868, 41),
(2869, 41),
(2869, 63),
(2870, 41),
(2871, 38),
(2872, 38),
(2873, 38),
(2874, 41),
(2874, 63),
(2875, 38),
(2876, 39),
(2876, 51),
(2877, 39),
(2878, 38),
(2879, 39),
(2880, 38),
(2881, 39),
(2882, 37),
(2883, 39),
(2883, 63),
(2884, 41),
(2885, 41),
(2886, 41),
(2887, 41),
(2888, 41),
(2889, 41),
(2889, 62),
(2890, 47),
(2891, 47),
(2892, 47),
(2893, 52),
(2894, 45),
(2895, 39),
(2896, 41),
(2896, 57),
(2896, 62),
(2897, 39),
(2898, 39),
(2899, 41),
(2900, 36),
(2901, 36),
(2902, 36),
(2903, 36),
(2904, 36),
(2905, 36),
(2906, 41),
(2906, 63),
(2907, 41),
(2907, 63),
(2908, 41),
(2909, 41),
(2909, 63),
(2910, 41),
(2910, 63),
(2911, 41),
(2913, 41),
(2914, 41),
(2915, 38),
(2916, 36),
(2916, 63),
(2917, 41),
(2917, 63),
(2918, 41),
(2919, 41),
(2920, 40),
(2921, 47),
(2922, 47),
(2923, 38),
(2924, 38),
(2925, 38),
(2926, 38),
(2927, 41),
(2927, 45),
(2927, 56),
(2928, 38),
(2928, 44),
(2929, 38),
(2930, 41),
(2931, 39),
(2931, 44),
(2932, 38),
(2932, 63),
(2933, 41),
(2933, 63),
(2934, 41),
(2934, 63),
(2935, 41),
(2936, 41),
(2937, 41),
(2938, 41),
(2938, 63),
(2939, 41),
(2939, 63),
(2940, 39),
(2941, 41),
(2942, 38),
(2943, 40),
(2944, 38),
(2945, 41),
(2945, 51),
(2946, 38),
(2947, 38),
(2948, 38),
(2949, 38),
(2950, 38),
(2951, 39),
(2952, 38),
(2953, 38),
(2954, 41),
(2955, 41),
(2956, 41),
(2957, 41),
(2958, 41),
(2959, 41),
(2959, 63),
(2960, 41),
(2960, 57),
(2961, 41),
(2962, 42),
(2963, 41),
(2964, 40),
(2965, 36),
(2966, 36),
(2967, 38),
(2968, 49),
(2969, 41),
(2969, 63),
(2970, 38),
(2971, 38),
(2972, 38),
(2973, 41),
(2974, 41),
(2974, 63),
(2975, 41),
(2976, 41),
(2976, 63),
(2977, 41),
(2977, 63),
(2978, 41),
(2979, 41),
(2980, 38),
(2981, 39),
(2981, 43),
(2982, 41),
(2983, 39),
(2983, 57),
(2984, 36),
(2985, 41),
(2986, 41),
(2986, 63),
(2987, 41),
(2988, 41),
(2988, 51),
(2989, 41),
(2989, 63),
(2990, 41),
(2991, 41),
(2991, 63),
(2992, 41),
(2993, 39),
(2994, 38),
(2995, 38),
(2996, 38),
(2997, 38),
(2998, 38),
(2999, 38),
(3000, 38),
(3000, 63),
(3001, 39),
(3001, 63),
(3002, 41),
(3002, 44),
(3002, 45),
(3003, 39),
(3003, 44),
(3004, 41),
(3004, 44),
(3005, 41),
(3005, 43),
(3006, 39),
(3007, 38),
(3008, 44),
(3008, 45),
(3009, 36),
(3010, 36),
(3011, 36),
(3012, 36),
(3013, 36),
(3014, 38),
(3015, 38),
(3016, 41),
(3017, 41),
(3017, 51),
(3018, 41),
(3018, 63),
(3019, 39),
(3020, 45),
(3021, 41),
(3021, 44),
(3022, 47),
(3023, 47),
(3024, 56),
(3025, 38),
(3025, 44),
(3026, 55),
(3027, 41),
(3028, 41),
(3029, 41),
(3029, 51),
(3030, 38),
(3031, 41),
(3031, 63),
(3032, 38),
(3033, 41),
(3033, 63),
(3034, 38),
(3035, 38),
(3036, 41),
(3036, 63),
(3037, 41),
(3037, 63),
(3038, 41),
(3038, 63),
(3039, 41),
(3039, 63),
(3040, 39),
(3041, 38),
(3042, 38),
(3043, 41),
(3043, 43),
(3044, 41),
(3044, 43),
(3045, 38),
(3046, 41),
(3046, 45),
(3046, 57),
(3047, 55),
(3048, 41),
(3048, 63),
(3049, 63),
(3050, 41),
(3051, 41),
(3052, 41),
(3053, 41),
(3053, 63),
(3054, 41),
(3054, 63),
(3055, 39),
(3055, 63),
(3056, 40),
(3057, 38),
(3058, 43),
(3059, 38),
(3060, 42),
(3060, 43),
(3061, 42),
(3062, 42),
(3063, 37),
(3064, 39),
(3065, 41),
(3065, 63),
(3066, 41),
(3066, 63),
(3067, 41),
(3068, 41),
(3068, 63),
(3069, 41),
(3069, 63),
(3070, 41),
(3071, 41),
(3072, 38),
(3073, 38),
(3074, 38),
(3075, 39),
(3076, 39),
(3077, 39),
(3078, 39),
(3079, 42),
(3080, 42),
(3081, 42),
(3082, 42),
(3083, 42),
(3083, 43),
(3084, 42),
(3085, 41),
(3085, 63),
(3086, 41),
(3087, 41),
(3088, 41),
(3088, 63),
(3089, 41),
(3089, 63),
(3090, 41),
(3091, 41),
(3092, 41),
(3093, 41),
(3093, 63),
(3094, 41),
(3094, 63),
(3095, 41),
(3095, 51),
(3096, 38),
(3096, 63),
(3097, 39),
(3098, 36),
(3099, 38),
(3099, 43),
(3100, 42),
(3101, 42),
(3102, 42),
(3103, 42),
(3104, 42),
(3105, 42),
(3106, 38),
(3108, 38),
(3109, 38),
(3110, 38),
(3111, 51),
(3112, 42),
(3113, 42),
(3114, 42),
(3115, 42),
(3116, 38),
(3117, 38),
(3118, 38),
(3119, 38),
(3120, 38),
(3121, 38),
(3122, 38),
(3123, 38),
(3124, 41),
(3125, 41),
(3125, 63),
(3126, 41),
(3126, 52),
(3127, 41),
(3128, 41),
(3128, 63),
(3129, 41),
(3129, 43),
(3130, 41),
(3130, 43),
(3131, 41),
(3131, 63),
(3132, 41),
(3132, 63),
(3133, 39),
(3133, 44),
(3134, 40),
(3134, 44),
(3135, 38),
(3136, 38),
(3137, 38),
(3138, 38),
(3139, 41),
(3140, 38),
(3141, 39),
(3142, 39),
(3142, 51),
(3143, 39),
(3143, 51),
(3144, 39),
(3144, 51),
(3145, 39),
(3145, 52),
(3146, 40),
(3147, 39),
(3147, 63),
(3148, 39),
(3148, 44),
(3149, 39),
(3150, 42),
(3151, 42),
(3152, 42),
(3153, 42),
(3154, 42),
(3155, 41),
(3155, 56),
(3155, 57),
(3156, 41),
(3156, 56),
(3156, 57),
(3157, 41),
(3157, 56),
(3157, 57),
(3158, 38),
(3158, 56),
(3158, 57),
(3159, 38),
(3159, 56),
(3159, 57),
(3160, 41),
(3160, 43),
(3161, 42),
(3162, 42),
(3163, 42),
(3164, 42),
(3165, 38),
(3165, 56),
(3165, 57),
(3166, 39),
(3167, 41),
(3167, 63),
(3168, 41),
(3168, 63),
(3169, 41),
(3169, 63),
(3170, 41),
(3171, 41),
(3172, 41),
(3173, 41),
(3174, 36),
(3175, 36),
(3176, 36),
(3177, 39),
(3178, 39),
(3179, 39),
(3180, 36),
(3181, 36),
(3182, 38),
(3183, 38),
(3184, 38),
(3185, 38),
(3186, 38),
(3187, 38),
(3188, 38),
(3189, 41),
(3190, 39),
(3191, 39),
(3191, 44),
(3191, 45),
(3192, 36),
(3193, 36),
(3193, 56),
(3193, 57),
(3193, 62),
(3194, 38),
(3195, 42),
(3196, 38),
(3197, 38),
(3198, 38),
(3199, 38),
(3200, 38),
(3201, 42),
(3202, 42),
(3203, 42),
(3204, 39),
(3205, 39),
(3206, 39),
(3207, 40),
(3208, 39),
(3209, 39),
(3210, 39),
(3211, 38),
(3211, 56),
(3211, 57),
(3211, 62),
(3212, 41),
(3213, 41),
(3213, 63),
(3214, 41),
(3215, 41),
(3215, 63),
(3216, 41),
(3217, 42),
(3218, 39),
(3219, 40),
(3220, 41),
(3221, 36),
(3221, 56),
(3222, 36),
(3223, 36),
(3223, 43),
(3224, 38),
(3225, 39),
(3226, 38),
(3227, 38),
(3229, 38),
(3230, 39),
(3231, 39),
(3232, 38),
(3233, 39),
(3234, 39),
(3235, 38),
(3236, 38),
(3237, 38),
(3238, 38),
(3239, 38),
(3239, 56),
(3239, 57),
(3240, 45),
(3241, 41),
(3242, 41),
(3243, 41),
(3244, 41),
(3244, 63),
(3245, 41),
(3245, 63),
(3246, 41),
(3246, 63),
(3247, 41),
(3247, 63),
(3248, 41),
(3249, 41),
(3250, 40),
(3251, 41),
(3252, 40),
(3253, 41),
(3254, 41),
(3255, 36),
(3256, 39),
(3257, 37),
(3257, 63),
(3258, 39),
(3259, 40),
(3260, 36),
(3261, 36),
(3262, 36),
(3263, 36),
(3264, 36),
(3265, 41),
(3265, 43),
(3266, 39),
(3267, 38),
(3268, 38),
(3269, 42),
(3270, 36),
(3271, 38),
(3272, 38),
(3273, 36),
(3274, 39),
(3275, 38),
(3276, 59),
(3277, 42),
(3278, 42),
(3279, 42),
(3280, 42),
(3281, 42),
(3282, 41),
(3282, 51),
(3283, 41),
(3284, 41),
(3284, 43),
(3285, 41),
(3286, 41),
(3287, 41),
(3288, 41),
(3288, 63),
(3289, 41),
(3289, 51),
(3290, 41),
(3291, 41),
(3292, 41),
(3293, 38),
(3294, 39),
(3295, 39),
(3296, 39),
(3297, 39),
(3298, 39),
(3299, 39),
(3300, 36),
(3301, 36),
(3302, 36),
(3303, 36),
(3304, 39),
(3304, 44),
(3304, 45),
(3305, 39),
(3305, 44),
(3306, 39),
(3306, 44),
(3307, 39),
(3307, 44),
(3308, 39),
(3308, 44),
(3309, 41),
(3309, 44),
(3310, 39),
(3310, 42),
(3310, 44),
(3311, 41),
(3311, 63),
(3312, 41),
(3312, 44),
(3312, 63),
(3313, 38),
(3314, 38),
(3315, 38),
(3316, 38),
(3317, 38),
(3318, 38),
(3319, 41),
(3320, 41),
(3321, 41),
(3322, 41),
(3322, 63),
(3323, 63),
(3324, 39),
(3324, 56),
(3324, 57),
(3324, 62),
(3325, 38),
(3325, 56),
(3325, 57),
(3326, 39),
(3327, 39),
(3328, 42),
(3329, 42),
(3330, 42),
(3331, 42),
(3331, 56),
(3331, 57),
(3331, 62),
(3332, 41),
(3332, 45),
(3333, 41),
(3333, 45),
(3334, 41),
(3335, 41),
(3335, 63),
(3336, 41),
(3336, 51),
(3337, 41),
(3338, 39),
(3338, 52),
(3339, 42),
(3340, 42),
(3341, 42),
(3342, 37),
(3342, 56),
(3342, 57),
(3343, 41),
(3343, 63),
(3344, 41),
(3345, 41),
(3346, 41),
(3346, 51),
(3347, 41),
(3348, 41),
(3348, 51),
(3349, 41),
(3349, 63),
(3350, 41),
(3351, 41),
(3352, 38),
(3353, 38),
(3354, 38),
(3355, 38),
(3356, 38),
(3357, 38),
(3358, 38),
(3359, 39),
(3359, 61),
(3360, 39),
(3361, 38),
(3361, 56),
(3361, 57),
(3361, 62),
(3362, 39),
(3363, 39),
(3364, 39),
(3365, 39),
(3366, 39),
(3367, 39),
(3368, 39),
(3369, 39),
(3370, 39),
(3371, 42),
(3372, 42),
(3373, 41),
(3373, 56),
(3373, 57),
(3373, 62),
(3374, 41),
(3375, 41),
(3376, 38),
(3377, 41),
(3377, 63),
(3378, 38),
(3379, 38),
(3380, 41),
(3381, 38),
(3382, 38),
(3383, 41),
(3384, 38),
(3385, 41),
(3386, 41),
(3387, 41),
(3388, 36),
(3389, 40),
(3389, 57),
(3390, 38),
(3391, 40),
(3391, 57),
(3392, 41),
(3393, 36),
(3394, 45),
(3395, 41),
(3396, 42),
(3397, 39),
(3398, 41),
(3398, 43),
(3399, 41),
(3400, 39),
(3401, 39),
(3402, 39),
(3402, 51),
(3403, 39),
(3404, 39),
(3405, 38),
(3406, 38),
(3407, 38),
(3408, 38),
(3409, 42),
(3410, 42),
(3411, 39),
(3412, 39),
(3413, 38),
(3414, 45),
(3415, 36),
(3415, 43),
(3416, 42),
(3417, 37),
(3418, 40),
(3419, 38),
(3420, 38),
(3420, 41),
(3420, 63),
(3421, 38),
(3421, 43),
(3422, 38),
(3423, 41),
(3424, 38),
(3425, 42),
(3426, 42),
(3427, 42),
(3428, 42),
(3429, 42),
(3430, 42),
(3431, 42),
(3432, 41),
(3433, 41),
(3433, 63),
(3434, 41),
(3435, 41),
(3436, 41),
(3437, 41),
(3437, 51),
(3438, 41),
(3439, 41),
(3440, 41),
(3441, 40),
(3442, 41),
(3443, 40),
(3444, 36),
(3445, 36),
(3446, 36),
(3447, 36),
(3448, 36),
(3449, 38),
(3450, 41),
(3450, 45),
(3451, 38),
(3452, 41),
(3453, 38),
(3454, 41),
(3454, 42),
(3454, 45),
(3455, 42),
(3455, 56),
(3455, 57),
(3456, 43),
(3457, 39),
(3457, 63),
(3458, 36),
(3458, 63),
(3459, 39),
(3459, 43),
(3460, 38),
(3461, 38),
(3462, 38),
(3463, 38),
(3464, 38),
(3465, 41),
(3465, 63),
(3466, 63),
(3467, 63),
(3468, 41),
(3469, 41),
(3470, 41),
(3471, 41),
(3472, 41),
(3473, 41),
(3474, 41),
(3475, 41),
(3476, 41),
(3477, 41),
(3478, 41),
(3479, 42),
(3480, 42),
(3481, 39),
(3481, 44),
(3482, 42),
(3482, 43),
(3483, 42),
(3483, 63),
(3484, 42),
(3485, 42),
(3486, 41),
(3486, 43),
(3487, 39),
(3488, 39),
(3489, 39),
(3489, 63),
(3490, 38),
(3491, 39),
(3492, 38),
(3493, 39),
(3494, 38),
(3495, 38),
(3496, 38),
(3497, 40),
(3498, 39),
(3499, 39),
(3500, 39),
(3501, 41),
(3501, 63),
(3502, 41),
(3503, 41),
(3503, 63),
(3504, 41),
(3505, 41),
(3505, 52),
(3506, 41),
(3506, 63),
(3507, 41),
(3508, 41),
(3508, 63),
(3509, 41),
(3510, 36),
(3511, 36),
(3512, 40),
(3513, 40),
(3513, 43),
(3514, 41),
(3514, 63),
(3515, 41),
(3516, 38),
(3516, 43),
(3517, 39),
(3517, 44),
(3517, 63),
(3518, 35),
(3518, 63),
(3519, 42),
(3519, 56),
(3520, 41),
(3520, 63),
(3521, 41),
(3521, 63),
(3522, 41),
(3523, 41),
(3523, 63),
(3524, 41),
(3524, 44),
(3525, 41),
(3526, 41),
(3527, 41),
(3528, 41),
(3529, 41),
(3529, 63),
(3530, 36),
(3530, 56),
(3530, 57),
(3530, 62),
(3531, 41),
(3532, 40),
(3533, 41),
(3534, 39),
(3535, 41),
(3535, 43),
(3536, 39),
(3537, 39),
(3538, 39),
(3539, 36),
(3540, 36),
(3541, 36),
(3542, 36),
(3543, 38),
(3544, 38),
(3545, 38),
(3546, 38),
(3547, 38),
(3548, 38),
(3549, 38),
(3550, 41),
(3551, 41),
(3552, 41),
(3552, 45),
(3553, 43),
(3554, 38),
(3555, 38),
(3556, 39),
(3556, 57),
(3557, 39),
(3558, 39),
(3559, 39),
(3560, 39),
(3561, 37),
(3562, 38),
(3563, 39),
(3564, 38),
(3565, 39),
(3566, 39),
(3567, 39),
(3568, 42),
(3569, 42),
(3570, 37),
(3570, 56),
(3570, 57),
(3571, 41),
(3571, 57),
(3572, 41),
(3572, 51),
(3573, 41),
(3574, 41),
(3575, 41),
(3575, 63),
(3576, 41),
(3576, 63),
(3577, 41),
(3578, 41),
(3578, 51),
(3579, 41),
(3580, 41),
(3580, 51),
(3581, 41),
(3582, 40),
(3583, 40),
(3584, 41),
(3585, 41),
(3585, 63),
(3586, 41),
(3587, 36),
(3588, 38),
(3589, 38),
(3590, 38),
(3591, 38),
(3592, 38),
(3592, 43),
(3593, 38),
(3593, 63),
(3594, 36),
(3595, 36),
(3595, 43),
(3596, 39),
(3597, 38),
(3598, 38),
(3599, 42),
(3600, 42),
(3601, 37),
(3603, 40),
(3604, 39),
(3605, 39),
(3606, 37),
(3607, 39),
(3608, 39),
(3609, 37),
(3610, 39),
(3611, 39),
(3612, 41),
(3613, 41),
(3614, 41),
(3614, 63),
(3615, 41),
(3615, 51),
(3616, 41),
(3616, 63),
(3617, 41),
(3618, 41),
(3619, 41),
(3620, 41),
(3621, 38),
(3622, 38),
(3623, 36),
(3624, 36),
(3625, 42),
(3626, 38),
(3627, 38),
(3628, 38),
(3629, 38),
(3630, 38),
(3631, 43),
(3632, 41),
(3632, 63),
(3633, 41),
(3633, 63),
(3634, 41),
(3634, 51),
(3635, 41),
(3635, 51),
(3636, 41),
(3637, 41),
(3638, 41),
(3639, 40),
(3640, 41),
(3641, 40),
(3642, 40),
(3643, 42),
(3644, 38),
(3645, 38),
(3646, 38),
(3647, 38),
(3648, 38),
(3649, 38),
(3650, 42),
(3651, 38),
(3652, 42),
(3653, 41),
(3653, 57),
(3654, 41),
(3655, 45),
(3656, 45),
(3657, 41),
(3657, 57),
(3658, 41),
(3659, 41),
(3659, 49),
(3660, 41),
(3661, 41),
(3662, 41),
(3662, 63),
(3663, 41),
(3664, 41),
(3665, 41),
(3665, 63),
(3666, 40),
(3667, 41),
(3668, 41),
(3669, 41),
(3670, 45),
(3671, 43),
(3672, 46),
(3673, 43),
(3674, 43),
(3675, 44),
(3676, 38),
(3677, 38),
(3678, 38),
(3679, 38),
(3680, 38),
(3681, 38),
(3682, 42),
(3683, 39),
(3684, 41),
(3684, 51),
(3685, 41),
(3685, 63),
(3686, 41),
(3686, 43),
(3687, 41),
(3687, 63),
(3688, 41),
(3688, 63),
(3689, 41),
(3689, 63),
(3690, 36),
(3691, 36),
(3692, 36),
(3693, 36),
(3696, 38),
(3697, 38),
(3698, 46),
(3699, 45),
(3700, 46),
(3700, 62),
(3701, 57),
(3702, 38),
(3702, 56),
(3703, 41),
(3704, 39),
(3704, 51),
(3705, 39),
(3706, 39),
(3707, 39),
(3708, 41),
(3709, 57),
(3710, 44),
(3711, 39),
(3711, 62),
(3712, 38),
(3712, 63),
(3713, 41),
(3713, 63),
(3714, 41),
(3715, 38),
(3716, 41),
(3716, 63),
(3717, 41),
(3718, 41),
(3719, 41),
(3720, 46),
(3721, 39),
(3721, 41),
(3721, 62),
(3722, 41),
(3722, 62),
(3723, 40),
(3724, 41),
(3725, 38),
(3726, 38),
(3727, 41),
(3728, 41),
(3728, 63),
(3729, 57),
(3730, 42),
(3731, 40),
(3732, 41),
(3733, 38),
(3734, 41),
(3735, 35),
(3735, 40),
(3735, 54),
(3736, 41),
(3737, 41),
(3737, 54),
(3738, 41),
(3738, 54),
(3739, 56),
(3740, 36),
(3741, 36),
(3742, 36),
(3743, 36),
(3744, 36),
(3745, 36),
(3746, 38),
(3746, 51),
(3747, 36),
(3748, 36),
(3749, 43),
(3749, 47),
(3749, 50),
(3750, 41),
(3751, 41),
(3752, 49),
(3752, 57),
(3753, 39),
(3753, 63),
(3754, 45),
(3755, 41),
(3755, 51),
(3756, 41),
(3757, 41),
(3758, 39),
(3759, 38),
(3760, 39),
(3760, 63),
(3762, 40),
(3763, 46),
(3763, 62),
(3764, 45),
(3764, 62),
(3765, 49),
(3766, 37),
(3767, 39),
(3768, 39),
(3768, 54),
(3769, 45),
(3769, 62),
(3770, 45),
(3770, 62),
(3771, 49),
(3771, 62),
(3772, 38),
(3772, 44),
(3773, 44),
(3773, 45),
(3774, 46),
(3774, 62),
(3775, 38),
(3775, 44),
(3776, 44),
(3777, 35),
(3777, 43),
(3778, 45),
(3779, 45),
(3779, 57),
(3779, 62),
(3780, 39),
(3780, 52),
(3781, 39),
(3781, 44),
(3781, 45),
(3781, 62),
(3782, 44),
(3783, 37),
(3784, 39),
(3785, 39),
(3786, 39),
(3787, 39),
(3787, 51),
(3788, 39),
(3788, 63),
(3789, 44),
(3790, 45),
(3790, 62),
(3791, 45),
(3791, 62),
(3792, 45),
(3792, 62),
(3793, 45),
(3794, 44),
(3794, 62),
(3795, 44),
(3796, 39),
(3797, 40),
(3798, 39),
(3799, 39),
(3800, 39),
(3801, 42),
(3802, 36),
(3803, 36),
(3804, 36),
(3805, 45),
(3806, 36),
(3807, 42),
(3808, 42),
(3808, 43),
(3809, 42),
(3810, 42),
(3811, 39),
(3812, 39),
(3813, 39),
(3814, 39),
(3815, 40),
(3816, 58),
(3817, 64),
(3818, 60),
(3819, 39),
(3819, 44),
(3819, 57),
(3819, 61),
(3819, 62),
(3820, 39),
(3820, 63),
(3821, 57),
(3822, 63),
(3823, 44),
(3824, 39),
(3824, 51),
(3825, 39),
(3825, 63),
(3826, 38),
(3826, 44),
(3826, 62),
(3826, 63),
(3835, 45),
(3836, 49),
(3837, 44),
(3838, 45),
(3838, 62),
(3839, 53),
(3840, 53),
(3841, 42),
(3842, 42),
(3843, 41),
(3843, 51),
(3844, 63),
(3845, 41),
(3846, 41),
(3847, 41),
(3847, 43),
(3848, 41),
(3849, 63),
(3850, 36),
(3851, 36),
(3852, 63),
(3853, 63),
(3854, 63),
(3855, 41),
(3855, 63),
(3856, 40),
(3857, 39),
(3857, 44),
(3857, 62),
(3858, 64),
(3859, 51),
(3860, 38),
(3861, 51),
(3862, 38),
(3862, 44),
(3862, 62),
(3862, 63),
(3863, 41),
(3863, 62),
(3863, 63),
(3864, 38),
(3864, 44),
(3864, 62),
(3864, 63),
(3865, 40),
(3866, 41),
(3866, 51),
(3867, 63),
(3868, 38),
(3869, 41),
(3870, 36),
(3871, 36),
(3872, 45),
(3872, 57),
(3872, 62),
(3873, 38),
(3874, 45),
(3875, 44),
(3876, 38),
(3876, 45),
(3876, 62),
(3877, 39),
(3877, 44),
(3878, 36),
(3879, 42),
(3880, 40),
(3881, 38),
(3882, 41),
(3883, 38),
(3884, 63),
(3885, 38),
(3885, 44),
(3886, 45),
(3887, 47),
(3889, 50),
(3890, 38),
(3890, 44),
(3890, 45),
(3891, 46),
(3891, 51),
(3892, 46),
(3892, 56),
(3893, 38),
(3893, 45),
(3893, 62),
(3894, 46),
(3894, 63),
(3895, 46),
(3895, 62),
(3896, 48),
(3896, 51),
(3897, 49),
(3898, 38),
(3899, 39),
(3899, 43),
(3900, 47),
(3901, 39),
(3901, 45),
(3901, 46),
(3901, 51),
(3902, 35),
(3902, 44),
(3903, 35),
(3903, 43),
(3903, 45),
(3904, 47),
(3905, 44),
(3905, 45),
(3905, 62),
(3906, 39),
(3907, 41),
(3907, 45),
(3907, 62),
(3908, 38),
(3909, 38),
(3910, 46),
(3910, 48),
(3911, 64),
(3912, 52),
(3913, 63),
(3914, 63),
(3915, 38),
(3916, 38),
(3917, 38),
(3918, 39),
(3919, 38),
(3920, 38),
(3921, 38),
(3922, 35),
(3922, 44),
(3922, 51),
(3923, 35),
(3923, 44),
(3923, 51),
(3924, 35),
(3924, 44),
(3924, 45),
(3924, 46),
(3925, 46),
(3926, 40),
(3926, 57),
(3926, 62),
(3927, 42),
(3928, 38),
(3928, 43),
(3929, 38),
(3929, 62),
(3930, 38),
(3931, 37),
(3932, 39),
(3933, 37),
(3934, 45),
(3935, 54),
(3936, 39),
(3937, 35),
(3937, 43),
(3937, 45),
(3937, 52),
(3938, 45),
(3939, 42),
(3939, 54),
(3940, 41),
(3941, 36),
(3942, 46),
(3943, 35),
(3943, 43),
(3943, 44),
(3944, 42),
(3945, 41),
(3945, 44),
(3946, 42),
(3947, 42),
(3948, 44),
(3949, 58),
(3950, 44),
(3951, 35),
(3951, 44),
(3952, 35),
(3952, 63),
(3953, 35),
(3953, 63),
(3954, 52),
(3955, 51),
(3956, 43),
(3957, 56),
(3958, 44),
(3959, 57),
(3959, 62),
(3960, 48),
(3961, 39),
(3962, 39),
(3963, 39),
(3964, 39),
(3965, 42),
(3966, 42),
(3967, 39),
(3968, 47),
(3969, 39),
(3969, 51),
(3970, 39),
(3970, 44),
(3971, 38),
(3971, 62),
(3972, 38),
(3973, 38),
(3974, 38),
(3975, 44),
(3976, 38),
(3977, 44),
(3978, 39),
(3978, 51),
(3979, 39),
(3979, 51),
(3980, 39),
(3981, 37),
(3982, 42),
(3983, 42),
(3983, 62),
(3984, 36),
(3984, 51),
(3985, 36),
(3985, 63),
(3986, 36),
(3987, 36),
(3987, 63),
(3988, 58),
(3989, 63),
(3990, 44),
(3991, 44),
(3992, 36),
(3993, 36),
(3993, 62),
(3994, 36),
(3995, 41),
(3995, 62),
(3996, 36),
(3997, 36),
(3998, 36),
(3999, 36),
(3999, 44),
(4000, 35),
(4000, 63),
(4001, 35),
(4001, 44),
(4001, 51),
(4002, 35),
(4002, 63),
(4003, 35),
(4003, 51),
(4004, 46),
(4005, 46),
(4005, 48),
(4006, 46),
(4006, 51),
(4007, 46),
(4008, 41),
(4008, 57),
(4009, 41),
(4010, 41),
(4010, 51),
(4011, 35),
(4011, 43),
(4011, 51),
(4012, 36),
(4012, 44),
(4013, 41),
(4013, 43),
(4014, 35),
(4014, 37),
(4014, 63),
(4015, 36),
(4016, 36),
(4017, 42),
(4018, 42),
(4019, 64),
(4020, 58),
(4021, 38),
(4022, 38),
(4023, 38),
(4024, 38),
(4025, 38),
(4026, 38),
(4027, 38),
(4028, 38),
(4029, 45),
(4030, 43),
(4031, 55),
(4032, 43),
(4033, 35),
(4033, 63),
(4034, 41),
(4034, 63),
(4035, 35),
(4035, 41),
(4035, 63),
(4036, 47),
(4037, 35),
(4037, 43),
(4038, 35),
(4038, 37),
(4038, 57),
(4039, 43),
(4039, 46),
(4040, 46),
(4041, 46),
(4041, 52),
(4042, 46),
(4042, 55),
(4043, 46),
(4043, 55),
(4043, 62),
(4044, 45),
(4044, 55),
(4045, 39),
(4046, 45),
(4047, 47),
(4048, 41),
(4048, 44),
(4049, 46),
(4050, 42),
(4051, 42),
(4052, 49),
(4052, 54),
(4053, 36),
(4054, 45),
(4055, 41),
(4056, 41),
(4056, 63),
(4057, 41),
(4058, 41),
(4058, 63),
(4059, 41),
(4060, 42),
(4060, 63),
(4061, 41),
(4062, 41),
(4062, 50),
(4062, 51),
(4063, 38),
(4064, 38),
(4065, 41),
(4065, 54),
(4066, 63),
(4067, 41),
(4068, 38),
(4069, 58),
(4070, 44),
(4071, 38),
(4072, 38),
(4073, 38),
(4074, 41),
(4074, 62),
(4075, 38),
(4076, 47),
(4077, 48),
(4077, 54),
(4078, 48),
(4079, 39),
(4079, 61),
(4079, 63),
(4080, 45),
(4082, 63),
(4084, 44),
(4085, 39),
(4086, 38),
(4087, 63),
(4088, 47),
(4089, 44),
(4090, 45),
(4091, 39),
(4092, 39),
(4092, 41),
(4093, 39),
(4093, 41),
(4095, 38),
(4096, 38),
(4097, 38),
(4098, 38),
(4099, 42),
(4100, 58),
(4102, 64),
(4103, 37),
(4104, 41),
(4105, 38),
(4105, 63),
(4106, 41),
(4106, 51),
(4107, 35),
(4107, 52),
(4108, 35),
(4108, 44),
(4109, 38),
(4109, 43),
(4110, 38),
(4110, 43),
(4111, 39),
(4112, 43),
(4113, 38),
(4114, 41),
(4115, 35),
(4115, 43),
(4115, 45),
(4116, 35),
(4116, 43),
(4117, 41),
(4118, 39),
(4119, 40),
(4120, 40),
(4121, 40),
(4121, 54),
(4121, 56),
(4122, 41),
(4123, 41),
(4124, 63),
(4125, 43),
(4126, 45),
(4127, 44),
(4128, 41),
(4129, 40),
(4129, 57),
(4130, 58),
(4131, 41),
(4131, 63),
(4132, 41),
(4132, 63),
(4133, 41),
(4133, 63),
(4134, 35),
(4134, 51),
(4135, 35),
(4135, 44),
(4137, 38),
(4139, 38),
(4140, 46),
(4141, 41),
(4141, 45),
(4142, 57),
(4143, 41),
(4143, 44),
(4144, 35),
(4144, 44),
(4145, 43),
(4146, 46),
(4147, 38),
(4148, 38),
(4149, 36),
(4150, 38),
(4151, 42),
(4152, 38),
(4153, 42),
(4154, 38),
(4155, 42),
(4156, 39),
(4157, 37),
(4158, 37),
(4163, 37),
(4164, 38),
(4165, 39),
(4166, 40),
(4167, 39),
(4168, 40),
(4169, 35),
(4169, 63),
(4170, 41),
(4170, 43),
(4171, 35),
(4171, 44),
(4172, 41),
(4172, 63),
(4173, 41),
(4173, 44),
(4174, 35),
(4174, 41),
(4175, 41),
(4175, 63),
(4176, 38),
(4177, 38),
(4178, 35),
(4178, 51),
(4179, 41),
(4179, 63),
(4180, 39),
(4180, 63),
(4181, 38),
(4182, 38),
(4183, 44),
(4184, 38),
(4184, 62),
(4185, 57),
(4186, 47),
(4187, 42),
(4188, 42),
(4189, 42),
(4190, 42),
(4191, 37),
(4192, 39),
(4193, 39),
(4194, 39),
(4195, 39),
(4196, 37),
(4196, 63),
(4197, 39),
(4198, 39),
(4199, 39),
(4200, 64),
(4201, 58),
(4202, 63),
(4203, 44),
(4204, 44),
(4205, 46),
(4206, 39),
(4206, 44),
(4207, 44),
(4208, 41),
(4208, 44),
(4208, 46),
(4209, 44),
(4210, 49),
(4211, 63),
(4212, 43),
(4213, 38),
(4214, 38),
(4215, 38),
(4216, 38),
(4217, 38),
(4218, 44),
(4219, 53),
(4220, 44),
(4220, 45),
(4221, 41),
(4222, 38),
(4223, 44),
(4224, 57),
(4225, 49),
(4226, 45),
(4227, 44),
(4228, 43),
(4229, 45),
(4230, 41),
(4231, 41),
(4233, 42),
(4234, 42),
(4235, 41),
(4236, 41),
(4237, 63),
(4238, 41),
(4239, 41),
(4240, 41),
(4241, 41),
(4242, 41),
(4243, 63),
(4244, 63),
(4245, 41),
(4246, 38),
(4247, 38),
(4248, 38),
(4249, 38),
(4250, 38),
(4251, 38),
(4252, 38),
(4253, 38),
(4254, 39),
(4254, 44),
(4255, 49),
(4256, 48),
(4257, 39),
(4257, 63),
(4258, 39),
(4259, 38),
(4261, 61),
(4262, 44),
(4263, 43),
(4264, 58),
(4265, 42),
(4266, 42),
(4267, 36),
(4268, 57),
(4268, 64),
(4269, 35),
(4269, 51),
(4270, 63),
(4271, 44),
(4272, 41),
(4273, 38),
(4274, 38),
(4275, 44),
(4276, 43),
(4277, 38),
(4277, 51),
(4277, 53),
(4278, 38),
(4279, 41),
(4279, 43),
(4280, 41),
(4280, 57),
(4281, 45),
(4282, 39),
(4282, 44),
(4282, 62),
(4283, 38),
(4283, 44),
(4284, 41),
(4284, 63),
(4285, 39),
(4285, 44),
(4285, 62),
(4286, 39),
(4286, 63),
(4287, 40),
(4287, 43),
(4287, 44),
(4288, 39),
(4288, 51),
(4288, 61),
(4289, 35),
(4289, 63),
(4290, 41),
(4291, 36),
(4292, 36),
(4293, 42),
(4294, 42),
(4295, 40),
(4296, 37),
(4297, 37),
(4298, 39),
(4299, 39),
(4300, 41),
(4300, 63),
(4302, 41),
(4303, 36),
(4304, 63),
(4305, 36),
(4306, 36),
(4307, 41),
(4307, 51),
(4308, 36),
(4309, 44),
(4310, 51),
(4311, 44),
(4312, 43),
(4314, 44),
(4315, 61),
(4316, 44),
(4317, 44),
(4318, 44),
(4319, 38),
(4320, 38),
(4321, 38),
(4322, 38),
(4323, 38),
(4324, 38),
(4325, 63),
(4326, 63),
(4327, 63),
(4328, 41),
(4329, 41),
(4330, 41),
(4331, 41),
(4332, 38),
(4333, 44),
(4334, 41),
(4335, 41),
(4335, 51),
(4336, 54),
(4337, 41),
(4338, 44),
(4339, 39),
(4339, 44),
(4340, 44),
(4340, 45),
(4341, 42),
(4342, 44),
(4343, 44),
(4344, 49),
(4345, 38),
(4346, 38),
(4347, 38),
(4348, 38),
(4349, 45),
(4351, 44),
(4352, 44),
(4353, 44),
(4354, 44),
(4355, 48),
(4356, 44),
(4357, 44),
(4358, 42),
(4359, 42),
(4360, 42),
(4361, 39),
(4362, 39),
(4363, 39),
(4364, 63),
(4365, 39),
(4366, 58),
(4367, 64),
(4368, 41),
(4369, 63),
(4370, 44),
(4371, 41),
(4372, 63),
(4373, 35),
(4373, 44),
(4374, 44),
(4375, 63),
(4376, 44),
(4377, 44),
(4378, 43),
(4379, 45),
(4380, 40),
(4380, 63),
(4381, 63),
(4382, 45),
(4383, 44),
(4384, 43),
(4385, 43),
(4386, 43),
(4387, 43),
(4388, 38),
(4389, 38),
(4390, 43),
(4391, 38),
(4392, 39),
(4393, 38),
(4394, 51),
(4395, 63),
(4396, 36),
(4398, 44),
(4399, 45),
(4400, 46),
(4401, 52),
(4402, 38),
(4403, 42),
(4404, 42),
(4405, 42),
(4406, 63),
(4407, 45),
(4408, 63),
(4409, 63),
(4410, 41),
(4411, 41),
(4412, 57),
(4413, 41),
(4414, 41),
(4415, 41),
(4416, 36),
(4417, 36),
(4418, 36),
(4419, 36),
(4420, 36),
(4421, 40),
(4422, 41),
(4423, 39),
(4423, 44),
(4424, 43),
(4425, 57),
(4426, 44),
(4427, 44),
(4428, 46),
(4429, 45);

-- --------------------------------------------------------

--
-- Struktur dari tabel `comments`
--

CREATE TABLE `comments` (
  `comment_id` int(11) NOT NULL,
  `comment_news_id` int(50) NOT NULL,
  `comment_name` varchar(100) NOT NULL,
  `comment_email` varchar(30) NOT NULL,
  `comment_url` varchar(30) NOT NULL,
  `comment_content` longtext NOT NULL,
  `comment_date` timestamp NOT NULL DEFAULT CURRENT_TIMESTAMP ON UPDATE CURRENT_TIMESTAMP,
  `comment_status` tinyint(2) NOT NULL,
  `comment_user_id` int(11) NOT NULL
) ENGINE=InnoDB DEFAULT CHARSET=latin1;

--
-- Dumping data untuk tabel `comments`
--

INSERT INTO `comments` (`comment_id`, `comment_news_id`, `comment_name`, `comment_email`, `comment_url`, `comment_content`, `comment_date`, `comment_status`, `comment_user_id`) VALUES
(4, 819, '', '', '', 'Wah wah... Jeruuuu ngene dadine...', '2014-04-06 01:21:13', 1, 25),
(5, 2198, '', '', '', 'Banyak kepentingan yang menyebabkan kondisi kilang TPPI  terombang-ambing. Padahal TPPI adalah kilang satu2nya di Indonesia yg mampu mengolah kondensat menjadi BBM. Padahal kondensat di negara ini sangat melimpah. Apakah kilang ini harus jatuh ke asing?\r\nSangat disayangkan jika pemerintah tidak turun tangan. Padahal indonesia masih mengimpor bbm dlm jumlah besar dari broker singapura. Apakah ini jadi ladang uang bagi oknum yg tak bertanggung jawab agar kuota impor trus bertambah sehingga masalah ini trus dipendam dan ditutup rapat agar tidak diketahui publik?', '2014-05-18 13:15:17', 1, 39),
(6, 2198, '', '', '', '', '2014-05-18 13:14:30', 1, 39),
(7, 2225, '', '', '', 'Mantap...', '2014-05-19 04:12:23', 1, 40),
(8, 4278, '', '', '', 'Terimakasi pak suwandi atas info dari tuban', '2014-08-28 11:24:31', 1, 74),
(9, 6799, '', '', '', 'Maturnuwun Mbak Nisa, klarifikasinya', '2015-01-01 10:26:40', 1, 98),
(10, 9835, '', '', '', 'Favorit ini..', '2015-03-24 22:01:19', 1, 130),
(11, 9933, '', '', '', 'udah biasa nemu granat, harusnya nemu tank hehe', '2015-03-26 20:08:10', 1, 134),
(12, 9927, '', '', '', 'emang PBNU minta pake sistem ahwa biar nyogoknya gk banyak2', '2015-03-26 20:11:50', 1, 134),
(14, 9927, '', '', '', 'harusnya semua warga NU punya hak suara, dibikin kayak pemilu hehe', '2015-03-26 20:19:16', 1, 130),
(15, 9935, '', '', '', 'mau tanya pak kiai, kalo hukum menyemir rambut gimana ya? katanya gak boleh', '2015-03-26 21:02:48', 1, 135),
(16, 11039, '', '', '', 'kasian nasib nenek asyani kenapa tega melakukan spt padahal sudah banyak dukungan ternyata ada udang dibalik rempeyek, indonesia oh indonesia mana ada yang gratis ke toilet aja bayar. tapi saya berharap itu tidak benar kalaupun benar pun tidaklah berguna dukungan yang selama ini diberikan', '2015-05-08 17:25:21', 1, 152),
(17, 12396, '', '', '', 'Saya jadi teringat tentang dulu ketika menghadap para PR. sudah susahnya minta ampun malah disusah-susahin. sudah ketemu malah kami dimaki-maki begini\r\n(PR:Kholifah) \"KAMU MAHASISWA KURANG AJAR-KURANG AJAR-KURANG AJAR, KAMU TIDAK MENGHARGAI PARA PEJABAT UNIROW, DAN SEMOGA KAMU KELAK JUGA TIDAK DIHARGAI OLEH ORANG LAIN\" (cemoohan PR:Kholifah) yang saat itu kami meminta tanda tangan LPJ KKN 2011. padahal masalahnya hanya saat ada bimbingan/sosialisasi KKN kami tidak begitu mmperhatikan kaena faktor ruangan yg sempit dan penuh sedangkan Suara Audio Speker begitu tidak jelas.\r\n\r\nMungkin ini karma yang diberikan karnea Kami Mahasiswa Dicemoohi seperti diatas.', '2015-07-12 06:37:57', 1, 164),
(18, 10915, '', '', '', 'untuk konfirmasi mendapat beasiswanya gimana, ya? mohon balas\r\nterimakasih', '2015-07-24 15:09:45', 1, 166),
(19, 10915, '', '', '', 'untuk mendapat konfirmasi soal beasiswa sbmptbr untuk maba unej dr bondowoso, bagaimana ya? mohon balas\r\nterimakasih', '2015-07-24 15:09:46', 1, 166);

-- --------------------------------------------------------

--
-- Struktur dari tabel `contact`
--

CREATE TABLE `contact` (
  `id` int(11) NOT NULL,
  `name` varchar(50) NOT NULL,
  `email` varchar(50) NOT NULL,
  `website` varchar(50) NOT NULL,
  `subject` varchar(20) NOT NULL,
  `message` longtext NOT NULL,
  `quiry_date` timestamp NOT NULL DEFAULT CURRENT_TIMESTAMP ON UPDATE CURRENT_TIMESTAMP,
  `is_read` int(11) NOT NULL,
  `users_id` int(11) NOT NULL,
  `type` varchar(10) NOT NULL
) ENGINE=InnoDB DEFAULT CHARSET=latin1;

--
-- Dumping data untuk tabel `contact`
--

INSERT INTO `contact` (`id`, `name`, `email`, `website`, `subject`, `message`, `quiry_date`, `is_read`, `users_id`, `type`) VALUES
(1, 'Agam', 'adhityo@gam.com', 'gam.com', 'Mail me tonight.', 'WOW THIS IS IRITATING', '2014-01-10 09:15:45', 1, 3, 'receive'),
(2, 'Adhityo', 'adhit@yoagam.com', 'yoagam.com', 'Where is my dog', 'Did you know where is my dog', '2014-01-10 09:15:48', 1, 1, 'receive'),
(4, 'Agam', 'adhityo@gam.com', '', 'Mail me tonight.', '', '2014-03-08 11:42:02', 1, 3, 'send');

-- --------------------------------------------------------

--
-- Struktur dari tabel `files`
--

CREATE TABLE `files` (
  `id` int(11) NOT NULL,
  `object_id` int(11) NOT NULL,
  `module_id` int(11) NOT NULL,
  `user_id` int(11) NOT NULL,
  `name` varchar(50) NOT NULL,
  `filename` varchar(255) NOT NULL,
  `type` varchar(10) NOT NULL,
  `caption_title` varchar(100) NOT NULL,
  `caption_desc` longtext NOT NULL,
  `upload_date` datetime NOT NULL
) ENGINE=InnoDB DEFAULT CHARSET=latin1;

--
-- Dumping data untuk tabel `files`
--

INSERT INTO `files` (`id`, `object_id`, `module_id`, `user_id`, `name`, `filename`, `type`, `caption_title`, `caption_desc`, `upload_date`) VALUES
(18, 16, 1, 1, 'image-ekonomi.jpg', 'de164e9e1678644be077c25f8bf6d2a6.jpg', 'image/jpeg', 'Alun-Alun Bojonergoro', 'Alun-alun Bojonegoro, asri di bagian atas, di dalam tanah, terkandung banyak minyak mentah. Foto:istimewa\r\n', '2014-03-09 02:31:22'),
(21, 19, 1, 1, 'image-jatim-selatan.jpg', '47d2fb82778713ef59e95483401720b1.jpg', 'image/jpeg', 'Warga Letakkan Patung Pocong di Jalan', 'Patung Pocong diletakkan di sebuah jalan yang berlubang agar tidak dilalui kendaraan karena bisa menyebabkan kecelakaan. foto : arif kurniawan', '2014-03-09 02:38:17'),
(23, 22, 1, 1, 'jatim tengah.JPG', '13222bb1d11e89df63ef5db03f7e06c4.JPG', 'image/jpeg', 'PKK Mojokerto Ajak Kader Berfilosofi Ketan', 'Keterangan foto: Ketua Tim Penggerak PKK Kabupaten Mojokerti, Ikfina Kamal Pasa saat memberi sambutan. Foto:humas', '2014-03-09 02:42:50'),
(24, 24, 1, 1, 'image-religia.jpg', '460434ca84129fb2bf45c0b73d7ceb90.jpg', 'image/jpeg', 'Jabatan Kepala Kemenag Jatim Diserahterimakan', 'Drs. H. Mahfud Shodar, M.Ag (kanan), Kepala Kemenag Jatim yang baru, menerima ucapan selamat. Foto: Nur Faishal/Bangsaonline.com', '2014-03-09 02:45:50'),
(25, 25, 1, 1, 'image-metro.jpg', 'ae65a6ab5ac52444b7628ba00613fdf7.jpg', 'image/jpeg', 'Bebas, Sukamto Cs Wajib Lapor ', 'Soekamto Hadi menghirup udara kebebasan lebih awal. Foto:faishal', '2014-03-09 02:48:22'),
(26, 26, 1, 1, '0B JATIM BARAT.JPG', '78d28b59b234611e8e7abb389cf927db.JPG', 'image/jpeg', 'Jalan Rusak Ditanami Drum Bekas', 'Warga berinisiatif meletakkan sejumlah drum bekas pada jalan yang rusak agar tidak terjadi korban kecelakaan. Foto diambil Rabu (5/3). foto : bambang dj', '2014-03-09 02:51:34'),
(27, 27, 1, 1, 'image-jatim-tengah.jpg', '839ffc02f3dc86e5d52fe6c41d680b4c.jpg', 'image/jpeg', 'Lapangan Surodinawan Mirip TPS', 'Fungsi lapangan sudah tak tampak lagi. Foto:yudi eko purnomo', '2014-03-09 02:53:46'),
(28, 28, 1, 1, 'image-jatim-timur.jpg', '6af75064bb58a66f16eba41b232d5c3d.jpg', 'image/jpeg', 'Ratusan Surat Suara Didapati Rusak', 'Proses pelipatan surat suara yang dilakukan KPU Kabupaten Lumajang dengan melibatkan 350 orang. foto: imron', '2014-03-09 02:56:15'),
(29, 29, 1, 1, 'image-jatim-utara.jpg', '5b3afc78b8d8a03130eb981474fd1f2e.jpg', 'image/jpeg', '', 'Para pelaku usaha kecil di Lamongan saat mendengarkan penjelasan.foto:aris sugianto', '2014-03-09 02:58:21'),
(30, 30, 1, 1, '0F JATIM SELATAN.JPG', '6a952e82ab0ce351d23c6d5822bf1d57.JPG', 'image/jpeg', 'Menteri Agama Bantu Fasum Erupsi Kelud', 'Menteri Agama RI Suryadharma Ali saat memberikan bantuan secara simbolis kepada korban Gunung Kelud di GNI kota Kediri. Foto : arif kurniawan', '2014-03-09 03:01:41'),
(146, 124, 1, 3, '00-sambang-desa.jpg', '3d86aa43e07ec53490772f7a57d5822b.jpg', 'image/jpeg', 'Foto Sambang Desa', 'Iswanto Kepala Desa Tulangan menujukan lokasi bantaran sungai disamping jalan rusak. foto:agus HP/HARIAN BANGSA)', '2014-03-10 20:22:44'),
(147, 126, 1, 3, 'IMG-20140310-00850.jpg', 'b7a6a70aab4d373c84add5d419a799e8.jpg', 'image/jpeg', '', 'Salah satu rumah keluarga tergugat dihancurkan dengan alat berat begho saat eksekusi lahan di Desa Pagagan, Pademawu, Pamekasan, Senin (10/3). Foto: Rizal', '2014-03-10 22:21:00'),
(148, 127, 1, 3, 'Aktivis KMS Sumenep kampanyekan Pemilu 2014 tanpa ', 'c67e2f7171eceda21e0c1d52a41d8e61.jpg', 'image/jpeg', '', 'Mahasiswa Sumenep berdemo di depan kantor DPRD setempat, Senin (10/3). Mereka menolak politik uang di Pemilu 2014 nanti. Foto: Ida Okvinita/Bangsaonline.com', '2014-03-10 22:26:06'),
(149, 128, 1, 3, '0-foto berita OPEN.jpg', '6a1305cf7e072de90980ea2284ff9ebf.jpg', 'image/jpeg', '', 'BELAJAR - Suasana belajar-mengajar di SMK Putra Bangsa Kota Mojokerto, Senin (10/3/2014).  foto : yudi eko purnomo/BANGSAONLINE', '2014-03-10 22:27:35'),
(150, 129, 1, 3, 'IMG-20140310-00117.jpg', '343f7687e6d3924b03f4a0636391e2c7.jpg', 'image/jpeg', '', 'Mahasiswa Sampang kecewa gagal beraudiensi dengan pejabat Dispendik setempat, Senin (10/3). Foto: Junaidi Jufa', '2014-03-10 22:32:17'),
(151, 130, 1, 3, 'Pamekasan-20140310-00138.jpg', 'f1d9d9bd2df79b162ea1017056074c9a.jpg', 'image/jpeg', '', 'Santri dan alumni Ponpes Miftahul Ulum Bettet, Pamekasan, berunjukrasa di PN setempat, Senin (10/3). Foto: Mustopa/Bangsaonline.com', '2014-03-10 22:35:47'),
(152, 132, 1, 3, '00 bonek.jpg', '19498b3852eaefcfd6210765545f9e72.jpg', 'image/jpeg', '', 'Dua terdakwa sesaat sebelum menjalani sidang pengeroyokan sesama Bonek, Senin (10/3/2014). foto:faishal/BANGSA ONLINE', '2014-03-10 22:40:28'),
(154, 134, 1, 3, '00 foto A.jpg', 'cb328389c9177f2d48a05efd15549e63.jpg', 'image/jpeg', '', 'Jajaran Forpimda Jawa Timur saat rapat koordinasi terkait pileg, Senin (10/3/2014). foto:nisa/BANGSA ONLINE', '2014-03-10 22:52:49'),
(155, 136, 1, 3, 'sosialisasi.jpg', 'd14b72a8334a0e10fd4fecbf5ebe79c0.jpg', 'image/jpeg', '', 'TEKAN LAKA DAN NARKOBA Kepala Dishub Kominfo Ruby Hartoyo membuka sosialisasi didampingi para narasumber, diantaranya Kasat Lantas Polres Mojokerto Kota AKP Triyanto, Senin (10/3/2014). foto : yudi eko purnomo/BANGSAONLINE', '2014-03-10 22:56:39'),
(156, 137, 1, 3, '00 jaksa.jpg', '3adda44a507e5e03120c9b1970c992ce.jpg', 'image/jpeg', '', 'Eko Nugroho, Jaksa Kejari Perak Surabaya. Foto: Nur Faishal/Bangsaonline.com ', '2014-03-10 22:57:43'),
(157, 141, 1, 3, '00 konjen walikota.jpg', '3a0c4bb5d7595901cc4ac1cac3a6c943.jpg', 'image/jpeg', '', 'Konsul Jenderal Amerika Serikat di Surabaya, Joaquin Monserrate bersama Wali Kota Surabaya Tri Rismaharini, di balai kota, Senin (10/3/2014).(foto:humas)', '2014-03-10 23:10:48'),
(158, 145, 1, 3, '00 sekda pemilu.jpg', '570091de5e4f4d88b509358f8f2adfae.jpg', 'image/jpeg', '', 'Sekda Prov Jatim AKH Sukardi MM menerima anggota Komisi II DPR RI, Senin (14/3/2014). foto:nisa', '2014-03-10 23:19:03'),
(159, 151, 1, 3, '00 foto A.jpg', 'd306837324b76cda2bb8fa23047e4f7b.jpg', 'image/jpeg', '', 'Warga Desa Semambung berjoget caesar, saat demo di Kejari Sidoarjo, Senin (10/3/2014). foto:daryanto/BANGSA ONLINE', '2014-03-10 23:47:22'),
(160, 152, 1, 3, 'Hasnul_01.jpg', '612d5ce6c7e0153191ac6f261385e46b.jpg', 'image/jpeg', '', 'Presiden Direktur XL Hasnul Suhaimi. foto istimewa', '2014-03-10 23:51:10'),
(161, 153, 1, 3, 'nutrilone1.JPG', '6dafdd938f7a09a53344980b434f4c8b.JPG', 'image/jpeg', '', '(kanan-kiri) Ardhya Santika, Brand Manager Nutrilon Royal dan dr. Sarah Angelique, National Medical Affairs Manager Nutricia berbincang dengan anak dan ibu yang melakukan kunjungan ke Nutrilon Royal Fair di Surabaya.', '2014-03-11 00:17:46'),
(163, 154, 1, 3, 'f-AAA1.jpg', '9a34233cf84f27c7bcd36aed5a0cae8f.jpg', 'image/jpeg', 'LIPAT.', ' Kertas surat suara ini akan dilipat oleh ratusan tenaga yang dipakai KPU. foto : suwandi/bangsaonline', '2014-03-11 00:24:11'),
(164, 156, 1, 3, 'lamongan.jpg', '394d2871a572fe7a3e10268e35b14da9.jpg', 'image/jpeg', 'DITANGKAP.', 'Tersangka saat digelandang petugas Polres Lamongan. foto : haris sugianto/bangsaonline', '2014-03-11 00:29:52'),
(165, 159, 1, 3, 'bus sekolah.jpg', 'd1d3e3746f8bed7fa4181b575656b6cb.jpg', 'image/jpeg', '', 'ANTARJEMPUT. Bus antarjemput sekolah ketika diluncurkan. foto : syuhud/bangsaonline', '2014-03-11 00:37:33'),
(167, 138, 1, 3, 'harun-0k (2).jpg', 'c514efb90ff7400dde39042eac5ec01d.jpg', 'image/jpeg', '', 'Harun, Kepala Dinas Pendidikan Jawa Timur. foto:nisa/BANGSA ONLINE', '2014-03-11 01:57:24'),
(175, 169, 1, 3, '670px-Be-a-Good-Journalist-Step-6.jpg', '394908ea59dbea163d67e08507751f16.jpg', 'image/jpeg', '', '', '2014-03-11 08:54:22'),
(177, 170, 1, 3, '050314 - Perajin sasak bambu3.jpg', '3a3292b8ed0b282cc1644395aae3074c.jpg', 'image/jpeg', '', 'Dengan usaha ini, mantan petani di Bojonegoro ini menyambung hidup. foto:eky nur hadi/BANGSA ONLINE', '2014-03-11 09:27:20'),
(178, 171, 1, 3, '050314 - Perajin sasak bambu1.jpg', '8ae5bb1c76f4ce46a758496dd3c07fc9.jpg', 'image/jpeg', '', 'Demi kelangsungan hidup keluarga. foto:eky nur hadi/BANGSA ONLINE', '2014-03-11 09:36:03'),
(179, 172, 1, 3, '050314 - Perajin sasak bambu3.jpg', '22ebac43c48e924a4a62ea52ea340e1c.jpg', 'image/jpeg', '', 'Kapan nasib kami berubah? foto:eky nur hadi/BANGSA ONLINE', '2014-03-11 09:41:44'),
(180, 173, 1, 3, '13760449841173449325.jpg', '6118313dcfb490796c781e243db4332c.jpg', 'image/jpeg', '', 'Hatta Rajasa, Menteri Koordinator Bidang Perekonomian Republik Indonesia. foto:repro kompasiana.com', '2014-03-11 09:48:51'),
(182, 180, 1, 3, 'Sampang-20140311-00122.jpg', '69a7ddb8724be4c3a7020e8cbc64bd77.jpg', 'image/jpeg', '', 'Perwakilan mahasiswa (kanan) saat menanyakan keseriusan penanganan kasus korupsi kepada Kasintel Kejari Sampang Sucipto. Foto: Junaidi Jufa/Bangsaonline.com', '2014-03-11 13:13:13'),
(183, 181, 1, 3, 'wpid-DSC_3076.jpg', 'fb981541bfa432d72c56388756e0fe8a.jpg', 'image/jpeg', '', 'Kajati Jatim Arminsyah', '2014-03-11 13:48:13'),
(184, 182, 1, 3, 'IMG02175-20140311-1138.jpg', 'a893bd45610faa7651a04ad5997a3776.jpg', 'image/jpeg', '', 'Kadis PU Pengairan Sidoarjo Fatchur Rahman', '2014-03-11 14:28:58'),
(185, 183, 1, 3, 'IMG01984-20140311-1046.jpg', 'b61dc542c1cf9a8e86220a9b82e226e8.jpg', 'image/jpeg', '', 'Satpol PP menjaring gepeng dalam razia yang dilakukan di Taman Adipura. Foto: Ida Okvinita/Bangsaonline.com', '2014-03-11 14:49:51'),
(186, 184, 1, 3, 'mutasi.jpg', '02720367124e306925ab06ca93f97072.jpg', 'image/jpeg', '', 'Prosesi mutasi dan pelantikan pejabat baru di Kabupaten Mojokerto. Foto: Yuid/Bangsaonline.com', '2014-03-11 15:16:50'),
(187, 189, 1, 3, 'Dukuh Pakis-20140311-00570.jpg', '2d828c76253944e53bfe3201eb9bd177.jpg', 'image/jpeg', '', 'Wakil Menhan Sjafrie Sjamsoedin dan Pangdam V/Brawijaya Mayjen Ediwan Prabowo saat penyerahan bantuan korban Kelud. Foto: Rusmiyanto/Bangsaonline.com', '2014-03-11 16:59:38'),
(189, 191, 1, 3, '46 Peluru Aktif ditemukan Dalam Selokan Jl. KH. Ma', '16988a240c1518794072f50d005fb540.jpg', 'image/jpeg', '', 'Petugas mengevakuasi 46 peluru aktif yang ditemukan di selokan di Jalan KH Mas Mansyur, Surabaya, Selasa (11/3/2014). Foto: Rusmiyanto/Bangsaonline.com', '2014-03-11 18:30:18'),
(190, 192, 1, 3, 'smartfren.jpg', 'e4c0d59a2fdd1b94e0fb5b1e4e0b74ee.jpg', 'image/jpeg', '', 'KINERJA. Deputy CEO Smartfren Telecom Djoko Tata Ibrahim (kiri) saat menyampaikan kinerja smartfren. foto : nisa/bangsaonline', '2014-03-11 18:31:30'),
(191, 193, 1, 3, 'tersangka.jpg', 'a2cc0ea3f52955302c1dadedf38d0095.jpg', 'image/jpeg', '', 'DITAHAN. Tersangka Purwanto berada di Polres Gresik foto : shopii/bangsaonline', '2014-03-11 19:19:32'),
(192, 194, 1, 3, 'kadiskop.JPG', '624d3c97f547068ff9ddcec4ea62797b.JPG', 'image/jpeg', '', 'Kadiskop Jatim RB Fattah Jasin bersama Ibu Wakapolda Jatim, Selasa (11/3/2014).foto:yuli eksanti/BANGSA ONLINE', '2014-03-11 19:27:03'),
(193, 198, 1, 3, 'Sosialisasi HAM4.JPG', '9ddb6600b22ea60254858952e73c7279.JPG', 'image/jpeg', '', 'Wakil Wali Kota Surabaya Wisnu Sakti Buana menyalami peserta sosialisasi HAM, Selasa (11/3/2014). foto:humas', '2014-03-11 19:46:27'),
(202, 218, 1, 3, 'IMG-20140311-01643.jpg', '94717262807fe91f79397c707d2fb2ab.jpg', 'image/jpeg', '', 'kondisi rumah orang tua Vika, yang jauh dari sejahtera.foto:eky nur hadi/BANGSA ONLINE', '2014-03-12 08:09:45'),
(203, 218, 1, 3, 'IMG01064-20140309-1214.jpg', 'c33f8cdd72b67770ae40ea9b8bdda703.jpg', 'image/jpeg', '', 'Vika membuat kerajinan dari kain vlanel. Upaya agar tidak bosan dan capek.foto:eky nur hadi/BANGSA ONLINE', '2014-03-12 08:10:12'),
(208, 228, 1, 3, 'walcot.JPG', '6ab737d476144dc104e25e8dd8988fcd.JPG', 'image/jpeg', '', 'Kedubes Belanda menemui Walikota Tri Rismaharini di Balai Kota Surabaya, Rabu (12/3/2014). Foto: Sofyan Hadi/Bangsaonline.com', '2014-03-12 11:56:39'),
(213, 233, 1, 3, 'KPU-BOJONEGORO.JPG', 'b0efb67598ff6cab16829327f3f3d8fa.JPG', 'image/jpeg', 'BERKAS LENGKAP', 'Semua Parpol peserta Pemilu di Bojonegoro sudah melengkapi berkas', '2014-03-12 13:59:20'),
(214, 234, 1, 3, 'masdar.JPG', '26c8e5a3020c7d0f6b6792ceb29ae3c3.JPG', 'image/jpeg', '', 'DR Sjarazad Masdar MA ', '2014-03-12 14:11:05'),
(215, 235, 1, 3, 'pupuk-kelud.JPG', '4bee06d9554d5210457413180ccd7e5c.JPG', 'image/jpeg', 'PUPUK KELUD', 'Bupati Kediri Haryanti Sutrisno aat memberikan sambutan dalam acara pemberian bantuan pupuk di halaman Gedung Theater, area Gunung Kelud.foto: arif kurniawan\r\n\r\n', '2014-03-12 14:31:18'),
(216, 236, 1, 3, 'BUPATI-SIDOARJO.JPG', 'b823c881c779eacd99ebdd5cc983ce65.JPG', 'image/jpeg', 'BERI KETERANGAN ', 'Bupati Sidoarjo H Saiful Ilah memberikan keterangan pada wartawan usai sidang paripurna, di Gedung DPRD Sidoarjo, Rabu (12/3/2014). foto : mustain/BANGSAONLINE', '2014-03-12 14:39:13'),
(217, 238, 1, 3, 'Polsek-BLULUK.JPG', 'dbc2fe9e8e83020f74440d51c8b55ccf.JPG', 'image/jpeg', 'LURUK POLSEK', 'Puluhan warga Desa Meragel saat mendatangi Polsek Bluluk. foto: azharil farih/BANGSAONLINE\r\n', '2014-03-12 14:52:09'),
(218, 240, 1, 3, 'Panwaslu-SAMPANG.JPG', '547e71a34b6514dc64c8a0bf78fb367d.JPG', 'image/jpeg', 'MELANGGAR', 'Panwaslu Sampang menempelkan stiker pada APK yang melanggar aturan.foto:junaidi jufa/BANGSAONLINE', '2014-03-12 15:15:31'),
(219, 241, 1, 3, 'bupati ajak masyarakat tak golput.JPG', '2c5eaf118428e4edcf9cc44bbf2f01dd.JPG', 'image/jpeg', 'JANGAN GOLPUT', 'Bupati Sidoarjo, H. Saiful Ilah SH MHum saat memberi arahan sosialisasi pemilu di Kecamatan Sukodono. Foto : daryanto/BANGSAONLINE\r\n', '2014-03-12 15:37:42'),
(220, 244, 1, 3, 'launcing-survey.JPG', 'ddb5c44386b5a70c94b3eada3c2db008.JPG', 'image/jpeg', 'HASIL SURVEI', 'Launching Hasil Survei Youth Integrity Survey 2013', '2014-03-12 16:50:50'),
(223, 246, 1, 3, 'foto MKP.jpg', '1d7bb911f4c66266be678b22bc9a2077.jpg', 'image/jpeg', 'APRESIASI', '?\r\nBupati Mojokerto H Mustofa Kamal Pasa (MKP) meninjau pameran pendidikan kerjasama USAID dan Diknas Mojokerto, Rabu (12/3/2014). foto : Humas Pemkab Mojokerto untuk bangsaonline', '2014-03-12 23:05:40'),
(224, 245, 1, 3, '0-foto berita OPEN-sita TKD-foto yudi.jpg', 'ecdf2822d6918c236340dce284acc148.jpg', 'image/jpeg', 'DISITA', 'Tanah Kas Desa (TKD) Gunung Gedangan yang telah disita oleh Kejari Mojokerto. foto : yudi eko purnomo/bangsaonline\r\n', '2014-03-12 23:19:37'),
(225, 248, 1, 3, '00 harun.jpg', 'facdad834a75b04658eb99de7627ca78.jpg', 'image/jpeg', '', 'Kepala Dinas Pendidikan Jatim Harun dan beberapa kepala sekolah tingkat SMP-SMA se-Jatim dan perguruan tinggi, di sela sosialisasi UN. foto:nisa/BANGSA ONLINE\r\n', '2014-03-12 23:24:58'),
(226, 249, 1, 3, 'kunjungan6.jpg', 'b04aa227712d19c2c14fda7956081b1b.jpg', 'image/jpeg', '', 'Usai memberikan selamat HUT, berfoto bersama di depan ruang redaksi', '2014-03-12 23:30:28'),
(228, 250, 1, 3, 'Capture 8_edit.PNG', 'b75c04d24b12c03660b24b51cae4c331.PNG', 'image/png', '', 'Para kader sedang memberi hormat dengan mencium tangan megawati. Foto: tri susanto', '2014-03-12 23:34:36'),
(229, 259, 1, 3, 'ektp (1).2jpg.jpg', '25cd94c60fb49ce72d427a1acf43ebf3.jpg', 'image/jpeg', '', 'Seorang warga sedang menjalani pendataan e-KTP', '2014-03-13 00:00:38'),
(230, 263, 1, 3, '250214 - Pemkab Bojonegoro.jpg', '0d71a2161717ef40aa6390c9339d9007.jpg', 'image/jpeg', '', 'Di bawah pendopo ini, terdapat minyak mentah yang jumlahnya cukup menggiurkan. foto:eky nur hadi/BANGSA ONLINE', '2014-03-13 11:05:28'),
(233, 271, 1, 3, 'Langgar Perda, Satpol PP Sumenep turunkan banner c', '27221058f563aef0b8acd4d732620055.jpg', 'image/jpeg', '', 'poster caleg yang sedang dilorot petugas  Satpol PP. foto:nita/BANGSA ONLINE', '2014-03-13 13:26:16'),
(234, 267, 1, 3, 'IMG01547-20140313-1027.jpg', 'c9fdb19462fa1612a68b4d2d7e48b165.jpg', 'image/jpeg', '', 'Win Hindrarso saat berkomunikasi dengan istrinya, Emi Susanti. foto:nur faishal/BANGSA ONLINE', '2014-03-13 13:39:03'),
(235, 273, 1, 3, 'dar-pohon ambar tumbang.JPG', '095c7466ae230fc5b5f6611e7bb66142.JPG', 'image/jpeg', '', 'Pohon Ambar ini masih tergeletak diseparoh badan Jalan barat rel kereta api, diharapkan Pemkab Sidoarjo segera menggergajinya agar tidak mengganggu lalu-lintas. (Foto : daryanto/BANGSAONLINE)', '2014-03-13 13:43:00'),
(237, 275, 1, 3, 'rumah longsor bojonegoro.jpg', '6062a3440074a9b89e1dd08a4c0352da.jpg', 'image/jpeg', '', 'ROBOH. Empat rumah di Desa Babad Kecamatan Kedungadem Bojonegoro terancam roboh karena tanah yang longsor.foto : eky/bangsaonline\r\n\r\n', '2014-03-13 21:19:45'),
(238, 276, 1, 3, '0-foto BERITA OPEN-ruby hartoyo-foto mojkerto.JPG', '052cf28b5ac5ea155bb699c3cf94d809.JPG', 'image/jpeg', '', 'Ruby Hartoyo - Kepala Dishub Kominfo Kota Mojokerto. foto : yudi eko purnomo/BANGSAONLINE', '2014-03-13 21:23:29'),
(239, 278, 1, 3, 'Polres-Banyuwangi.JPG', 'ebcbde9cbb3820fdbd7722425124435a.JPG', 'image/jpeg', 'DIPAMERKAN', 'Para pelaku dan barang bukti saat memamerkan barang bukti hasil pencurian dalam pemberatan yang diamankan Satreskrim Polres Banyuwangi.foto: fransiscus wawan/BANGSAONLINE', '2014-03-13 21:27:40'),
(242, 280, 1, 3, 'NANA.JPG', 'bdfa97ee09ccb806482e58d11e93aebd.JPG', 'image/jpeg', 'CALEG POLWAN', 'Nana Mahdiyanah saat berbicara dengan warga Pondok Pesantren Barokatul Hikam, Kelurahan Bulusan, Kecamatan Kalipuro, Banyuwangi.foto:Fransiscus Wawan/HARIAN BANGSA', '2014-03-13 21:35:20'),
(243, 281, 1, 3, 'Kesbang-POL.JPG', 'debf84bdd43f10e033d4ea68c5e9a3ec.JPG', 'image/jpeg', 'Kepala Bakesbangpol Kabupaten Jember', 'Widi Prasetyo', '2014-03-13 21:46:07'),
(244, 283, 1, 3, 'pedagang.JPG', '8bc7ce94835e6caa36b92e64b8c1d3f4.JPG', 'image/jpeg', 'PROTES', 'Para pedagang Pasar Semampir mendatangi kantor pasar. Mereka memrotes tindakan pungli yang dilakukan oknum petugas pasar. foto: andi sirajudin/BANGSAONLINE', '2014-03-13 21:55:51'),
(245, 284, 1, 3, 'foto mjkerto-gedung rusak.JPG', 'a2087234d550a8ad859c614d0e1eabec.JPG', 'image/jpeg', 'BELUM DITEMPATI', 'Inilah ruang kelas baru di SDN Kenanten Kecamatan Puri Kabupaten Mojokerto yang belum dipakai untuk kegiatan belajar mengajar. foto : gunadhi/BANGSAONLINE', '2014-03-13 22:08:51'),
(246, 285, 1, 3, 'sambut sby.jpg', '0b8c3e39384c0e30cfe535e392667545.jpg', 'image/jpeg', '', 'SAMBUT. Demi melihat presiden, siswa-siswi SDN  Sukolilo Kecamatan Bancar Tuban berbaris di pinggir jalanan Pantura. foto : suwandi/bangsaonline', '2014-03-13 22:21:23'),
(250, 290, 1, 3, 'karyawankediri.JPG', '19c5a73ff4c163effc4d6835b902e076.JPG', 'image/jpeg', '', '', '2014-03-13 22:58:50'),
(251, 289, 1, 3, 'upal.jpg', '572c7601c1d50fa8f7b86e0583a71c29.jpg', 'image/jpeg', '', 'PALSU. Upal dan alat pencetak serta 4 tersangka diamankan petugas. Upal yang dicetak nyaris sempurna. foto : rusmiyanto/bangsaonline', '2014-03-13 23:00:59'),
(252, 291, 1, 3, 'o line.jpg', '8dcb06f619bff73f99666332ee687323.jpg', 'image/jpeg', '', ' Herman Felani PLT Kepala Desa Kedung Rejo, Jabon tunjukan lokasi area sawah terendam. (foto Agus HP) ', '2014-03-13 23:06:03'),
(253, 292, 1, 3, 'JKNonline.jpg', '17cf78f85632574a69e6481666fddc00.jpg', 'image/jpeg', '', 'Sekjen Kementerian Kesehatan (Kemenkes) dr Suprijantoro saat sosialisasi Jaminsn Kesehatan Sosial di Surabaya. foto : nisa/bangsaonline', '2014-03-13 23:14:47'),
(254, 293, 1, 3, 'mari pangestu.jpg', 'c66978cfe17e55f87df5eec6296c9442.jpg', 'image/jpeg', '', 'Bupati Bojonegoro Suyoto mendampingi Menteri Pariwisata dan Ekonomi Kreatif, Mari Elka Pangestu saat berkunjung ke Bojonegoro. foto : eky nur hadi/bangsaonline', '2014-03-13 23:15:33'),
(255, 294, 1, 3, 'sidang bupati gresik.jpg', 'a424232414c907488c32b74b2cffbff6.jpg', 'image/jpeg', '', 'Tim Kuasa hukum Kades Sumurber Ach Syafie Las. Foto: Nur Faishal/Bangsaonline.com', '2014-03-13 23:33:16'),
(256, 294, 1, 3, 'banjir mayjenonlen.jpg', 'f0370a5e3bc8b266e51f30bdb85e789b.jpg', 'image/jpeg', '', '?Kawasan Jalan Mayjend Sungkono yang tiga lalu sudah tidak ada banjir, kemarin termasuk wilayah yang genangan airnya cukup tinggi. Foto: maulana\r\n', '2014-03-13 23:33:17'),
(257, 295, 1, 3, 'banjir mayjenonlen.jpg', '1ba01748e1726e32a76e43332c94d333.jpg', 'image/jpeg', '', 'Kawasan Jalan Mayjend Sungkono yang tiga tahun lalu sudah tidak ada banjir, kemarin termasuk wilayah yang genangan airnya cukup tinggi. Foto: maulana', '2014-03-13 23:34:56'),
(258, 296, 1, 3, 'persebaya.JPG', '3fb0cbf74e98105e18262167c1ffd5fc.JPG', 'image/jpeg', 'FOKUS SERANGAN', 'RD memberi instruksi kepada para pemain Pesebaya dalam satu sesi latihan. foto:goal', '2014-03-14 07:49:49'),
(264, 288, 1, 3, '9a2d840bb35f156b690b286e42bd01c5.jpg', '4010d22de892c7cd80bba7a01769b8f4.jpg', 'image/jpeg', '', '', '2014-03-14 08:56:48'),
(265, 297, 1, 3, 'samdes.JPG', '90d025f081318d77688c12077860db71.JPG', 'image/jpeg', '', 'Ir H. Fatchur Rahman\r\nKepala Dinas Pekerjaan Umum (DPU) Pengairan ', '2014-03-14 11:39:14'),
(267, 298, 1, 3, 'P1050492.JPG', '9ce94ba6537a68ec721fa1324292bbc0.JPG', 'image/jpeg', '', '', '2014-03-14 12:47:10'),
(268, 299, 1, 3, 'dar-pimpinan parpol mambacakan ikrar pemilu damai.', '2dfe6d0fd098d6db3b98428c1e526a01.jpg', 'image/jpeg', '', '?Forpimda, Ketua KPU, Ketua Panwaslu dan pimpinan parpol beri tanda jempol sepakat pelaksanaan pemilu damai, Jumat (14/3) di Mapolres Sidoarjo.(foto : daryanto/bangsaonline)\r\n', '2014-03-14 12:58:50'),
(269, 300, 1, 3, 'foto jaringan PLN di Kelud-NISA.jpg', 'cb18de4132e21cdb808f688975799706.jpg', 'image/jpeg', 'TERDAMPAK', 'Kondisi jaringan kabel listrik PLN di daerah terdampak letusan Gunung Kelud. foto istimewa\r\n\r\n', '2014-03-14 13:13:51'),
(270, 302, 1, 3, '130314 - Panen padi2.jpg', '49ca6f74868d5663f3b00f937cadedb2.jpg', 'image/jpeg', 'MULAI PANEN', 'Petani Sekitar Ladang Migas Bojonegoro Mulai Panen Padi, Jum\'at (14/3/2014). foto : eky nur hady/BANGSAONLINE', '2014-03-14 13:34:01'),
(271, 301, 1, 3, 'IMG_5894.jpg', '06033cd20d46361809c516247b66a7fd.jpg', 'image/jpeg', '', 'KH Khoirul Huda Muslim saat melakukan terapi ke salahsatu jamaah usai mengikuti istighotsah di Majelis ta\'lim Al Hasanah.', '2014-03-14 13:35:38'),
(272, 304, 1, 3, 'kotak suara keliling.jpg', '2faf914cc6b8605eef85c920b2ed4bd6.jpg', 'image/jpeg', 'SOSIALISASI', '\r\nBoneka berbentuk kotak suara mewarnai jalan sehat Pemilu 2014 yang digelar KPU Jombang. foto : adi susanto/BANGSAONLINE', '2014-03-14 14:19:29'),
(273, 306, 1, 3, 'oknum PNS Pemkot Kediri.jpg', '682703477d5c34a778b1c608331c0805.jpg', 'image/jpeg', 'DIPERIKSA', 'Salah satu oknum PNS pemkot Kediri yang terlibat adu jotos saat dibawa petugas Satpol PP untuk dimintai keterangan di kantor Inspektorat Kota Kediri, Jum\'at (14/3/2014). foto : arif kurniawan/BANGSAONLINE', '2014-03-14 15:05:54'),
(274, 308, 1, 3, 'BANYUWANGI-BUKTI NARKOBA.JPG', '8c1b99f98df816d498b3aaeec9f00209.JPG', 'image/jpeg', 'BEBER BUKTI ', 'Kapolres Banyuwangi AKBP Yusuf SIK membeber barang bukti yang berhasil diamankan Satnarkoba Polres Banyuwangi, Jumat (14/3/2014).foto : fransiscus wawan slamet/BANGSAONLINE\r\n\r\n', '2014-03-14 17:49:42'),
(275, 310, 1, 3, 'LUMAJANG-korban bondet.JPG', '515e3a377550eede1ba227c15455fbcc.JPG', 'image/jpeg', 'TERLUKA -', 'Korban Sunari yang terkena lemparan bondet, terbaring tidak berdaya di RSU dr Haryoto Lumajang, Jum\'at (14/3/2014). foto : imron/BANGSAONLINE', '2014-03-14 18:18:49'),
(276, 307, 1, 3, 'SAMPANG-FOTO BPN.JPG', 'f6e0b33715d8dcb379f7bde09eed871c.JPG', 'image/jpeg', 'RESAH', 'Warga Desa Tlambeh Kecamatan Karang Penang Kabupaten Sampang yang sertifikat tanahnya belum selesai meski sudah dilakukan pengukuran tahun 2008 silam. foto : junaidi/BANGSAONLINE', '2014-03-14 18:23:52'),
(277, 311, 1, 3, 'pak ud.jpg', '28544e86b46d6e9674730048057164df.jpg', 'image/jpeg', '', 'HM Mas\'ud Adnan', '2014-03-14 20:05:42'),
(278, 312, 1, 3, 'BUPATI AJAK JAGA GRESIK.jpg', '42731e4fbe407b6f4ba8478be22da612.jpg', 'image/jpeg', '', '?\r\n\r\nteks ft:\r\nDAMAI. Bupati Gresik Sambari Halim didampingi Kapolres AKBP E Zulfan ketika tandatangan kesepakatan\r\ndeklarasi damai. foto : syuhud/bangsaonline\r\n', '2014-03-14 21:35:43'),
(281, 315, 1, 3, 'XL- peduli kelud.JPG', '4fd5be93d883b1c8b26a97702e48b3b5.JPG', 'image/jpeg', '', 'SEHAT. Petugas kesehatan sedang memeriksa seorang warga Mangli. ', '2014-03-14 21:55:06'),
(282, 316, 1, 3, 'IMG_20140313_164249.jpg', '518ca8446f696c76ec83d7d456c9b8b1.jpg', 'image/jpeg', '', 'pengendara motor siap mogok sesaat sebelum menerjang banjir.foto:maulana/BANGSA ONLINE', '2014-03-14 21:59:17'),
(283, 316, 1, 3, 'IMG_20140313_173057.jpg', '8faa0e45049e6be7edcb3fba4ef755cf.jpg', 'image/jpeg', '', 'Banjir menyebabkan lalu lintas merambat. foto:maulana/BANGSA ONLINE', '2014-03-14 22:00:46'),
(284, 316, 1, 3, 'IMG_20140313_173219.jpg', '55f7604c69fbd47b25450fea952c64f1.jpg', 'image/jpeg', '', 'Macet gara-gara banjir. foto:maulana/BANGSA ONLINE', '2014-03-14 22:01:29'),
(287, 317, 1, 3, 'bhima.JPG', 'd31aedd1e1d987263f92b75b5530e618.JPG', 'image/jpeg', 'BERSAMA FORPIMDA', ' Ketua KPU Sidoarjo Bhima Ariesdiyanto (berkacamata) kala mendampingi Wabup Sidoarjo MG Hadi Sutjipto dan Kapolres Sidoarjo AKBP Marjuki mengecek sortir surat suara, di kantor KPU Sidoarjo, 6 Maret 2014. foto : mustain/BANGSAONLINE', '2014-03-14 22:28:12'),
(290, 320, 1, 3, 'HM Zainul Lutfi-PAN.jpg', 'f490156556170d8a25f160b94e4b0764.jpg', 'image/jpeg', 'PILIH TERTUTUP', 'Sekretaris DPD PAN Sidoarjo HM Zainul Lutfi. foto : mustain/BANGSAONLINE\r\n\r\n', '2014-03-15 00:00:00'),
(291, 321, 1, 3, '0905_AYO MEMILIH_1.JPG', '92b6a9c4e881184d4ad2a066ffb5140c.JPG', 'image/jpeg', 'AYO MEMILIH', 'Forum Pimpinan Daerah (Forpimda) Sidoarjo, KPU Sidoarjo dan Panwaslu Sidoarjo mengacungkan tanda jempol di dekat badut kotak suara, di depan Pendapa Delta Wibawa, kala Jalan Sehat Pemilu 2014, akhir pekan lalu. foto : mustain/BANGSAONLINE', '2014-03-15 00:07:22'),
(313, 322, 1, 3, 'bbbbb.jpg', '229102a27ac303dc66caff5e8e8ef37a.jpg', 'image/jpeg', '', '', '2014-03-15 10:07:39'),
(314, 323, 1, 3, 'timnas.jpg', '955854a54f45d03de43d408fe145a578.jpg', 'image/jpeg', 'Timnas-U-19', 'Masih perkasa dalam Ttur Nusantara', '2014-03-15 10:50:31'),
(315, 324, 1, 3, 'pak dur1.jpg', '90b4834212ec282631f45eca88dec147.jpg', 'image/jpeg', '', '', '2014-03-15 11:10:05'),
(316, 324, 1, 3, 'pakdur2.jpg', '7ff333298fb77bfe659ee3b41386fb17.jpg', 'image/jpeg', '', '', '2014-03-15 11:10:26'),
(317, 324, 1, 3, 'pakdur3.jpg', 'bb9d4b0c1f0fc6e2f58e3bc12e7f848a.jpg', 'image/jpeg', '', '', '2014-03-15 11:11:24'),
(318, 324, 1, 3, 'pakdur4.jpg', 'ae0d2e0cf27b4799d6fa4f44d1ee18e4.jpg', 'image/jpeg', '', '', '2014-03-15 11:11:30'),
(319, 324, 1, 3, 'pakdur5.jpg', '2d2f670939b1a166c9bfbe8c0bf05533.jpg', 'image/jpeg', '', '', '2014-03-15 11:11:31'),
(320, 325, 1, 3, 'pakdur4.jpg', '0a72cd96f90f8255d0ba5e3c03beacee.jpg', 'image/jpeg', 'KHIDMAT', 'Suasana puncak resepsi HUT ke-14 Harian BANGSA,  yang digelar di kantor Harian BANGSA,  gedung Jawa Pos, Jl Karah Agung 45 Surabaya. foto : m sofyan/HARIAN BANGSA', '2014-03-15 11:28:51'),
(321, 326, 1, 3, 'pak Ud sambutan.jpg', '54b2dc7ccfb8cfd449c4cef566cebaed.jpg', 'image/jpeg', '', '', '2014-03-15 11:33:43'),
(322, 327, 1, 3, 'pak Ud sambutan.jpg', '9d0388d0529d394e8f5282844e86426f.jpg', 'image/jpeg', 'SAMBUTAN', 'Direktur Harian BANGSA HM Mas\'ud Adnan kala memberikan sambutan saat resepsi HUT ke-14 Harian BANGSA, Sabtu (15/3/2014). foto : m sofyan/BANGSAONLINE', '2014-03-15 11:40:43'),
(323, 328, 1, 3, 'yatim piatu.jpg', '6377063fad37cb059f3ef7ee07356ef3.jpg', 'image/jpeg', 'BERBAGI', 'Direktur Harian BANGSA HM Mas\'ud Adnan kala menyerahkan bingkisan kepada para anak yatim, di sela resepsi HUT ke-14 Harian BANGSA, Sabtu (15/3/2014). foto : m sofyan/BANGSAONLINE', '2014-03-15 11:57:59'),
(325, 329, 1, 3, 'akp suparti.jpg', 'd706cc6da52850bbb582f0821c5c3930.jpg', 'image/jpeg', 'APRESIASI', '', '2014-03-15 12:15:58'),
(326, 330, 1, 3, 'masdukiaaa.jpg', '1fe67b142dbec262abf85d9bbdd3b232.jpg', 'image/jpeg', 'POSE BERSAMA', 'Wakil Sekjen PBNU yang juga Direktur Mahfud MD Institute Drs Masduki Baidlowi MPd pose bersama dengan pemenang lomba karya tulis NU, di sela resepsi HUT harian BANGSA, Sabtu (15/3/2014). foto : m sofyan/BANGSAONLINE', '2014-03-15 12:43:35'),
(327, 331, 1, 3, 'oke1.jpg', '06ea8f1d7b7ff10a1dcd204ec54c589d.jpg', 'image/jpeg', '', 'Wasekjen PBNU Drs Masduki Baidlowi MPd menekan tombol enter, tanda diluncurkannya bangsaonline.com, didampingi Direktur HARIAN BANGSA HM Mas\'ud Adan, Kasubbag Humas Porestabes Surabaya Kompol Suparti, dan mantan redaktur opini Jawa Pos Maksum, sabtu (15/3/2014). foto:m sofyan hadi/BANGSAONLINE', '2014-03-15 13:11:52'),
(328, 333, 1, 3, 'cccc.jpg', 'ad2cb175d531a70150079c3700051fa8.jpg', 'image/jpeg', '', '', '2014-03-15 15:55:36'),
(329, 333, 1, 3, 'DSC_0403.JPG', 'c183d50af7b18abd6691a1c312c39f4d.JPG', 'image/jpeg', '', '', '2014-03-15 16:04:02'),
(330, 333, 1, 3, 'DSC_0407.JPG', '1cbc54f15ee8b80f223a861b5aca3d8d.JPG', 'image/jpeg', '', '', '2014-03-15 16:04:54'),
(331, 333, 1, 3, 'DSC_0418.JPG', 'fab2fcc54f9b826b5eef67b68d76c063.JPG', 'image/jpeg', '', '', '2014-03-15 16:05:09'),
(332, 332, 1, 3, 'RSU Lamongan.jpg', 'b9aab36df8a1bcbbc9fbbb145c72c7f3.jpg', 'image/jpeg', 'TERANCAM TERSENDAT', 'RSU dr Soegiri Kabupaten Lamongan. foto : aries sugiarto/BANGSAONLINE', '2014-03-15 16:05:50'),
(334, 335, 1, 3, 'ma\'sum.JPG', '593b3904bd76eaf5cd8f581b242090c8.JPG', 'image/jpeg', '', 'Ma\'sum saat menyerahkan tropi Mafud MD kepada pemenang lomba Karya Tulis NU, Sabtu (15/3/2014). foto:sofyan hadi/BANGSA ONLINE', '2014-03-15 16:27:36'),
(335, 336, 1, 3, 'lepas KIRAB-SIDOARJO.JPG', 'e9665e34e2c99bb0a56905687532d8f9.JPG', 'image/jpeg', 'SIMBOLIS', 'Bupati Sidoarjo H Saiful Ilah saat melepas peserta Kirab Pemilu Damai, di depan Pendapa Delta Wibawa Sidoarjo, Sabtu (15/3/2014). foto H Daryanto/BANGSAONLINE', '2014-03-15 16:32:47'),
(336, 341, 1, 3, 'KA-SRITANJUNG.JPG', '8592383da341c5afdcd4c52df9ee90d9.JPG', 'image/jpeg', 'SRI TANJUNG', 'Mulai 1 April 2014 PT KAI mendapat subsidi untuk menurunkan harga tiket KA kelas ekonomi semua jurusan.', '2014-03-15 17:58:06'),
(337, 343, 1, 3, 'atlet.JPG', '25100080b147c823791d373fbef87bf4.JPG', 'image/jpeg', '', 'Sekdaprov Jatim Akhmad Sukardi menyerahkan penghargaan kepada  ratu BMX Asia Tenggara, Elga Kharisma,  pada Acara Anugerahan Olaraga 2013 di Rumah Makan Agis, Jumat (14/3/2013) malam.foto:nisa/BANGSAONLINE', '2014-03-15 18:37:55'),
(338, 344, 1, 3, 'IMG_2428.JPG', 'd32d8c77dd934476b636cfef148bf898.JPG', 'image/jpeg', '', 'Direktur HARIAN BANGSA HM Mas\'ud Adnan (kanan) memberikan bingkisan kenang-kenangan kepada Kasipenkum Kejati Jatim Romy Arizyanto saat acara ulang tahun ke-14 HARIAN BANGSA, Sabtu (15/3/2014). Foto: Nur Faishal', '2014-03-15 18:44:57'),
(339, 345, 1, 3, 'gus ipul.jpg', '2351dc30c59a494d77123a7502eb68ba.jpg', 'image/jpeg', '', 'Wagub Jatim Saifullah Yusuf bersama Dirut BPJS Ketenagakerjaan Elvin GM dan Direktur Kepesertaan dan Hubungan Antar Lembaga BPJS Djunaidi di acara Customer Gathering di JW Marriot, Jumat (14-3-2014) malam.foto:nisa/BANGSAONLINE', '2014-03-15 18:54:44'),
(341, 348, 1, 3, 'drum.jpg', 'a27557b848b5de60575c52af2184aa17.jpg', 'image/jpeg', '', '?\r\n\r\nPetugas identifikasi Polres Kediri Kota saat melakukan olah TKP, Sabtu (15/3). foto:arif kurniawan/BANGSAONLINE', '2014-03-15 19:08:20'),
(342, 349, 1, 3, 'pawai-parpol.JPG', '7e02a80cc4fdcd605b2156e7491b41b5.JPG', 'image/jpeg', 'UNIK', 'Peserta karnaval gelaran KPU Kabupaten Probolinggo dengan dandanan unik, berhasil menyihir ribuan warga yang menyaksikan.foto: andi sirajudin/BANGSAONLINE', '2014-03-15 19:35:41'),
(343, 350, 1, 3, 'Surya Aka dan Rhoma Irama.jpg', '10413d3cf17241e8d8639195263f82f8.jpg', 'image/jpeg', '', 'Ketua Umum DPP Fans of Rhoma and Soneta (Forsa) Surya Aka Syahnagra ngobrol dengan Rhoma Irama. foto:repro ri-for-ri.com', '2014-03-15 19:42:56'),
(344, 351, 1, 3, 'drum.jpg', '2af5a535394b3f1bc83adb6c9269d722.jpg', 'image/jpeg', '', '', '2014-03-15 19:46:36'),
(345, 353, 1, 3, 'UINSA-FRiday market.jpg', '50c626b3bffd184904415fa86e7d571c.jpg', 'image/jpeg', '', 'JUMAT. Rektor UIN Sunan Ampel Surabaya Prof Dr Abd A\'la MAg saat meninjau salah satu stan Friday Market.', '2014-03-15 20:37:00'),
(348, 355, 1, 3, 'lamongan-barongsai.JPG', 'c6843f6090a38ab04f8025914d7d670f.JPG', 'image/jpeg', 'SIMBOL', 'Atraksi Barongsai memeriahkan Pawai dan Deklarasi Pemilu Damai di Lamongan, Sabtu (15/3/2014). foto : aries sugiarto/BANGSAONLINE', '2014-03-15 22:18:24'),
(350, 354, 1, 3, 'bojonegoro-kasatlantas.JPG', '6a8ab9802780cbf4c2d29d405105357c.JPG', 'image/jpeg', 'LARANG KONVOI', 'Kasat Lantas Polres Bojonegoro AKP Oscar Syamsudin. foto : eky nur hadi/BANGSAONLINE', '2014-03-15 22:25:21'),
(351, 359, 1, 3, 'IMG_2407.JPG', 'f8dce8c74e10388954d62ad40b411483.JPG', 'image/jpeg', '', 'Bangsaonline.com, HARIAN BANGSA versi online, dilaunching, Sabtu (15/3/2014). Foto: Nur Faishal/Bangsaonline.com', '2014-03-16 00:57:16'),
(352, 362, 1, 3, 'IMG02200-20140316-0746.jpg', 'a5b1ab0008fc0ac0689ffcda2770acee.jpg', 'image/jpeg', '', 'DAFTAR ULANG. Ketua Panitia Pelakana, Alghea Miftahana bersama teman-teman SMANISDA melakukan registrasi ulang peserta lomba presenter dan fotografi tingkat SMP dan SMA se-Jatim. foto : daryanto/bangsaonline', '2014-03-16 08:56:29'),
(354, 367, 1, 3, 'ppp.jpg', '3cb574e78b8661ae66b34c34980c5962.jpg', 'image/jpeg', '', '', '2014-03-16 14:52:50'),
(355, 368, 1, 3, 'IMG02439-20140316-1402.jpg', 'd4beea13837bef518c9e37047a641df3.jpg', 'image/jpeg', '', 'Para caleg Hanura kala kampanye akbar di GOR Delta Sidoarjo, Minggu (16/3/2014). foto: mustain/BANGSAONLINE', '2014-03-16 15:09:52'),
(358, 369, 1, 3, 'ht.jpg', '7a184b61722d335dbec5f65fe76f049b.jpg', 'image/jpeg', '', 'AYO COBLOS - Cawapres Partai Hanura, Hary Tanoesudibyo (HT) saat sosialisasi tata cara coblosan, kala kampanye akbar, di GOR Delta Sidoarjo, Minggu (16/3/2014). foto : mustain/BANGSAONLINE', '2014-03-16 16:04:54'),
(359, 370, 1, 3, 'ok.jpg', '309d327d7c45125ecdd3bef6d51ec477.jpg', 'image/jpeg', '', 'SDA dikerumuni massa PPP. foto:diday/BANGSAONLINE', '2014-03-16 16:08:14'),
(360, 371, 1, 3, 'xxx.jpg', '8aabd5f48d20fcabf16658bc42f8f896.jpg', 'image/jpeg', '', 'TERJUN LANGSUNG - Ketua Bawaslu Jatim dr Sufyanto Msi kala ikut memantau kampanye akbar yang digelar partai Hanura, di GOR Delta Sidoarjo, Minggu (16/3/2014). foto : mustain/BANGSAONLINE', '2014-03-16 16:12:03'),
(361, 372, 1, 3, 'sidoarjo-MEGA.JPG', '936b35712d2abfd06760b3ebd4fc66eb.JPG', 'image/jpeg', 'BERI ARAHAN ', 'Ketua Umum DPP PDI Perjuangan Megawati Soekarnoputri jelang pada Pembekalan Caleg PDI-P se-Jawa Timur, di Hotel Utami Juanda, Minggu (24/11/2013). foto dokumen/BANGSAONLINE\r\n\r\n ', '2014-03-16 17:41:26'),
(362, 373, 1, 3, 'kediri-pembunuhan.JPG', 'e9775adda2d1504703635421922fd37a.JPG', 'image/jpeg', 'UNGKAP', 'Kapolres Kediri Kota saat memintai keterangan pelaku di Mapolres Kediri Kota, Minggu (16/3/2014). foto : arif kurniawan/BANGSAONLINE\r\n', '2014-03-16 17:57:48'),
(363, 374, 1, 3, 'aaaa.jpg', 'e469711b5914b71d694e3290b5d5fb1f.jpg', 'image/jpeg', '', 'Bupati dan Wabup Gresik melepas balon sebagai tanda peresmian lapangan futsal. foto : shopii/BANGSAONLINE', '2014-03-16 19:44:31'),
(364, 378, 1, 3, 'vvvvv.jpg', '5ee181ec37b17f419678ca55fce84fbe.jpg', 'image/jpeg', '', 'Wakil Gubernur Jatim Syaifullah Yusuf saat memberikan sambutan dalam acara Haul sesepuh PP An-Najiyah almarhum Mas Abdur Rozaq Usman, Minggu (16/3/2014).foto:nisa/BANGSAONLINE', '2014-03-16 20:13:54'),
(365, 379, 1, 3, 'aaaa.jpg', '37accb3ae15461af55de8c64e8b5b706.jpg', 'image/jpeg', '', 'Rozak bersama orang tuanya, saat melapor ke Mapolsek Simokerto. Foto:rusmiyanto/BANGSA ONLINE', '2014-03-16 20:33:58'),
(366, 381, 1, 3, 'Kampanye Wiranto.jpg', '02969d5ad0a8169910c047232d2ad9fc.jpg', 'image/jpeg', '', 'Ketua umum Hanura, Wiranto saat berorasi di kampanye hari pertama di Kabupaten Blitar. Foto:trisusanto/BANGSAONLINE', '2014-03-16 21:22:37'),
(368, 386, 1, 3, 'aaaaa.JPG', 'c2df05ac82e2240781dd689b0887eb81.JPG', 'image/jpeg', '', 'Andi SH, satu penyidik Tipikor di Seksi Intelijen Kejari Bangil, ketika dikonfirmasi bangsaonline.com dengan gamblang mengatakan, Kejari Bangil. foto:bambang-sulistiawan/BANGSAONLINE', '2014-03-16 21:53:49'),
(369, 388, 1, 3, 'ASTA TINGGI.jpg', 'b10fd2ae12bb01cfb285ebf2d040cf2a.jpg', 'image/jpeg', '', 'Pagar bagian barat kompleks Makam Raja Sumenep roboh setelah disambar petir. Foto: Taufik Yuspison/Bangsaonline.com', '2014-03-16 22:25:46'),
(370, 389, 1, 3, 'bbbbbbb.jpg', 'c568adb6a1b2ec8b0267b5a84e70bc8b.jpg', 'image/jpeg', '', 'Pelaksanaan pembacaan salawat nariyah, di Kantor DPW PKB Jatim, malam ini, Minggu (16/3/2014). foto:diday/BANGSAONLINE', '2014-03-16 22:25:57'),
(371, 390, 1, 3, 'RASKIN.jpg', '8b4e3178b565cf2a439a36bd15080cf6.jpg', 'image/jpeg', '', 'Pengecekan Raskin di Pamekasan. Foto: Rizal/Bangsaonline.com', '2014-03-16 22:28:28'),
(372, 394, 1, 3, 'MH Said Abdullah mencoba berkomunikasi dengan Suma', 'f3c8d271740a7467372cc56e80fd3a6b.JPG', 'image/jpeg', '', 'HM Said Abdullah saat menjenguk Sumaryono dan Irwan, kakak-adik yang menderita lumpuh selama 26 tahun. Foto: Ida Okvinita/Bangsaonline.com', '2014-03-16 22:46:20'),
(374, 396, 1, 3, '0-foto AAA-Pawai Ta\'aruf di Kota mojokerto.JPG', '3c5ea2e925f9fc1b0a2a4f50b76fda1b.JPG', 'image/jpeg', 'ATRAKTIF', 'Mobil hias parpol kala mengikuti Pawai Maaruf Pemilu Damai di Kota Mojokerto, Sabtu (15/3/2014) lalu. foto : yudi eko purnomo/BANGSAONLINE\r\n\r\n', '2014-03-16 23:03:31'),
(375, 397, 1, 3, 'sidoarjo-KAMPANYE HANURA.JPG', 'd09e1a138d181894c0f0633da623b1d6.JPG', 'image/jpeg', 'ANAK-ANAK', 'Sejumlah anak-anak berada di arena kampanye partai Hanura, di parkir timur GOR Delta Sidoarjo, Minggu (16/3/2014). foto : mustain/BANGSAONLINE', '2014-03-16 23:42:51'),
(376, 398, 1, 3, 'pemilu 3.jpg', '7239c3b851287826a42ff92d1098ed2d.jpg', 'image/jpeg', '', '', '2014-03-16 23:53:39'),
(377, 401, 1, 3, 'hanura-TARI REMO.JPG', 'a61c831f66f7380d073db94e3e279b16.JPG', 'image/jpeg', 'TRADISIONAL', 'Tarian tradisional mewarnai kampanye partai Hanura di parkir timur GOR Delta Sidoarjo, Minggu (16/3/2014). foto : mustain/BANGSAONLINE', '2014-03-17 00:18:00'),
(386, 402, 1, 3, 'IMG02213-20140317-0928.jpg', '114c0c0be8f5187f75ff11f3ae9e7150.jpg', 'image/jpeg', '', 'LURUK. Puluhan betor saat ngeluruk rumdis Ketua DPRD Sidoarjo di Jalan Raya Sultan Agung, Senin (17/3/2014). (foto : daryanto/bangsaonline)', '2014-03-17 10:15:58'),
(387, 404, 1, 3, 'tersangka narkoba-mustain.jpg', '5ca549294ef60bfa71dc9634024acb8f.jpg', 'image/jpeg', '', 'DIBEBER. Dua tersangka penyelundupan narkoba lewat Bandara Internasional Juanda ditunjukkan di kantor KPPBC Tipe Madya Pabean Juanda, Senin (17/3/2014). foto : mustain/bangsaonline', '2014-03-17 11:06:16'),
(388, 407, 1, 3, 'tersangka ARM.jpg', '4f8a3534728afbd58e44504cc5036a70.jpg', 'image/jpeg', '', 'DIKELER . Tersangka ARM saat dikeler ke aula kantor KPPBC Tipe Madya Pabean Juanda, Senin (17/3/2014). foto : mustain/bangsaonline', '2014-03-17 11:42:59'),
(389, 409, 1, 3, 'Sampang-20140317-00160.jpg', '6f32b2ba07be2f3bf9eb032ee9672ebd.jpg', 'image/jpeg', '', 'Ketua LSM  DKR Sampang menunjukkan bukti kwitansi pembelian obat dari apotek luar RS. foto::junaidi/BANGSAONLINE', '2014-03-17 12:42:30'),
(390, 410, 1, 3, 'tersangka SD (kanan-berdiri).jpg', 'cefea974e986c036b6854c4f67e70c0f.jpg', 'image/jpeg', '', '\r\nDIKELER - Tersangka SD (kanan dan berdiri) saat di aula kantor KPPBC Tipe Madya Pabean Juanda, Senin (17/3/2014). foto : mustain/BANGSAONLINE', '2014-03-17 12:49:46'),
(392, 411, 1, 3, 'IMG02221-20140317-1013.jpg', 'f651f81b711249081f110b6c3a06dc9d.jpg', 'image/jpeg', '', 'Ratusan pemilik betor mendapat arahan dan jaminan beroperasi dari pembinanya asalkan menggunakan mesin parut kelapa. (Foto : daryanto/bangsaonline)', '2014-03-17 12:55:49'),
(393, 412, 1, 3, 'Laksamuda Sumenep Aksi Bakar Keranda Mayat, simbol', '12358ce33717e95036f1cdc99e10b280.jpg', 'image/jpeg', '', ' Laksamuda Sumenep Aksi Bakar Keranda Mayat, simbol mandulnya penegak hukum dalam tangani kasus korupsi. foto:nita/BANGSAONLINE', '2014-03-17 13:01:53'),
(394, 416, 1, 3, 'IMG02857-20140317-1339.jpg', '7f5ab635e599cab10963d88c2142c325.jpg', 'image/jpeg', '', 'Sandal jepit kuning dan celana jeans dipakai terdakwa. Duh, betapa tidak dihormatinya majelis persidangan ini. foto:faishal/BANGSAONLINE  ', '2014-03-17 14:25:05'),
(395, 417, 1, 3, '1.jpg', '0fb29084ba262757d0fa34eb5e7adb3b.jpg', 'image/jpeg', '', 'Prosesi upacara tanggal 17 di Makodam V Brawijaya.foto:maulana/BANGSAONLINE', '2014-03-17 14:29:48'),
(396, 418, 1, 3, 'Capture13_21_35.jpg', '28b2a4ede24fd807dfe53e7006b2eae7.jpg', 'image/jpeg', '', 'Hisbullah Huda SH, Divisi Pengawasan dan Penindakan Panwaskab Lumajang , menunjukkan undangan dan amplop uang. foto:imron/BANGSAONLINE', '2014-03-17 14:40:18'),
(397, 420, 1, 3, 'kunjungan kabag humas sidoarjo.jpg', '524cac6959c4375e95c07c28befaac84.jpg', 'image/jpeg', '', 'Kabag Humas Pemkab Sidoarjo Machmudi Alie kala berkunjung ke sekretariat Forwas, di Balai Wartawan Sidoarjo, Senin (17/3/2014). Foto : mustain/BANGSAONLINE', '2014-03-17 14:50:56'),
(398, 422, 1, 3, 'H.M. Dawud Budi Sutrisno, SH.,M.Hum (Ketua DPRD Ka', '846271f03dab484570301f1f9afddcc0.jpg', 'image/jpeg', '', ' H.M. Dawud Budi Sutrisno, SH.,M.Hum,  (Ketua DPRD Kabupaten Sidoarjo) . foto:istimewa', '2014-03-17 15:00:30'),
(400, 424, 1, 3, 'Sekdaprov Jatim Pimpin Upacara Rutin Tanggal 17 di', 'f5dae102211dd645e43bceab47765ade.jpg', 'image/jpeg', '', 'Sekdaprov Jatim Pimpin Upacara Rutin Tanggal 17 di Halaman Kantor Gubernur Jatim. foto:nisa/BANGSAONLINE', '2014-03-17 15:53:21'),
(401, 425, 1, 3, 'IMG00326-20140317-1526.jpg', '31e292b49cc1d97d6d422fc0ac037cd9.jpg', 'image/jpeg', '', '\r\nTersangka didampingi Kompol Suparti. foto:rusmiyanto/BANGSAONLINE', '2014-03-17 16:00:06'),
(402, 426, 1, 3, 'laka2.jpg', '0a703d142b5ec625bea05ce1b2417bd5.jpg', 'image/jpeg', '', 'foto:imron/BANGSAONLINE', '2014-03-17 16:05:49'),
(403, 427, 1, 3, 'LAPTER-NOTO.JPG', 'dd06050a9ab5db4f40820a11b4f02450.JPG', 'image/jpeg', 'CEK FASILITAS', 'Tampak salah satu sisi Lapter Notohadinegoro yang rencananya akan digunakan untuk Bandara Udara.\r\n', '2014-03-17 18:57:48'),
(404, 428, 1, 3, 'IMRON.JPG', '15e497e840727c282b8bf49d123a123e.JPG', 'image/jpeg', 'TERCECER', 'Polisi saat mengevakuasi korban dan sepeda motor yang ditumpangi. foto: imron/BANGSAONLINE\r\n', '2014-03-17 19:01:15'),
(405, 430, 1, 3, 'NASDEM.JPG', '71e2cf25829f72b38558b4c8d2ce2fdf.JPG', 'image/jpeg', 'OPTIMIS', 'Kampanye perdana Partai Nasdem  di Lapangan Kedayunan, Kecamatan Kabat, Banyuwangi ', '2014-03-17 20:43:24'),
(406, 429, 1, 3, 'Uniba-demo.JPG', '676f4a583b4b995cff8f9d30d5e34cf9.JPG', 'image/jpeg', 'RESAH', 'Mahasiswa Uniba menggelar aksi unjuk rasa menanyakan status kampus', '2014-03-17 20:47:00'),
(407, 432, 1, 3, 'pemilu 3.jpg', '173a3a9c6417909bf91c354bf918636d.jpg', 'image/jpeg', '', '', '2014-03-17 21:14:02'),
(420, 434, 1, 3, 'IMG_2451.JPG', '4d2d1da0f2767ade6401717c9407eed4.JPG', 'image/jpeg', '', 'Sandal jepit di kaki Yudi Setiawan saat sidang di Pengadilan Tipikor Surabaya, Senin (17/3/2014). Foto: Nur Faishal/Bangsa Online', '2014-03-18 00:37:35'),
(516, 528, 1, 16, 'mmmm.jpg', '02fe6bb520936af863e4c3216d1fe0d9.jpg', 'image/jpeg', '', 'Feny, koordinator purel yang diduga dilepas polisi. foto:repro/rusmiyanto/BANGSAONLINE', '2014-03-20 13:38:49'),
(517, 529, 1, 16, 'IMG-20140320-01733.jpg', 'cc0467063dd599d3f77514917453c8ea.jpg', 'image/jpeg', '', 'Aksi saling dorong', '2014-03-20 13:45:52'),
(518, 529, 1, 16, 'IMG-20140320-01736.jpg', 'cc25a82014582f7b25f99bd81006ba12.jpg', 'image/jpeg', '', 'tak ada yang mau mengalah', '2014-03-20 13:46:12'),
(519, 529, 1, 16, 'IMG-20140320-01744.jpg', '3a86700b44f8abc0e88cb541b6edaeed.jpg', 'image/jpeg', '', '', '2014-03-20 13:46:42'),
(520, 529, 1, 16, 'IMG-20140320-01746.jpg', 'bd17b50d0fe77e58049d09191e1beece.jpg', 'image/jpeg', '', 'Usai demo, aktifis PMII berlalu. foto-foto:  eky nur hadi/BANGSAONLINE', '2014-03-20 13:47:44'),
(523, 530, 1, 16, 'images.jpg', '556b37fd8ac562acc797489327d6b57a.jpg', 'image/jpeg', '', '', '2014-03-20 14:40:02'),
(524, 534, 1, 3, 'aksiair2.jpg', 'e4147972a5243fe37496d011143ab138.jpg', 'image/jpeg', '', 'PEDULI AIR - Siswa SD Al Muslim Sidoarjo membentangkan poster mengajak caleg peduli air  di depan kantor PDAM Delta Sidoarjo, Jl Pahlawan, Kamis (20/3/2014). Foto : musta\'in/BANGSAONLINE', '2014-03-20 18:49:27'),
(525, 535, 1, 3, 'aaMaret KWSG.JPG', 'a3a0d6daeabe19a33a6616b039387c2d.JPG', 'image/jpeg', '', '', '2014-03-20 18:52:42'),
(527, 536, 1, 3, 'bojonegoro.JPG', '629813228b7255a6eda1e53a01758f3e.JPG', 'image/jpeg', 'MENCARI.', 'Tim SAR menyusuri sungai untuk mencari korban yang hilang.', '2014-03-20 18:57:21'),
(528, 542, 1, 3, 'aakediri.JPG', '5f0270ecd683221a6d5a2f22d7efcef0.JPG', 'image/jpeg', '', 'Salah seorang warga saat menunjukkan sebuah tayangan di Youtube adanya siswi yang merokok ditempat umum.foto : arif kurniawan/harian bangsa', '2014-03-20 19:16:00'),
(529, 543, 1, 3, 'Sampang.JPG', 'c3f11423525f02f4c550b7dfb558d985.JPG', 'image/jpeg', '', 'Sekda waktu rapat desk pemilu di aula pemkab Sampang. Foto: junaidi', '2014-03-20 19:26:18'),
(530, 545, 1, 3, 'sugiyanto.JPG', 'ecd3fa9fa7f618c5c1b02a2fba73d672.JPG', 'image/jpeg', '', 'Warga desa saat melakukan aksi di depan gedung DPRD Bondowoso.', '2014-03-20 19:57:37'),
(531, 546, 1, 3, 'Sdarjo2.JPG', '53a80b545b1e0aeda675e3e07ef735b7.JPG', 'image/jpeg', '', 'Desa Wirobiting Kecamatan Prambon salah satu pemerima bantuan mesin penggilling padi Tahun 2013 yang ditempatkan di lahan sawah TKD setempat. Foto : daryanto', '2014-03-20 20:06:03'),
(532, 548, 1, 3, 'MINI BAR ILEGAL.jpg', 'c78cdcd8bbe303ccae0c63a00d137014.jpg', 'image/jpeg', '', 'Teks\r\nILEGAL. Kasi Binum Satpol PP Gresik Agung Endro ketika menunjukan BB miras dari mini bar ilegal. foto : suhud/bangsaonline', '2014-03-20 20:16:48'),
(533, 549, 1, 3, 'dar-perampok pegadaian tersangkanya kepala unit se', '345103bc25743b07f9b757d500f2581c.jpg', 'image/jpeg', 'OTAK PERAMPOK.', ' Wakapolres Sidoarjo Kompol Kholilurrohman mengekspose tersangka Terry dan Pur yang menjadi otak perampokan Pegadaian Rewwin Waru.', '2014-03-20 20:21:19'),
(534, 527, 1, 3, 'pakta integritas ujian nasional.JPG', 'a9c0f2a8ea27c1fa883e137c00966a29.JPG', 'image/jpeg', '', 'TANDATANGAN. Kepala Dinas Pendidikan Jatim Harun dan instansi terkait yang terlibat penyelenggaraan UN melakukan penandatanganan pakta integritas. foto : nisa/bangsaonline', '2014-03-20 20:51:49'),
(535, 556, 1, 3, 'bedjo dimintai tandatangan.JPG', 'e9c848036053fc5416cd34d7fa7715bc.JPG', 'image/jpeg', '', 'BAK ARTIS. Bak artis, Bedjo Sugiantoro dimintai tandatangan. ', '2014-03-20 21:07:33'),
(537, 557, 1, 3, 'award kelud PWI JAtim.jpg', '07e2d222b9df15f5688720ace99cd85a.jpg', 'image/jpeg', '', '', '2014-03-20 21:44:58'),
(538, 558, 1, 3, 'surono-mbah rono11.JPG', '6eb9b6739d781bd2cff1500398203a3a.JPG', 'image/jpeg', '', 'Kepala Badan Geologi Kementerian ESDM RI Surono ', '2014-03-20 22:01:12'),
(545, 561, 1, 3, 'heri nurdianto.JPG', '65239348dc4bb59f2dce78afcbf43a3c.JPG', 'image/jpeg', '', '?Sekretaris KPAD Kota Kediri Heri Nurdianto.Foto : arif kurniawan/bangsa online', '2014-03-21 09:10:57'),
(546, 562, 1, 3, 'OD.JPG', 'bdc62c9a0bcac352a765eef76720cfb2.JPG', 'image/jpeg', '', 'kondisi Hermanto tewas di dalam mobilnya akibat overdosis', '2014-03-21 09:17:04'),
(547, 563, 1, 3, 'tewas dugem.jpg', 'f1fd023ea2bd8c45fa085e676bfb25df.jpg', 'image/jpeg', '', 'Posisi Hermanto difoto dari pintu kiri mobilnya setelah kacanya dibuka.', '2014-03-21 09:30:05'),
(548, 564, 1, 3, 'double L.JPG', '0bf7e82846820ac1e08376acde972075.JPG', 'image/jpeg', '', 'Kasat Reskoba Polres Kediri AKP Siswanto saat menunjukkan ratusan ribu butir pil double L, Jumat (21/3/2014). Foto : arif kurniawan/bangsa online', '2014-03-21 09:59:10'),
(549, 565, 1, 3, 'UKM-edit.jpg', '2d9841d15ac91d15cfd72f273cedad5e.jpg', 'image/jpeg', '', 'UKM Keripik buah mulai mengganti plastik pembungkus dengan menggunakan alumunium foil. ', '2014-03-21 10:33:02'),
(550, 566, 1, 3, 'bojonegoro.JPG', '33157a2e26807255d36c26cefb677261.JPG', 'image/jpeg', '', 'Tim SAR melakukan penyisiran sungai bengawan solo sebelum menemukan jasad korban.', '2014-03-21 10:53:07'),
(551, 567, 1, 3, 'jalan sidoarjo.JPG', '679fdcad5782a29328063a46d53f62b8.JPG', 'image/jpeg', '', 'Pengguna jalan harus ekstra hati-hati saat melewati Jalan Raya Bulang-Simpang, bila tak hati-hati bisa terguling. Tampak mobil saat melintasi jalan berlubang itu terjadi kemiringan nyaris terguling. (Foto : daryanto/bangsaonline)', '2014-03-21 10:56:43'),
(552, 568, 1, 3, 'Jalan bukit sidoarjo rusaak.jpg', '84aa2d50b5918388bc1ae98d27336c8a.jpg', 'image/jpeg', '', '', '2014-03-21 11:06:20'),
(553, 569, 1, 3, 'mardjito.jpg', 'dfd54425029d6c22d2ad35710227e395.jpg', 'image/jpeg', '', 'Mardjito Gisan Atmojo', '2014-03-21 11:42:39'),
(554, 571, 1, 3, 'walikota dan wakil saat turba psn.jpg', 'e0c71f48c11602df142b69aec70dd9ad.jpg', 'image/jpeg', 'TURBA', 'Walikota Mojoketo Mas\'ud Yunus dan jajarannya saat turba di Kalimati Gang 1 RW 03 Kelurahan Jagalan Kecamatan Magersari, Jumat (21/3/2014).  foto : yudi eko purnomo/BANGSAONLINE', '2014-03-21 13:07:26'),
(555, 572, 1, 3, 'logistik pemilu_berita 1.jpg.JPG', 'bceeac558c37fa744b94f9aeabc4d9b3.JPG', 'image/jpeg', 'SIAP KIRIM', 'Sekretaris KPU Sidoarjo Sulaiman menunjukkan bantalan coblosan, salah satu logistik Pileg 2014, di gudang KPU Sidoarjo. foto : mustain/BANGSAONLINE\r\n\r\n', '2014-03-21 13:43:13'),
(557, 573, 1, 3, 'wawali di kamar mandi.jpg', '731486e1510821fd24a088cd71947039.jpg', 'image/jpeg', 'TEMUKAN JENTIK', 'Wakil Walikota Mojokerto Suyitno mengecek kamar mandi salah satu warga di Kelurahan Jagalan Kecamatan Magersari Kota Mojokerto, Jum\'at (21/3/2014). foto : yudi eko purnomo/BANGSAONLINE', '2014-03-21 14:02:26'),
(558, 574, 1, 3, 'Ketua Panwaslu Kab Sumenep, Zamrud, pimpin aksi da', '8fe6202745966622430bfa47d600f4d5.jpg', 'image/jpeg', 'TOLAK PREMANISME', 'Ketua Panwaslu Kabupaten Sumenep Zamrud kala memimpin aksi damai menolak premanisme caleg terhadap PPL, di Sumenep, Jum\'at (21/3/2014). foto : ida okvinita/BANGSAONLINE', '2014-03-21 14:33:17'),
(559, 575, 1, 3, 'Panwascam se-Sumenep aksi kutuk kekerasan terhadap', '84a090a3207fac14587f5fe4737276a1.jpg', 'image/jpeg', 'KUTUK PREMANISME', 'Panwascam se-Kabupaten Sumenep menggelar aksi tolak kekerasan caleg pada PPL, di Kota Sumenep, Jum\'at (21/3/2014). foto : ida okvinita/BANGSAONLINE', '2014-03-21 14:51:41');

-- --------------------------------------------------------

--
-- Struktur dari tabel `menu`
--

CREATE TABLE `menu` (
  `menu_id` int(11) NOT NULL,
  `root` int(11) DEFAULT NULL,
  `lft` int(11) NOT NULL,
  `rgt` int(11) NOT NULL,
  `level` int(11) NOT NULL,
  `menu_title` varchar(255) NOT NULL,
  `menu_slug` varchar(255) NOT NULL,
  `menu_description` text NOT NULL,
  `menu_title_attribute` varchar(100) NOT NULL,
  `menu_url_id` int(11) NOT NULL,
  `menu_url` varchar(255) NOT NULL,
  `menu_type` varchar(30) NOT NULL,
  `category_id` int(11) NOT NULL,
  `group_id` int(11) NOT NULL
) ENGINE=InnoDB DEFAULT CHARSET=latin1;

--
-- Dumping data untuk tabel `menu`
--

INSERT INTO `menu` (`menu_id`, `root`, `lft`, `rgt`, `level`, `menu_title`, `menu_slug`, `menu_description`, `menu_title_attribute`, `menu_url_id`, `menu_url`, `menu_type`, `category_id`, `group_id`) VALUES
(1, 1, 1, 160, 1, 'root', 'root', 'root', '', 0, 'root', 'root', 0, 0),
(46, 1, 152, 153, 2, 'Kontak Kami', '', '', 'Kontak Kami', 6, '', 'page', 0, 3),
(47, 1, 154, 155, 2, 'Tarif Iklan', '', '', 'Tarif Iklan', 7, '', 'page', 0, 3),
(48, 1, 156, 157, 2, 'Disclaimer', '', '', 'Disclaimer', 8, '', 'page', 0, 3),
(49, 1, 158, 159, 2, 'Pedoman Media Siber', '', '', 'Pedoman Media Siber', 9, '', 'page', 0, 3),
(50, 1, 150, 151, 2, 'Tentang Kami', '', '', 'Tentang Kami', 5, '', 'page', 0, 3),
(79, 1, 2, 19, 2, 'Jatim', '', '', 'Jatim', 35, '', 'category', 0, 1),
(81, 1, 15, 16, 3, 'Jatim Barat', '', '', 'Jatim Barat', 37, '', 'category', 0, 1),
(82, 1, 9, 10, 3, 'Jatim Utara', '', '', 'Jatim Utara', 38, '', 'category', 0, 1),
(83, 1, 7, 8, 3, 'Jatim Tengah', '', '', 'Jatim Tengah', 39, '', 'category', 0, 1),
(84, 1, 11, 12, 3, 'Jatim Selatan', '', '', 'Jatim Selatan', 40, '', 'category', 0, 1),
(85, 1, 5, 6, 3, 'Jatim Metro', '', '', 'Jatim Metro', 41, '', 'category', 0, 1),
(86, 1, 17, 18, 3, 'Jatim Madura', '', '', 'Jatim Madura', 42, '', 'category', 0, 1),
(89, 1, 26, 35, 2, 'Religia', '', '', 'Religia', 57, '', 'category', 0, 1),
(94, 1, 58, 59, 2, 'Indeks', '', '', 'Indeks', 0, 'http://www.bangsaonline.com/indeks', 'custom', 0, 1),
(95, 1, 112, 113, 2, 'Jatim', '', '', 'Jatim', 35, '', 'category', 0, 2),
(96, 1, 118, 119, 2, 'Jatim Timur', '', '', 'Jatim Timur', 36, '', 'category', 0, 2),
(97, 1, 120, 121, 2, 'Jatim Barat', '', '', 'Jatim Barat', 37, '', 'category', 0, 2),
(98, 1, 124, 125, 2, 'Jatim Utara', '', '', 'Jatim Utara', 38, '', 'category', 0, 2),
(99, 1, 116, 117, 2, 'Jatim Tengah', '', '', 'Jatim Tengah', 39, '', 'category', 0, 2),
(100, 1, 122, 123, 2, 'Jatim Selatan', '', '', 'Jatim Selatan', 40, '', 'category', 0, 2),
(101, 1, 114, 115, 2, 'Jatim Metro', '', '', 'Jatim Metro', 41, '', 'category', 0, 2),
(102, 1, 126, 127, 2, 'Jatim Madura', '', '', 'Jatim Madura', 42, '', 'category', 0, 2),
(103, 1, 132, 133, 2, 'Ekonomi', '', '', 'Ekonomi', 43, '', 'category', 0, 2),
(104, 1, 130, 131, 2, 'Politik dan Birokrasi', '', '', 'Politik dan Birokrasi', 44, '', 'category', 0, 2),
(105, 1, 128, 129, 2, 'Nasional', '', '', 'Nasional', 45, '', 'category', 0, 2),
(106, 1, 134, 135, 2, 'Dunia', '', '', 'Dunia', 46, '', 'category', 0, 2),
(107, 1, 140, 141, 2, 'Olahraga', '', '', 'Olahraga', 47, '', 'category', 0, 2),
(108, 1, 138, 139, 2, 'Lifestyle', '', '', 'Lifestyle', 48, '', 'category', 0, 2),
(109, 1, 142, 143, 2, 'Selebriti', '', '', 'Selebriti', 49, '', 'category', 0, 2),
(112, 1, 144, 145, 2, 'Wisata', '', '', 'Wisata', 54, '', 'category', 0, 2),
(122, 1, 20, 23, 2, 'Nasional', '', '', 'Nasional', 45, '', 'category', 0, 1),
(155, 1, 29, 30, 3, 'T&J - Islam Sehari-hari', '', '', 'T&J - Islam Sehari-hari', 64, '', 'category', 0, 1),
(159, 1, 13, 14, 3, 'Jatim Timur', '', '', 'Jatim Timur', 36, '', 'category', 0, 1),
(160, 1, 31, 32, 3, 'Tafsir Al Quran Aktual', '', '', 'Tafsir Al Quran Aktual', 58, '', 'category', 0, 1),
(165, 1, 38, 39, 2, 'Ekonomi', '', '', 'Ekonomi', 43, '', 'category', 0, 1),
(166, 1, 33, 34, 3, 'Pesantren', '', '', 'Pesantren', 61, '', 'category', 0, 1),
(167, 1, 36, 37, 2, 'Hukum - Kriminal', '', '', 'Hukum - Kriminal', 63, '', 'category', 0, 1),
(171, 1, 27, 28, 3, 'Religia', '', '', 'Religia', 57, '', 'category', 0, 1),
(178, 1, 49, 50, 3, 'Olahraga', '', '', 'Olahraga', 47, '', 'category', 0, 1),
(180, 1, 41, 42, 3, 'Selebriti', '', '', 'Selebriti', 49, '', 'category', 0, 1),
(181, 1, 51, 52, 3, 'Otomotif', '', '', 'Otomotif', 50, '', 'category', 0, 1),
(182, 1, 43, 44, 3, 'Wisata', '', '', 'Wisata', 54, '', 'category', 0, 1),
(185, 1, 3, 4, 3, 'Jatim', '', '', 'Jatim', 35, '', 'category', 0, 1),
(186, 1, 40, 53, 2, 'Sportainment', '', '', 'Entertain - Sport', 65, '', 'category', 0, 1),
(191, 1, 76, 77, 2, 'Nasional', '', '', 'Nasional', 45, '', 'category', 0, 5),
(200, 1, 65, 66, 3, 'Jatim Timur', '', '', 'Jatim Timur', 36, '', 'category', 0, 5),
(201, 1, 67, 68, 3, 'Jatim Barat', '', '', 'Jatim Barat', 37, '', 'category', 0, 5),
(202, 1, 69, 70, 3, 'Jatim Utara', '', '', 'Jatim Utara', 38, '', 'category', 0, 5),
(203, 1, 63, 64, 3, 'Jatim Tengah', '', '', 'Jatim Tengah', 39, '', 'category', 0, 5),
(204, 1, 71, 72, 3, 'Jatim Selatan', '', '', 'Jatim Selatan', 40, '', 'category', 0, 5),
(205, 1, 61, 62, 3, 'Jatim Metro', '', '', 'Jatim Metro', 41, '', 'category', 0, 5),
(206, 1, 73, 74, 3, 'Jatim Madura', '', '', 'Jatim Madura', 42, '', 'category', 0, 5),
(207, 1, 78, 79, 2, 'Politik dan Birokrasi', '', '', 'Politik dan Birokrasi', 44, '', 'category', 0, 5),
(208, 1, 82, 89, 2, 'Religia', '', '', 'Religia', 57, '', 'category', 0, 5),
(209, 1, 80, 81, 2, 'Hukum dan Kriminal', '', '', 'Hukum dan Kriminal', 63, '', 'category', 0, 5),
(212, 1, 136, 137, 2, 'Kesehatan', '', '', 'Kesehatan', 52, '', 'category', 0, 2),
(213, 1, 148, 149, 2, 'Unik - Aneh', '', '', 'Unik - Aneh', 62, '', 'category', 0, 2),
(214, 1, 90, 91, 2, 'Ekonomi', '', '', 'Ekonomi', 43, '', 'category', 0, 5),
(215, 1, 24, 25, 2, 'Politik dan Birokrasi', '', '', 'Politik dan Birokrasi', 44, '', 'category', 0, 1),
(216, 1, 45, 46, 3, 'Lifestyle', '', '', 'Lifestyle', 48, '', 'category', 0, 1),
(220, 1, 54, 55, 2, 'Dunia', '', '', 'Dunia', 0, 'http://www.bangsaonline.com/kanal/unik-dunia', 'custom', 0, 1),
(221, 1, 21, 22, 3, 'Nusantara', '', '', 'Nusantara', 67, '', 'category', 0, 1),
(222, 1, 60, 75, 2, 'Jatim', '', '', 'Jatim', 35, '', 'category', 0, 5),
(223, 1, 92, 93, 2, 'Figur', '', '', 'Figur', 55, '', 'category', 0, 5),
(224, 1, 94, 109, 2, 'Sportainment', '', '', 'Sportainment', 65, '', 'category', 0, 5),
(226, 1, 83, 84, 3, 'Tafsir Al Quran Aktual', '', '', 'Tafsir Al Quran Aktual', 58, '', 'category', 0, 5),
(227, 1, 87, 88, 3, 'Pesantren', '', '', 'Pesantren', 61, '', 'category', 0, 5),
(228, 1, 85, 86, 3, 'T&J - Islam Sehari-hari', '', '', 'T&J - Islam Sehari-hari', 64, '', 'category', 0, 5),
(229, 1, 95, 96, 3, 'Olahraga', '', '', 'Olahraga', 47, '', 'category', 0, 5),
(230, 1, 99, 100, 3, 'Lifestyle', '', '', 'Lifestyle', 48, '', 'category', 0, 5),
(231, 1, 97, 98, 3, 'Selebriti', '', '', 'Selebriti', 49, '', 'category', 0, 5),
(232, 1, 105, 106, 3, 'Otomotif', '', '', 'Otomotif', 50, '', 'category', 0, 5),
(233, 1, 101, 102, 3, 'Wisata', '', '', 'Wisata', 54, '', 'category', 0, 5),
(234, 1, 107, 108, 3, 'Unik - Aneh', '', '', 'Unik - Aneh', 62, '', 'category', 0, 5),
(235, 1, 110, 111, 2, 'Dunia', '', '', 'Dunia', 46, '', 'category', 0, 5),
(237, 1, 47, 48, 3, 'Kuliner & Entrepreneur', '', '', 'Kuliner & Entrepreneur', 68, '', 'category', 0, 1),
(238, 1, 146, 147, 2, 'Kuliner & Entrepreneur', '', '', 'Kuliner & Entrepreneur', 68, '', 'category', 0, 2),
(239, 1, 103, 104, 3, 'Kuliner & Entrepreneur', '', '', 'Kuliner & Entrepreneur', 68, '', 'category', 0, 5),
(241, 1, 56, 57, 2, 'Video', '', '', 'Video', 0, 'https://www.bangsaonline.com/berita-video', 'custom', 0, 1);

-- --------------------------------------------------------

--
-- Struktur dari tabel `menu_group`
--

CREATE TABLE `menu_group` (
  `id` int(11) NOT NULL,
  `group_title` varchar(100) NOT NULL,
  `group_name` varchar(100) NOT NULL
) ENGINE=InnoDB DEFAULT CHARSET=latin1;

--
-- Dumping data untuk tabel `menu_group`
--

INSERT INTO `menu_group` (`id`, `group_title`, `group_name`) VALUES
(1, 'Menu Atas', 'defaultNav'),
(2, 'Menu Bawah', 'leftNav'),
(3, 'Menu Copyright', 'bottomNav'),
(4, 'Menu Atas Footer', 'topFooter'),
(5, 'Menu Mobile', 'menuMobile');

-- --------------------------------------------------------

--
-- Struktur dari tabel `module`
--

CREATE TABLE `module` (
  `module_id` int(11) NOT NULL,
  `module_name` varchar(20) NOT NULL,
  `module_title` varchar(50) NOT NULL,
  `module_description` text NOT NULL,
  `module_url` varchar(100) NOT NULL,
  `searchable` int(11) NOT NULL,
  `access` varchar(20) NOT NULL
) ENGINE=InnoDB DEFAULT CHARSET=utf8;

--
-- Dumping data untuk tabel `module`
--

INSERT INTO `module` (`module_id`, `module_name`, `module_title`, `module_description`, `module_url`, `searchable`, `access`) VALUES
(1, 'news', 'Berita', 'Berita ', '', 1, ''),
(2, 'iklan', 'Iklan', '', '', 1, ''),
(3, 'epaper', 'E-Paper', 'E-Paper', '', 1, '');

-- --------------------------------------------------------

--
-- Struktur dari tabel `module_epaper`
--

CREATE TABLE `module_epaper` (
  `id` int(11) NOT NULL,
  `title` varchar(255) NOT NULL,
  `content` longtext NOT NULL,
  `date` timestamp NOT NULL DEFAULT CURRENT_TIMESTAMP ON UPDATE CURRENT_TIMESTAMP
) ENGINE=InnoDB DEFAULT CHARSET=latin1;

--
-- Dumping data untuk tabel `module_epaper`
--

INSERT INTO `module_epaper` (`id`, `title`, `content`, `date`) VALUES
(27, 'HARIAN BANGSA edisi SELASA (25-03-2014)', '<div data-configid=\"11166145/7215750\" style=\"width: 300px; height: 498px;\" class=\"issuuembed\"></div><script type=\"text/javascript\" src=\"//e.issuu.com/embed.js\" async=\"true\"></script>', '2014-03-24 16:00:40'),
(28, 'HARIAN BANGSA edisi RABU (26-03-2014)', '<div data-configid=\"11166145/7230264\" style=\"width: 300px; height: 498px;\" class=\"issuuembed\"></div><script type=\"text/javascript\" src=\"//e.issuu.com/embed.js\" async=\"true\"></script>', '2014-03-25 15:35:58'),
(29, 'HARIAN BANGSA edisi KAMIS (27-03-2014)', '<div data-configid=\"11166145/7245768\" style=\"width: 300px; height: 498px;\" class=\"issuuembed\"></div><script type=\"text/javascript\" src=\"//e.issuu.com/embed.js\" async=\"true\"></script>', '2014-03-26 15:34:32'),
(30, 'HARIAN BANGSA edisi JUMAT (28-03-2014)', '<div data-configid=\"11166145/7262228\" style=\"width: 300px; height: 498px;\" class=\"issuuembed\"></div><script type=\"text/javascript\" src=\"//e.issuu.com/embed.js\" async=\"true\"></script>', '2014-03-27 16:28:36'),
(31, 'HARIAN BANGSA edisi SABTU (29-03-2014)', '<div data-configid=\"11166145/7276948\" style=\"width: 300px; height: 498px;\" class=\"issuuembed\"></div><script type=\"text/javascript\" src=\"//e.issuu.com/embed.js\" async=\"true\"></script>', '2014-03-28 15:27:16'),
(32, 'HARIAN BANGSA edisi MINGGU (30-03-2014)', '<div data-configid=\"11166145/7286229\" style=\"width: 300px; height: 498px;\" class=\"issuuembed\"></div><script type=\"text/javascript\" src=\"//e.issuu.com/embed.js\" async=\"true\"></script>', '2014-03-29 16:08:17'),
(33, 'HARIAN BANGSA edisi SELASA (01-04-2014)', '<div data-configid=\"11166145/7305742\" style=\"width: 300px; height: 498px;\" class=\"issuuembed\"></div><script type=\"text/javascript\" src=\"//e.issuu.com/embed.js\" async=\"true\"></script>', '2014-03-31 16:43:47'),
(34, 'HARIAN BANGSA edisi RABU (02-04-2014)', '<div data-configid=\"11166145/7321056\" style=\"width: 300px; height: 498px;\" class=\"issuuembed\"></div><script type=\"text/javascript\" src=\"//e.issuu.com/embed.js\" async=\"true\"></script>', '2014-04-01 15:29:09'),
(35, 'HARIAN BANGSA edisi KAMIS (03-04-2014)', '<div data-configid=\"11166145/7338165\" style=\"width: 300px; height: 498px;\" class=\"issuuembed\"></div><script type=\"text/javascript\" src=\"//e.issuu.com/embed.js\" async=\"true\"></script>', '2014-04-02 15:43:38'),
(36, 'HARIAN BANGSA edisi JUMAT (04-04-2014)', '<div data-configid=\"11166145/7355079\" style=\"width: 300px; height: 498px;\" class=\"issuuembed\"></div><script type=\"text/javascript\" src=\"//e.issuu.com/embed.js\" async=\"true\"></script>', '2014-04-03 15:29:43'),
(37, 'HARIAN BANGSA edisi SABTU (05-04-2014)', '<div data-configid=\"11166145/7371310\" style=\"width: 300px; height: 498px;\" class=\"issuuembed\"></div><script type=\"text/javascript\" src=\"//e.issuu.com/embed.js\" async=\"true\"></script>', '2014-04-04 16:06:13'),
(38, 'HARIAN BANGSA edisi MINGGU (06-04-2014)', '<div data-configid=\"11166145/7379773\" style=\"width: 300px; height: 498px;\" class=\"issuuembed\"></div><script type=\"text/javascript\" src=\"//e.issuu.com/embed.js\" async=\"true\"></script>', '2014-04-05 15:48:31'),
(39, 'HARIAN BANGSA edisi SENIN (07-04-2014)', '<div data-configid=\"11166145/7385541\" style=\"width: 300px; height: 498px;\" class=\"issuuembed\"></div><script type=\"text/javascript\" src=\"//e.issuu.com/embed.js\" async=\"true\"></script>', '2014-04-06 15:47:36'),
(40, 'HARIAN BANGSA edisi SELASA (08-04-2014)', '<div data-configid=\"11166145/7398419\" style=\"width: 300px; height: 498px;\" class=\"issuuembed\"></div><script type=\"text/javascript\" src=\"//e.issuu.com/embed.js\" async=\"true\"></script>', '2014-04-07 16:17:41'),
(41, 'HARIAN BANGSA edisi KAMIS (10-04-2014)', '<div data-configid=\"11166145/7427541\" style=\"width: 300px; height: 498px;\" class=\"issuuembed\"></div><script type=\"text/javascript\" src=\"//e.issuu.com/embed.js\" async=\"true\"></script>', '2014-04-09 15:55:14'),
(42, 'HARIAN BANGSA edisi JUMAT (11-04-2014)', '<div data-configid=\"11166145/7442566\" style=\"width: 300px; height: 498px;\" class=\"issuuembed\"></div><script type=\"text/javascript\" src=\"//e.issuu.com/embed.js\" async=\"true\"></script>', '2014-04-10 15:45:30'),
(43, 'HARIAN BANGSA edisi SABTU (12-04-2014)', '<div data-configid=\"11166145/7456546\" style=\"width: 300px; height: 498px;\" class=\"issuuembed\"></div><script type=\"text/javascript\" src=\"//e.issuu.com/embed.js\" async=\"true\"></script>', '2014-04-11 15:49:06'),
(44, 'HARIAN BANGSA edisi AHAD (13-04-2014)', '<div data-configid=\"11166145/7464796\" style=\"width: 300px; height: 498px;\" class=\"issuuembed\"></div><script type=\"text/javascript\" src=\"//e.issuu.com/embed.js\" async=\"true\"></script>', '2014-04-12 15:41:34'),
(45, 'HARIAN BANGSA edisi SENIN (14-04-2014)', '<div data-configid=\"11166145/7470241\" style=\"width: 300px; height: 498px;\" class=\"issuuembed\"></div><script type=\"text/javascript\" src=\"//e.issuu.com/embed.js\" async=\"true\"></script>', '2014-04-13 15:47:16'),
(46, 'HARIAN BANGSA edisi SELASA (15-04-2014)', '<div data-configid=\"11166145/7481385\" style=\"width: 300px; height: 498px;\" class=\"issuuembed\"></div><script type=\"text/javascript\" src=\"//e.issuu.com/embed.js\" async=\"true\"></script>', '2014-04-14 16:02:27'),
(47, 'HARIAN BANGSA edisi KAMIS (17-04-2014)', '<div data-configid=\"11166145/7509213\" style=\"width: 300px; height: 498px;\" class=\"issuuembed\"></div><script type=\"text/javascript\" src=\"//e.issuu.com/embed.js\" async=\"true\"></script>', '2014-04-16 16:13:47'),
(48, 'HARIAN BANGSA edisi SABTU (19-04-2014)', '<div data-configid=\"11166145/7531513\" style=\"width: 300px; height: 498px;\" class=\"issuuembed\"></div><script type=\"text/javascript\" src=\"//e.issuu.com/embed.js\" async=\"true\"></script>', '2014-04-18 15:40:09'),
(49, 'HARIAN BANGSA edisi MINGGU (20-04-2014)', '<div data-configid=\"11166145/7538106\" style=\"width: 300px; height: 498px;\" class=\"issuuembed\"></div><script type=\"text/javascript\" src=\"//e.issuu.com/embed.js\" async=\"true\"></script>', '2014-04-19 15:25:24'),
(50, 'HARIAN BANGSA edisi SENIN (21-04-2014)', '<div data-configid=\"11166145/7543269\" style=\"width: 300px; height: 498px;\" class=\"issuuembed\"></div><script type=\"text/javascript\" src=\"//e.issuu.com/embed.js\" async=\"true\"></script>', '2014-04-20 16:03:59'),
(51, 'HARIAN BANGSA edisi SELASA (22-04-2014)', '<div data-configid=\"11166145/7550694\" style=\"width: 300px; height: 498px;\" class=\"issuuembed\"></div><script type=\"text/javascript\" src=\"//e.issuu.com/embed.js\" async=\"true\"></script>', '2014-04-21 15:44:34'),
(52, 'HARIAN BANGSA edisi RABU (23-04-2014)', '<div data-configid=\"11166145/7563798\" style=\"width: 300px; height: 498px;\" class=\"issuuembed\"></div><script type=\"text/javascript\" src=\"//e.issuu.com/embed.js\" async=\"true\"></script>', '2014-04-22 15:23:59'),
(53, 'HARIAN BANGSA edisi KAMIS (24-04-2014)', '<div data-configid=\"11166145/7579389\" style=\"width: 300px; height: 498px;\" class=\"issuuembed\"></div><script type=\"text/javascript\" src=\"//e.issuu.com/embed.js\" async=\"true\"></script>', '2014-04-23 15:38:13'),
(54, 'HARIAN BANGSA edisi JUMAT (25-04-2014)', '<div data-configid=\"11166145/7595455\" style=\"width: 300px; height: 498px;\" class=\"issuuembed\"></div><script type=\"text/javascript\" src=\"//e.issuu.com/embed.js\" async=\"true\"></script>', '2014-04-24 15:56:44'),
(55, 'HARIAN BANGSA edisi SABTU (26-04-2014)', '<div data-configid=\"11166145/7610508\" style=\"width: 300px; height: 498px;\" class=\"issuuembed\"></div><script type=\"text/javascript\" src=\"//e.issuu.com/embed.js\" async=\"true\"></script>', '2014-04-25 15:59:31'),
(56, 'HARIAN BANGSA edisi MINGGU (27-04-2014)', '<div data-configid=\"11166145/7619925\" style=\"width: 300px; height: 498px;\" class=\"issuuembed\"></div><script type=\"text/javascript\" src=\"//e.issuu.com/embed.js\" async=\"true\"></script>', '2014-04-26 16:18:42'),
(57, 'HARIAN BANGSA edisi SENIN (28-04-2014)', '<div data-configid=\"11166145/7625784\" style=\"width: 300px; height: 498px;\" class=\"issuuembed\"></div><script type=\"text/javascript\" src=\"//e.issuu.com/embed.js\" async=\"true\"></script>', '2014-04-27 15:42:56'),
(58, 'HARIAN BANGSA edisi SELASA (29-04-2014)', '<div data-configid=\"11166145/7637903\" style=\"width: 300px; height: 498px;\" class=\"issuuembed\"></div><script type=\"text/javascript\" src=\"//e.issuu.com/embed.js\" async=\"true\"></script>', '2014-04-28 15:42:56'),
(59, 'HARIAN BANGSA edisi RABU (30-04-2014)', '<div data-configid=\"11166145/7653805\" style=\"width: 300px; height: 498px;\" class=\"issuuembed\"></div><script type=\"text/javascript\" src=\"//e.issuu.com/embed.js\" async=\"true\"></script>', '2014-04-29 15:40:25'),
(60, 'HARIAN BANGSA edisi RABU (07-05-2014)', '<div data-configid=\"11166145/7747999\" style=\"width: 300px; height: 498px;\" class=\"issuuembed\"></div><script type=\"text/javascript\" src=\"//e.issuu.com/embed.js\" async=\"true\"></script>', '2014-05-06 16:03:33'),
(61, 'HARIAN BANGSA edisi KAMIS (08-05-2014)', '<div data-configid=\"11166145/7764925\" style=\"width: 300px; height: 498px;\" class=\"issuuembed\"></div><script type=\"text/javascript\" src=\"//e.issuu.com/embed.js\" async=\"true\"></script>', '2014-05-07 16:18:20'),
(62, 'HARIAN BANGSA edisi JUMAT (09-05-2014)', '<div data-configid=\"11166145/7781211\" style=\"width: 300px; height: 498px;\" class=\"issuuembed\"></div><script type=\"text/javascript\" src=\"//e.issuu.com/embed.js\" async=\"true\"></script>', '2014-05-08 16:07:38'),
(63, 'HARIAN BANGSA edisi SABTU (09-05-2014)', '<div data-configid=\"11166145/7795380\" style=\"width: 300px; height: 498px;\" class=\"issuuembed\"></div><script type=\"text/javascript\" src=\"//e.issuu.com/embed.js\" async=\"true\"></script>', '2014-05-09 15:21:00'),
(64, 'HARIAN BANGSA edisi MINGGU (11-05-2014)', '<div data-configid=\"11166145/7805044\" style=\"width: 300px; height: 498px;\" class=\"issuuembed\"></div><script type=\"text/javascript\" src=\"//e.issuu.com/embed.js\" async=\"true\"></script>', '2014-05-10 15:23:37'),
(65, 'HARIAN BANGSA edisi SENIN (12-05-2014)', '<div data-configid=\"11166145/7812406\" style=\"width: 300px; height: 249px;\" class=\"issuuembed\"></div><script type=\"text/javascript\" src=\"//e.issuu.com/embed.js\" async=\"true\"></script>', '2014-05-11 16:43:53'),
(66, 'HARIAN BANGSA edisi RABU (14-05-2014)', '<div data-configid=\"11166145/7839989\" style=\"width: 300px; height: 498px;\" class=\"issuuembed\"></div><script type=\"text/javascript\" src=\"//e.issuu.com/embed.js\" async=\"true\"></script>', '2014-05-13 16:12:45'),
(67, 'HARIAN BANGSA edisi JUMAT (16-05-2014)', '<div data-configid=\"11166145/7873122\" style=\"width: 300px; height: 498px;\" class=\"issuuembed\"></div><script type=\"text/javascript\" src=\"//e.issuu.com/embed.js\" async ></script>', '2014-05-15 16:18:30'),
(68, 'HARIAN BANGSA edisi SABTU (17-05-2014)', '<div data-configid=\"11166145/7888154\" style=\"width: 300px; height: 498px;\" class=\"issuuembed\"></div><script type=\"text/javascript\" src=\"//e.issuu.com/embed.js\" async=\"true\"></script>', '2014-05-16 16:06:35'),
(69, 'HARIAN BANGSA edisi AHAD (18-05-2014)', '<div data-configid=\"11166145/7896936\" style=\"width: 300px; height: 498px;\" class=\"issuuembed\"></div><script type=\"text/javascript\" src=\"//e.issuu.com/embed.js\" async=\"true\"></script>', '2014-05-17 15:56:48'),
(70, 'HARIAN BANGSA edisi SENIN (19-05-2014)', '<div data-configid=\"11166145/7903832\" style=\"width: 300px; height: 498px;\" class=\"issuuembed\"></div><script type=\"text/javascript\" src=\"//e.issuu.com/embed.js\" async=\"true\"></script>', '2014-05-18 16:31:39'),
(71, 'HARIAN BANGSA edisi SELASA (20-05-2014)', '<div data-configid=\"11166145/7915976\" style=\"width: 300px; height: 498px;\" class=\"issuuembed\"></div><script type=\"text/javascript\" src=\"//e.issuu.com/embed.js\" async=\"true\"></script>', '2014-05-19 16:08:38'),
(72, 'HARIAN BANGSA edisi RABU (21-05-2014)', '<div data-configid=\"11166145/7931586\" style=\"width: 300px; height: 498px;\" class=\"issuuembed\"></div><script type=\"text/javascript\" src=\"//e.issuu.com/embed.js\" async=\"true\"></script>', '2014-05-20 15:43:40'),
(73, 'HARIAN BANGSA edisi KAMIS (22-05-2014)', '<div data-configid=\"11166145/7948365\" style=\"width: 300px; height: 498px;\" class=\"issuuembed\"></div><script type=\"text/javascript\" src=\"//e.issuu.com/embed.js\" async=\"true\"></script>', '2014-05-21 16:19:12'),
(74, 'HARIAN BANGSA edisi JUMAT (23-05-2014)', '<div data-configid=\"11166145/7964144\" style=\"width: 300px; height: 498px;\" class=\"issuuembed\"></div><script type=\"text/javascript\" src=\"//e.issuu.com/embed.js\" async=\"true\"></script>', '2014-05-22 15:42:35'),
(75, 'HARIAN BANGSA edisi SABTU (24-05-2014)', '<div data-configid=\"11166145/7979312\" style=\"width: 300px; height: 498px;\" class=\"issuuembed\"></div><script type=\"text/javascript\" src=\"//e.issuu.com/embed.js\" async=\"true\"></script>', '2014-05-23 15:42:00'),
(76, 'HARIAN BANGSA edisi MINGGU (25-05-2014)', '<div data-configid=\"11166145/7988650\" style=\"width: 300px; height: 498px;\" class=\"issuuembed\"></div><script type=\"text/javascript\" src=\"//e.issuu.com/embed.js\" async=\"true\"></script>', '2014-05-24 15:30:19'),
(77, 'HARIAN BANGSA edisi SENIN (26-05-2014)', '<div data-configid=\"11166145/7994955\" style=\"width: 300px; height: 498px;\" class=\"issuuembed\"></div><script type=\"text/javascript\" src=\"//e.issuu.com/embed.js\" async=\"true\"></script>', '2014-05-25 15:21:00'),
(78, 'HARIAN BANGSA edisi RABU (25-05-2014)', '<div data-configid=\"11166145/8021531\" style=\"width: 300px; height: 498px;\" class=\"issuuembed\"></div><script type=\"text/javascript\" src=\"//e.issuu.com/embed.js\" async=\"true\"></script>', '2014-05-27 15:32:11'),
(79, 'HARIAN BANGSA edisi JUMAT (30-05-2014)', '<div data-configid=\"11166145/8053220\" style=\"width: 300px; height: 498px;\" class=\"issuuembed\"></div><script type=\"text/javascript\" src=\"//e.issuu.com/embed.js\" async=\"true\"></script>', '2014-05-29 16:28:51'),
(80, 'HARIAN BANGSA edisi SABTU (31-05-2014)', '<div data-configid=\"11166145/8068188\" style=\"width: 300px; height: 498px;\" class=\"issuuembed\"></div><script type=\"text/javascript\" src=\"//e.issuu.com/embed.js\" async=\"true\"></script>', '2014-05-30 16:13:03'),
(81, 'HARIAN BANGSA edisi MINGGU (01-06-2014)', '<div data-configid=\"11166145/8077947\" style=\"width: 300px; height: 498px;\" class=\"issuuembed\"></div><script type=\"text/javascript\" src=\"//e.issuu.com/embed.js\" async=\"true\"></script>', '2014-05-31 16:20:05'),
(82, 'HARIAN BANGSA edisi SENIN (02-06-2014)', '<div data-configid=\"11166145/8085697\" style=\"width: 300px; height: 498px;\" class=\"issuuembed\"></div><script type=\"text/javascript\" src=\"//e.issuu.com/embed.js\" async=\"true\"></script>', '2014-06-01 16:24:31'),
(83, 'HARIAN BANGSA edisi SELASA (03-06-2014)', '<div data-configid=\"11166145/8098777\" style=\"width: 300px; height: 498px;\" class=\"issuuembed\"></div><script type=\"text/javascript\" src=\"//e.issuu.com/embed.js\" async=\"true\"></script>', '2014-06-02 15:57:20'),
(84, 'HARIAN BANGSA edisi RABU (04-06-2014)', '<div data-configid=\"11166145/8115536\" style=\"width: 300px; height: 498px;\" class=\"issuuembed\"></div><script type=\"text/javascript\" src=\"//e.issuu.com/embed.js\" async=\"true\"></script>', '2014-06-03 15:47:20'),
(85, 'HARIAN BANGSA edisi KAMIS (05-06-2014)', '<div data-configid=\"11166145/8132006\" style=\"width: 300px; height: 498px;\" class=\"issuuembed\"></div><script type=\"text/javascript\" src=\"//e.issuu.com/embed.js\" async=\"true\"></script>', '2014-06-04 15:55:38'),
(86, 'HARIAN BANGSA edisi JUMAT (06-06-2014)', '<div data-configid=\"11166145/8149034\" style=\"width: 300px; height: 498px;\" class=\"issuuembed\"></div><script type=\"text/javascript\" src=\"//e.issuu.com/embed.js\" async=\"true\"></script>', '2014-06-05 16:25:04'),
(87, 'HARIAN BANGSA edisi SABTU (07-06-2014)', '<div data-configid=\"11166145/8164662\" style=\"width: 300px; height: 498px;\" class=\"issuuembed\"></div><script type=\"text/javascript\" src=\"//e.issuu.com/embed.js\" async=\"true\"></script>', '2014-06-06 15:48:53'),
(88, 'HARIAN BANGSA edisi MINGGU (08-06-2014)', '<div data-configid=\"11166145/8174206\" style=\"width: 300px; height: 498px;\" class=\"issuuembed\"></div><script type=\"text/javascript\" src=\"//e.issuu.com/embed.js\" async=\"true\"></script>', '2014-06-07 16:03:57'),
(89, 'HARIAN BANGSA edisi SENIN (09-06-2014)', '<div data-configid=\"11166145/8180602\" style=\"width: 525px; height: 436px;\" class=\"issuuembed\"></div><script type=\"text/javascript\" src=\"//e.issuu.com/embed.js\" async=\"true\"></script>', '2014-06-08 16:27:03'),
(90, 'HARIAN BANGSA edisi SELASA (10-06-2014)', '<div data-configid=\"11166145/8191504\" style=\"width: 300px; height: 498px;\" class=\"issuuembed\"></div><script type=\"text/javascript\" src=\"//e.issuu.com/embed.js\" async=\"true\"></script>', '2014-06-08 16:32:36'),
(91, 'HARIAN BANGSA edisi RABU (11-06-2014)', '<div data-configid=\"11166145/8206183\" style=\"width: 300px; height: 498px;\" class=\"issuuembed\"></div><script type=\"text/javascript\" src=\"//e.issuu.com/embed.js\" async=\"true\"></script>', '2014-06-10 16:24:21'),
(92, 'HARIAN BANGSA edisi KAMIS (12-06-2014)', '<div data-configid=\"11166145/8220821\" style=\"width: 300px; height: 498px;\" class=\"issuuembed\"></div><script type=\"text/javascript\" src=\"//e.issuu.com/embed.js\" async=\"true\"></script>', '2014-06-11 16:03:39'),
(93, 'HARIAN BANGSA edisi JUMAT (13-06-2014)', '<div data-configid=\"11166145/8236042\" style=\"width: 300px; height: 498px;\" class=\"issuuembed\"></div><script type=\"text/javascript\" src=\"//e.issuu.com/embed.js\" async=\"true\"></script>', '2014-06-12 16:20:37'),
(94, 'HARIAN BANGSA edisi MINGGU (15-06-2014)', '<div data-configid=\"11166145/8257919\" style=\"width: 300px; height: 498px;\" class=\"issuuembed\"></div><script type=\"text/javascript\" src=\"//e.issuu.com/embed.js\" async=\"true\"></script>', '2014-06-14 15:51:02'),
(95, 'HARIAN BANGSA edisi SENIN (16-06-2014)', '<div data-configid=\"11166145/8264699\" style=\"width: 300px; height: 498px;\" class=\"issuuembed\"></div><script type=\"text/javascript\" src=\"//e.issuu.com/embed.js\" async=\"true\"></script>', '2014-06-15 16:19:53'),
(96, 'HARIAN BANGSA edisi SELASA (17-06-2014)', '<div data-configid=\"11166145/8277748\" style=\"width: 300px; height: 498px;\" class=\"issuuembed\"></div><script type=\"text/javascript\" src=\"//e.issuu.com/embed.js\" async=\"true\"></script>', '2014-06-16 17:56:07'),
(97, 'HARIAN BANGSA edisi RABU (18-06-2014)', '<div data-configid=\"11166145/8291467\" style=\"width: 300px; height: 498px;\" class=\"issuuembed\"></div><script type=\"text/javascript\" src=\"//e.issuu.com/embed.js\" async=\"true\"></script>', '2014-06-17 15:53:57'),
(98, 'HARIAN BANGSA edisi KAMIS (19-06-2014)', '<div data-configid=\"11166145/8305713\" style=\"width: 300px; height: 498px;\" class=\"issuuembed\"></div><script type=\"text/javascript\" src=\"//e.issuu.com/embed.js\" async=\"true\"></script>', '2014-06-18 15:58:24'),
(99, 'HARIAN BANGSA edisi JUMAT (20-06-2014)', '<div data-configid=\"11166145/8318916\" style=\"width: 300px; height: 498px;\" class=\"issuuembed\"></div><script type=\"text/javascript\" src=\"//e.issuu.com/embed.js\" async=\"true\"></script>', '2014-06-19 15:24:19'),
(100, 'HARIAN BANGSA edisi SABTU (21-06-2014)', '<div data-configid=\"11166145/8333723\" style=\"width: 300px; height: 498px;\" class=\"issuuembed\"></div><script type=\"text/javascript\" src=\"//e.issuu.com/embed.js\" async=\"true\"></script>', '2014-06-20 15:44:35'),
(101, 'HARIAN BANGSA edisi MINGGU (22-06-2014)', '<div data-configid=\"11166145/8343030\" style=\"width: 300px; height: 498px;\" class=\"issuuembed\"></div><script type=\"text/javascript\" src=\"//e.issuu.com/embed.js\" async=\"true\"></script>', '2014-06-21 15:56:15'),
(102, 'HARIAN BANGSA edisi SENIN (22-06-2014)', '<div data-configid=\"11166145/8349834\" style=\"width: 300px; height: 498px;\" class=\"issuuembed\"></div><script type=\"text/javascript\" src=\"//e.issuu.com/embed.js\" async=\"true\"></script>', '2014-06-22 16:11:37'),
(103, 'HARIAN BANGSA edisi SELASA (24-06-2014)', '<div data-configid=\"11166145/8361565\" style=\"width: 300px; height: 498px;\" class=\"issuuembed\"></div><script type=\"text/javascript\" src=\"//e.issuu.com/embed.js\" async=\"true\"></script>', '2014-06-23 16:06:43'),
(104, 'HARIAN BANGSA edisi RABU (25-06-2014)', '<div data-configid=\"11166145/8376355\" style=\"width: 300px; height: 498px;\" class=\"issuuembed\"></div><script type=\"text/javascript\" src=\"//e.issuu.com/embed.js\" async=\"true\"></script>', '2014-06-24 15:51:18'),
(105, 'HARIAN BANGSA edisi KAMIS (26-06-2014)', '<div data-configid=\"11166145/8391189\" style=\"width: 300px; height: 498px;\" class=\"issuuembed\"></div><script type=\"text/javascript\" src=\"//e.issuu.com/embed.js\" async=\"true\"></script>', '2014-06-25 15:56:16'),
(106, 'HARIAN BANGSA edisi JUMAT (27-06-2014)', '<div data-configid=\"11166145/8406786\" style=\"width: 300px; height: 498px;\" class=\"issuuembed\"></div><script type=\"text/javascript\" src=\"//e.issuu.com/embed.js\" async=\"true\"></script>', '2014-06-26 15:54:26'),
(107, 'HARIAN BANGSA edisi SABTU (28-06-2014)', '<div data-configid=\"11166145/8421108\" style=\"width: 300px; height: 498px;\" class=\"issuuembed\"></div><script type=\"text/javascript\" src=\"//e.issuu.com/embed.js\" async=\"true\"></script>', '2014-06-27 15:28:02'),
(108, 'HARIAN BANGSA edisi MINGGU (29-06-2014)', '<div data-configid=\"11166145/8429987\" style=\"width: 300px; height: 498px;\" class=\"issuuembed\"></div><script type=\"text/javascript\" src=\"//e.issuu.com/embed.js\" async=\"true\"></script>', '2014-06-28 16:03:11'),
(109, 'HARIAN BANGSA edisi SENIN (30-06-2014)', '<div data-configid=\"11166145/8436254\" style=\"width: 300px; height: 498px;\" class=\"issuuembed\"></div><script type=\"text/javascript\" src=\"//e.issuu.com/embed.js\" async=\"true\"></script>', '2014-06-29 16:10:03'),
(110, 'HARIAN BANGSA edisi SELASA (01-07-2014)', '<div data-configid=\"11166145/8447696\" style=\"width: 300px; height: 498px;\" class=\"issuuembed\"></div><script type=\"text/javascript\" src=\"//e.issuu.com/embed.js\" async=\"true\"></script>', '2014-06-30 15:35:57'),
(111, 'HARIAN BANGSA edisi RABU (02-07-2014)', '<div data-configid=\"11166145/8462535\" style=\"width: 300px; height: 498px;\" class=\"issuuembed\"></div><script type=\"text/javascript\" src=\"//e.issuu.com/embed.js\" async=\"true\"></script>', '2014-07-01 15:40:54'),
(112, 'HARIAN BANGSA edisi KAMIS (03-07-2014)', '<div data-configid=\"11166145/8477390\" style=\"width: 300px; height: 498px;\" class=\"issuuembed\"></div><script type=\"text/javascript\" src=\"//e.issuu.com/embed.js\" async=\"true\"></script>', '2014-07-02 15:45:17'),
(113, 'HARIAN BANGSA edisi JUMAT (04-07-2014)', '<div data-configid=\"11166145/8492359\" style=\"width: 300px; height: 498px;\" class=\"issuuembed\"></div><script type=\"text/javascript\" src=\"//e.issuu.com/embed.js\" async=\"true\"></script>', '2014-07-03 16:06:35'),
(114, 'HARIAN BANGSA edisi SABTU (05-07-2014)', '<div data-configid=\"11166145/8505264\" style=\"width: 300px; height: 498px;\" class=\"issuuembed\"></div><script type=\"text/javascript\" src=\"//e.issuu.com/embed.js\" async=\"true\"></script>', '2014-07-04 15:31:21'),
(115, 'HARIAN BANGSA edisi AHAD (06-07-2014)', '<div data-configid=\"11166145/8512721\" style=\"width: 300px; height: 498px;\" class=\"issuuembed\"></div><script type=\"text/javascript\" src=\"//e.issuu.com/embed.js\" async=\"true\"></script>', '2014-07-05 16:20:05'),
(116, 'HARIAN BANGSA edisi SENIN (07-07-2014)', '<div data-configid=\"11166145/8518567\" style=\"width: 300px; height: 498px;\" class=\"issuuembed\"></div><script type=\"text/javascript\" src=\"//e.issuu.com/embed.js\" async=\"true\"></script>', '2014-07-06 15:51:31'),
(117, 'HARIAN BANGSA edisi SELASA (08-07-2014)', '<div data-configid=\"11166145/8529755\" style=\"width: 300px; height: 498px;\" class=\"issuuembed\"></div><script type=\"text/javascript\" src=\"//e.issuu.com/embed.js\" async=\"true\"></script>', '2014-07-07 16:10:05'),
(118, 'HARIAN BANGSA edisi RABU (09-07-2014)', '<div data-configid=\"11166145/8543315\" style=\"width: 300px; height: 498px;\" class=\"issuuembed\"></div><script type=\"text/javascript\" src=\"//e.issuu.com/embed.js\" async=\"true\"></script>', '2014-07-08 15:41:08'),
(119, 'HARIAN BANGSA edisi KAMIS (10-07-2014)', '<div data-configid=\"11166145/8557065\" style=\"width: 300px; height: 498px;\" class=\"issuuembed\"></div><script type=\"text/javascript\" src=\"//e.issuu.com/embed.js\" async=\"true\"></script>', '2014-07-09 16:31:21'),
(120, 'HARIAN BANGSA edisi JUMAT (11-07-2014)', '<div data-configid=\"11166145/8569770\" style=\"width: 300px; height: 498px;\" class=\"issuuembed\"></div><script type=\"text/javascript\" src=\"//e.issuu.com/embed.js\" async=\"true\"></script>', '2014-07-10 16:05:21'),
(121, 'HARIAN BANGSA edisi SABTU (12-07-2014)', '<div data-configid=\"11166145/8582753\" style=\"width: 300px; height: 498px;\" class=\"issuuembed\"></div><script type=\"text/javascript\" src=\"//e.issuu.com/embed.js\" async=\"true\"></script>', '2014-07-11 15:42:18'),
(122, 'HARIAN BANGSA edisi AHAD (13-07-2014)', '<div data-configid=\"11166145/8590996\" style=\"width: 300px; height: 498px;\" class=\"issuuembed\"></div><script type=\"text/javascript\" src=\"//e.issuu.com/embed.js\" async=\"true\"></script>', '2014-07-12 16:18:06'),
(123, 'HARIAN BANGSA edisi SENIN (14-07-2014)', '<div data-configid=\"11166145/8596471\" style=\"width: 300px; height: 498px;\" class=\"issuuembed\"></div><script type=\"text/javascript\" src=\"//e.issuu.com/embed.js\" async=\"true\"></script>', '2014-07-13 15:51:35'),
(124, 'HARIAN BANGSA edisi SELASA (15-07-2014)', '<div data-configid=\"11166145/8606261\" style=\"width: 300px; height: 498px;\" class=\"issuuembed\"></div><script type=\"text/javascript\" src=\"//e.issuu.com/embed.js\" async=\"true\"></script>', '2014-07-14 15:46:15'),
(125, 'HARIAN BANGSA edisi RABU (16-07-2014)', '<div data-configid=\"11166145/8619281\" style=\"width: 300px; height: 498px;\" class=\"issuuembed\"></div><script type=\"text/javascript\" src=\"//e.issuu.com/embed.js\" async=\"true\"></script>', '2014-07-15 16:07:02'),
(126, 'HARIAN BANGSA edisi KAMIS (17-07-2014)', '<div data-configid=\"11166145/8632482\" style=\"width: 300px; height: 498px;\" class=\"issuuembed\"></div><script type=\"text/javascript\" src=\"//e.issuu.com/embed.js\" async=\"true\"></script>', '2014-07-16 15:48:08'),
(127, 'HARIAN BANGSA edisi SABTU (19-07-2014)', '<div data-configid=\"11166145/8658764\" style=\"width: 300px; height: 498px;\" class=\"issuuembed\"></div><script type=\"text/javascript\" src=\"//e.issuu.com/embed.js\" async=\"true\"></script>', '2014-07-18 16:10:25'),
(128, 'HARIAN BANGSA edisi MINGGU (20-07-2014)', '<div data-configid=\"11166145/8666091\" style=\"width: 300px; height: 498px;\" class=\"issuuembed\"></div><script type=\"text/javascript\" src=\"//e.issuu.com/embed.js\" async=\"true\"></script>', '2014-07-19 15:55:34'),
(129, 'HARIAN BANGSA edisi SENIN (21-07-2014)', '<div data-configid=\"11166145/8671358\" style=\"width: 300px; height: 498px;\" class=\"issuuembed\"></div><script type=\"text/javascript\" src=\"//e.issuu.com/embed.js\" async=\"true\"></script>', '2014-07-20 16:06:26'),
(130, 'HARIAN BANGSA edisi SELASA (22-07-2014)', '<div data-configid=\"11166145/8681283\" style=\"width: 300px; height: 498px;\" class=\"issuuembed\"></div><script type=\"text/javascript\" src=\"//e.issuu.com/embed.js\" async=\"true\"></script>', '2014-07-21 16:04:41'),
(131, 'HARIAN BANGSA edisi RABU (23-07-2014)', '<div data-configid=\"11166145/8693252\" style=\"width: 300px; height: 498px;\" class=\"issuuembed\"></div><script type=\"text/javascript\" src=\"//e.issuu.com/embed.js\" async=\"true\"></script>', '2014-07-22 16:07:14'),
(132, 'HARIAN BANGSA edisi KAMIS (24-07-2014)', '<div data-configid=\"11166145/8705315\" style=\"width: 300px; height: 498px;\" class=\"issuuembed\"></div><script type=\"text/javascript\" src=\"//e.issuu.com/embed.js\" async=\"true\"></script>', '2014-07-23 16:00:16'),
(133, 'HARIAN BANGSA edisi JUMAT (25-07-2014)', '<div data-configid=\"11166145/8718412\" style=\"width: 300px; height: 498px;\" class=\"issuuembed\"></div><script type=\"text/javascript\" src=\"//e.issuu.com/embed.js\" async=\"true\"></script>', '2014-07-24 16:53:27'),
(134, 'HARIAN BANGSA edisi SENIN (04-08-2014)', '<div data-configid=\"11166145/8818855\" style=\"width: 300px; height: 498px;\" class=\"issuuembed\"></div><script type=\"text/javascript\" src=\"//e.issuu.com/embed.js\" async=\"true\"></script>', '2014-08-03 16:36:55'),
(135, 'HARIAN BANGSA edisi SELASA (05-08-2014)', '<div data-configid=\"11166145/8829109\" style=\"width: 300px; height: 498px;\" class=\"issuuembed\"></div><script type=\"text/javascript\" src=\"//e.issuu.com/embed.js\" async=\"true\"></script>', '2014-08-04 15:58:11'),
(136, 'HARIAN BANGSA edisi RABU (06-08-2014)', '<div data-configid=\"11166145/8841231\" style=\"width: 300px; height: 498px;\" class=\"issuuembed\"></div><script type=\"text/javascript\" src=\"//e.issuu.com/embed.js\" async=\"true\"></script>', '2014-08-05 15:17:14'),
(137, 'HARIAN BANGSA edisi KAMIS (07-08-2014)', '<div data-configid=\"11166145/8855620\" style=\"width: 300px; height: 498px;\" class=\"issuuembed\"></div><script type=\"text/javascript\" src=\"//e.issuu.com/embed.js\" async=\"true\"></script>', '2014-08-06 15:34:31'),
(138, 'HARIAN BANGSA edisi JUMAT (08-08-2014)', '<div data-configid=\"11166145/8869479\" style=\"width: 300px; height: 498px;\" class=\"issuuembed\"></div><script type=\"text/javascript\" src=\"//e.issuu.com/embed.js\" async=\"true\"></script>', '2014-08-07 16:09:01'),
(139, 'HARIAN BANGSA edisi SABTU (09-08-2014)', '<div data-configid=\"11166145/8882570\" style=\"width: 300px; height: 498px;\" class=\"issuuembed\"></div><script type=\"text/javascript\" src=\"//e.issuu.com/embed.js\" async=\"true\"></script>', '2014-08-08 16:22:26'),
(140, 'HARIAN BANGSA edisi MINGGU (10-08-2014)', '<div data-configid=\"11166145/8889385\" style=\"width: 300px; height: 498px;\" class=\"issuuembed\"></div><script type=\"text/javascript\" src=\"//e.issuu.com/embed.js\" async=\"true\"></script>', '2014-08-09 16:36:06'),
(141, 'HARIAN BANGSA edisi SENIN (11-08-2014)', '<div data-configid=\"11166145/8894129\" style=\"width: 300px; height: 498px;\" class=\"issuuembed\"></div><script type=\"text/javascript\" src=\"//e.issuu.com/embed.js\" async=\"true\"></script>', '2014-08-10 15:41:44'),
(142, 'HARIAN BANGSA edisi SELASA (12-08-2014)', '<div data-configid=\"11166145/8903957\" style=\"width: 300px; height: 498px;\" class=\"issuuembed\"></div><script type=\"text/javascript\" src=\"//e.issuu.com/embed.js\" async=\"true\"></script>', '2014-08-11 16:23:55'),
(143, 'HARIAN BANGSA edisi RABU (13-08-2014)', '<div data-configid=\"11166145/8916106\" style=\"width: 300px; height: 498px;\" class=\"issuuembed\"></div><script type=\"text/javascript\" src=\"//e.issuu.com/embed.js\" async=\"true\"></script>', '2014-08-12 15:51:31'),
(144, 'HARIAN BANGSA edisi KAMIS (14-08-2014)', '<div data-configid=\"11166145/8928975\" style=\"width: 300px; height: 498px;\" class=\"issuuembed\"></div><script type=\"text/javascript\" src=\"//e.issuu.com/embed.js\" async=\"true\"></script>', '2014-08-13 16:06:26'),
(145, 'HARIAN BANGSA edisi JUMAT (15-08-2014)', '<div data-configid=\"11166145/8941707\" style=\"width: 300px; height: 498px;\" class=\"issuuembed\"></div><script type=\"text/javascript\" src=\"//e.issuu.com/embed.js\" async=\"true\"></script>', '2014-08-14 15:54:51'),
(146, 'HARIAN BANGSA edisi SABTU (16-08-2014)', '<div data-configid=\"11166145/8953532\" style=\"width: 300px; height: 498px;\" class=\"issuuembed\"></div><script type=\"text/javascript\" src=\"//e.issuu.com/embed.js\" async=\"true\"></script>', '2014-08-15 16:06:34'),
(147, 'HARIAN BANGSA edisi SENIN (18-08-2014)', '<div data-configid=\"11166145/8966941\" style=\"width: 300px; height: 498px;\" class=\"issuuembed\"></div><script type=\"text/javascript\" src=\"//e.issuu.com/embed.js\" async=\"true\"></script>', '2014-08-17 17:12:29'),
(148, 'HARIAN BANGSA edisi SELASA (19-08-2014)', '<div data-configid=\"11166145/8975622\" style=\"width: 300px; height: 498px;\" class=\"issuuembed\"></div><script type=\"text/javascript\" src=\"//e.issuu.com/embed.js\" async=\"true\"></script>', '2014-08-18 15:37:00'),
(149, 'HARIAN BANGSA edisi RABU (20-08-2014)', '<div data-configid=\"11166145/8988671\" style=\"width: 300px; height: 498px;\" class=\"issuuembed\"></div><script type=\"text/javascript\" src=\"//e.issuu.com/embed.js\" async=\"true\"></script>', '2014-08-19 15:38:02'),
(150, 'HARIAN BANGSA edisi Kamis (21-08-2014)', '<div data-configid=\"11166145/9002982\" style=\"width: 300px; height: 498px;\" class=\"issuuembed\"></div><script type=\"text/javascript\" src=\"//e.issuu.com/embed.js\" async=\"true\"></script>', '2014-08-20 16:06:37'),
(151, 'HARIAN BANGSA edisi JUMAT (22-08-2014)', '<div data-configid=\"11166145/9017677\" style=\"width: 300px; height: 498px;\" class=\"issuuembed\"></div><script type=\"text/javascript\" src=\"//e.issuu.com/embed.js\" async=\"true\"></script>', '2014-08-21 16:19:38'),
(152, 'HARIAN BANGSA edisi SABTU (23-08-2014)', '<div data-configid=\"11166145/9032808\" style=\"width: 300px; height: 498px;\" class=\"issuuembed\"></div><script type=\"text/javascript\" src=\"//e.issuu.com/embed.js\" async=\"true\"></script>', '2014-08-22 16:19:11'),
(153, 'HARIAN BANGSA edisi AHAD (24-08-2014)', '<div data-configid=\"11166145/9040817\" style=\"width: 300px; height: 498px;\" class=\"issuuembed\"></div><script type=\"text/javascript\" src=\"//e.issuu.com/embed.js\" async=\"true\"></script>', '2014-08-23 16:07:17'),
(154, 'HARIAN BANGSA edisi SENIN (25-08-2014)', '<div data-configid=\"11166145/9046928\" style=\"width: 300px; height: 498px;\" class=\"issuuembed\"></div><script type=\"text/javascript\" src=\"//e.issuu.com/embed.js\" async=\"true\"></script>', '2014-08-24 16:17:25'),
(155, 'HARIAN BANGSA edisi SELASA (26-08-2014)', '<div data-configid=\"11166145/9056602\" style=\"width: 300px; height: 498px;\" class=\"issuuembed\"></div><script type=\"text/javascript\" src=\"//e.issuu.com/embed.js\" async=\"true\"></script>', '2014-08-25 15:46:35'),
(156, 'HARIAN BANGSA edisi RABU (27-08-2014)', '<div data-configid=\"11166145/9069868\" style=\"width: 300px; height: 498px;\" class=\"issuuembed\"></div><script type=\"text/javascript\" src=\"//e.issuu.com/embed.js\" async=\"true\"></script>', '2014-08-26 16:09:10'),
(157, 'HARIAN BANGSA edisi KAMIS (28-08-2014)', '<div data-configid=\"11166145/9083767\" style=\"width: 300px; height: 498px;\" class=\"issuuembed\"></div><script type=\"text/javascript\" src=\"//e.issuu.com/embed.js\" async=\"true\"></script>', '2014-08-27 15:48:17'),
(158, 'HARIAN BANGSA edisi JUMAT (29-08-2014)', '<div data-configid=\"11166145/9099146\" style=\"width: 300px; height: 498px;\" class=\"issuuembed\"></div><script type=\"text/javascript\" src=\"//e.issuu.com/embed.js\" async=\"true\"></script>', '2014-08-28 15:54:56'),
(159, 'HARIAN BANGSA edisi SABTU (30-08-2014)', '<div data-configid=\"11166145/9113760\" style=\"width: 300px; height: 498px;\" class=\"issuuembed\"></div><script type=\"text/javascript\" src=\"//e.issuu.com/embed.js\" async=\"true\"></script>', '2014-08-29 16:20:22'),
(160, 'HARIAN BANGSA edisi AHAD (31-08-2014)', '<div data-configid=\"11166145/9123307\" style=\"width: 300px; height: 498px;\" class=\"issuuembed\"></div><script type=\"text/javascript\" src=\"//e.issuu.com/embed.js\" async=\"true\"></script>', '2014-08-30 16:58:38'),
(161, 'HARIAN BANGSA edisi SENIN (01-09-2014)', '<div data-configid=\"11166145/9129597\" style=\"width: 300px; height: 498px;\" class=\"issuuembed\"></div><script type=\"text/javascript\" src=\"//e.issuu.com/embed.js\" async=\"true\"></script>', '2014-08-31 16:07:36'),
(162, 'HARIAN BANGSA edisi SELASA (02-09-2014)', '<div data-configid=\"11166145/9142418\" style=\"width: 300px; height: 498px;\" class=\"issuuembed\"></div><script type=\"text/javascript\" src=\"//e.issuu.com/embed.js\" async=\"true\"></script>', '2014-09-01 16:01:08'),
(163, 'HARIAN BANGSA edisi RABU (03-09-2014)', '<div data-configid=\"11166145/9156686\" style=\"width: 300px; height: 498px;\" class=\"issuuembed\"></div><script type=\"text/javascript\" src=\"//e.issuu.com/embed.js\" async=\"true\"></script>', '2014-09-02 16:08:44'),
(164, 'HARIAN BANGSA edisi KAMIS (04-09-2014)', '<div data-configid=\"11166145/9172000\" style=\"width: 300px; height: 498px;\" class=\"issuuembed\"></div><script type=\"text/javascript\" src=\"//e.issuu.com/embed.js\" async=\"true\"></script>', '2014-09-03 15:59:36'),
(166, 'HARIAN BANGSA edisi SABTU (06-09-2014)', '<div data-configid=\"11166145/9203419\" style=\"width: 300px; height: 498px;\" class=\"issuuembed\"></div><script type=\"text/javascript\" src=\"//e.issuu.com/embed.js\" async=\"true\"></script>', '2014-09-05 16:07:06'),
(167, 'HARIAN BANGSA edisi AHAD (07-09-2014)', '<div data-configid=\"11166145/9212624\" style=\"width: 300px; height: 498px;\" class=\"issuuembed\"></div><script type=\"text/javascript\" src=\"//e.issuu.com/embed.js\" async=\"true\"></script>', '2014-09-06 15:52:21'),
(168, 'HARIAN BANGSA edisi SENIN (08-09-2014)', '<div data-configid=\"11166145/9219659\" style=\"width: 300px; height: 498px;\" class=\"issuuembed\"></div><script type=\"text/javascript\" src=\"//e.issuu.com/embed.js\" async=\"true\"></script>', '2014-09-07 16:24:10'),
(169, 'HARIAN BANGSA edisi RABU (10-09-2014)', '<div data-configid=\"11166145/9246706\" style=\"width: 300px; height: 498px;\" class=\"issuuembed\"></div><script type=\"text/javascript\" src=\"//e.issuu.com/embed.js\" async=\"true\"></script>', '2014-09-09 15:49:20'),
(170, 'HARIAN BANGSA edisi KAMIS (11-09-2014)', '<div data-configid=\"11166145/9262786\" style=\"width: 300px; height: 498px;\" class=\"issuuembed\"></div><script type=\"text/javascript\" src=\"//e.issuu.com/embed.js\" async=\"true\"></script>', '2014-09-10 16:06:35'),
(171, 'HARIAN BANGSA edisi JUMAT (12-09-2014)', '<div data-configid=\"11166145/9279947\" style=\"width: 300px; height: 498px;\" class=\"issuuembed\"></div><script type=\"text/javascript\" src=\"//e.issuu.com/embed.js\" async=\"true\"></script>', '2014-09-11 16:42:01'),
(172, 'HARIAN BANGSA edisi SABTU (13-09-2014)', '<div data-configid=\"11166145/9294415\" style=\"width: 300px; height: 498px;\" class=\"issuuembed\"></div><script type=\"text/javascript\" src=\"//e.issuu.com/embed.js\" async=\"true\"></script>', '2014-09-12 16:11:57'),
(173, 'HARIAN BANGSA edisi AHAD (14-09-2014)', '<div data-configid=\"11166145/9303559\" style=\"width: 300px; height: 498px;\" class=\"issuuembed\"></div><script type=\"text/javascript\" src=\"//e.issuu.com/embed.js\" async=\"true\"></script>', '2014-09-13 15:56:16'),
(174, 'HARIAN BANGSA edisi SENIN (15-09-2014)', '<div data-configid=\"11166145/9311372\" style=\"width: 300px; height: 498px;\" class=\"issuuembed\"></div><script type=\"text/javascript\" src=\"//e.issuu.com/embed.js\" async=\"true\"></script>', '2014-09-14 16:36:24'),
(175, 'HARIAN BANGSA edisi SELASA (16-09-2014)', '<div data-configid=\"11166145/9324638\" style=\"width: 300px; height: 498px;\" class=\"issuuembed\"></div><script type=\"text/javascript\" src=\"//e.issuu.com/embed.js\" async=\"true\"></script>', '2014-09-15 16:15:41'),
(176, 'HARIAN BANGSA edisi KAMIS (18-09-2014)', '<div data-configid=\"11166145/9357297\" style=\"width: 300px; height: 498px;\" class=\"issuuembed\"></div><script type=\"text/javascript\" src=\"//e.issuu.com/embed.js\" async=\"true\"></script>', '2014-09-17 16:17:18'),
(177, 'HARIAN BANGSA edisi JUMAT (19-09-2014)', '<div data-configid=\"11166145/9373749\" style=\"width: 300px; height: 498px;\" class=\"issuuembed\"></div><script type=\"text/javascript\" src=\"//e.issuu.com/embed.js\" async=\"true\"></script>', '2014-09-18 16:54:05'),
(178, 'HARIAN BANGSA edisi SABTU (20-09-2014)', '<div data-configid=\"11166145/9388496\" style=\"width: 300px; height: 498px;\" class=\"issuuembed\"></div><script type=\"text/javascript\" src=\"//e.issuu.com/embed.js\" async=\"true\"></script>', '2014-09-19 16:46:33'),
(179, 'HARIAN BANGSA edisi MINGGU (21-09-2014)', '<div data-configid=\"11166145/9397677\" style=\"width: 300px; height: 498px;\" class=\"issuuembed\"></div><script type=\"text/javascript\" src=\"//e.issuu.com/embed.js\" async=\"true\"></script>', '2014-09-20 16:33:08'),
(180, 'HARIAN BANGSA edisi SENIN (2-09-2014)', '<div data-configid=\"11166145/9404771\" style=\"width: 300px; height: 498px;\" class=\"issuuembed\"></div><script type=\"text/javascript\" src=\"//e.issuu.com/embed.js\" async=\"true\"></script>', '2014-09-21 16:37:32'),
(181, 'HARIAN BANGSA edisi SELASA (23-09-2014)', '<div data-configid=\"11166145/9418593\" style=\"width: 300px; height: 498px;\" class=\"issuuembed\"></div><script type=\"text/javascript\" src=\"//e.issuu.com/embed.js\" async=\"true\"></script>', '2014-09-22 17:15:59'),
(182, 'HARIAN BANGSA edisi RABU (24-09-2014)', '<div data-configid=\"11166145/9433791\" style=\"width: 300px; height: 498px;\" class=\"issuuembed\"></div><script type=\"text/javascript\" src=\"//e.issuu.com/embed.js\" async=\"true\"></script>', '2014-09-23 16:43:23'),
(183, 'HARIAN BANGSA edisi KAMIS (25-09-2014)', '<div data-configid=\"11166145/9450543\" style=\"width: 300px; height: 498px;\" class=\"issuuembed\"></div><script type=\"text/javascript\" src=\"//e.issuu.com/embed.js\" async=\"true\"></script>', '2014-09-24 16:46:00'),
(184, 'HARIAN BANGSA edisi JUMAT (26-09-2014)', '<div data-configid=\"11166145/9467609\" style=\"width: 300px; height: 498px;\" class=\"issuuembed\"></div><script type=\"text/javascript\" src=\"//e.issuu.com/embed.js\" async=\"true\"></script>', '2014-09-25 17:11:19'),
(185, 'HARIAN BANGSA edisi SABTU (27-09-2014)', '<div data-configid=\"11166145/9482338\" style=\"width: 300px; height: 498px;\" class=\"issuuembed\"></div><script type=\"text/javascript\" src=\"//e.issuu.com/embed.js\" async=\"true\"></script>', '2014-09-26 16:32:48'),
(186, 'HARIAN BANGSA edisi SENIN (29-09-2014)', '<div data-configid=\"11166145/9499417\" style=\"width: 300px; height: 498px;\" class=\"issuuembed\"></div><script type=\"text/javascript\" src=\"//e.issuu.com/embed.js\" async=\"true\"></script>', '2014-09-28 16:17:01'),
(187, 'HARIAN BANGSA edisi SELASA (30-09-2014)', '<div data-configid=\"11166145/9514075\" style=\"width: 300px; height: 498px;\" class=\"issuuembed\"></div><script type=\"text/javascript\" src=\"//e.issuu.com/embed.js\" async=\"true\"></script>', '2014-09-29 17:15:54'),
(188, 'HARIAN BANGSA edisi RABU (01-10-2014)', '<div data-configid=\"11166145/9531060\" style=\"width: 300px; height: 498px;\" class=\"issuuembed\"></div><script type=\"text/javascript\" src=\"//e.issuu.com/embed.js\" async=\"true\"></script>', '2014-09-30 16:35:12'),
(189, 'HARIAN BANGSA edisi KAMIS (02-10-2014)', '<div data-configid=\"11166145/9549991\" style=\"width: 300px; height: 498px;\" class=\"issuuembed\"></div><script type=\"text/javascript\" src=\"//e.issuu.com/embed.js\" async=\"true\"></script>', '2014-10-01 16:48:10'),
(190, 'HARIAN BANGSA edisi JUMAT (03-10-2014)', '<div data-configid=\"11166145/9566548\" style=\"width: 300px; height: 498px;\" class=\"issuuembed\"></div><script type=\"text/javascript\" src=\"//e.issuu.com/embed.js\" async=\"true\"></script>', '2014-10-02 16:09:59'),
(191, 'HARIAN BANGSA edisi SABTU (04-10-2014)', '<div data-configid=\"11166145/9582357\" style=\"width: 300px; height: 498px;\" class=\"issuuembed\"></div><script type=\"text/javascript\" src=\"//e.issuu.com/embed.js\" async=\"true\"></script>', '2014-10-03 16:44:11'),
(192, 'HARIAN BANGSA edisi SENIN (06-10-2014)', '<div data-configid=\"11166145/9599092\" style=\"width: 300px; height: 498px;\" class=\"issuuembed\"></div><script type=\"text/javascript\" src=\"//e.issuu.com/embed.js\" async=\"true\"></script>', '2014-10-05 16:21:29'),
(193, 'HARIAN BANGSA edisi SELASA(07-10-2014)', '<div data-configid=\"11166145/9611713\" style=\"width: 300px; height: 498px;\" class=\"issuuembed\"></div><script type=\"text/javascript\" src=\"//e.issuu.com/embed.js\" async=\"true\"></script>', '2014-10-06 16:26:52'),
(194, 'HARIAN BANGSA edisi JUMAT (10-10-2014)', '<div data-configid=\"11166145/9656144\" style=\"width: 300px; height: 498px;\" class=\"issuuembed\"></div><script type=\"text/javascript\" src=\"//e.issuu.com/embed.js\" async=\"true\"></script>', '2014-10-09 15:41:24'),
(195, 'HARIAN BANGSA edisi SABTU(11-10-2014)', '<div data-configid=\"11166145/9672532\" style=\"width: 300px; height: 498px;\" class=\"issuuembed\"></div><script type=\"text/javascript\" src=\"//e.issuu.com/embed.js\" async=\"true\"></script>', '2014-10-10 16:23:49'),
(196, 'HARIAN BANGSA edisi AHAD(12-10-2014)', '<div data-configid=\"11166145/9682303\" style=\"width: 300px; height: 498px;\" class=\"issuuembed\"></div><script type=\"text/javascript\" src=\"//e.issuu.com/embed.js\" async=\"true\"></script>', '2014-10-11 16:02:33'),
(197, 'HARIAN BANGSA edisi SENIN (13-10-2014)', '<div data-configid=\"11166145/9689093\" style=\"width: 300px; height: 498px;\" class=\"issuuembed\"></div><script type=\"text/javascript\" src=\"//e.issuu.com/embed.js\" async=\"true\"></script>', '2014-10-12 15:56:26'),
(198, 'HARIAN BANGSA edisi SELASA(14-10-2014)', '<div data-configid=\"11166145/9703046\" style=\"width: 300px; height: 498px;\" class=\"issuuembed\"></div><script type=\"text/javascript\" src=\"//e.issuu.com/embed.js\" async=\"true\"></script>', '2014-10-13 16:35:26'),
(199, 'HARIAN BANGSA edisi SELASA (14-10-2014)', '<div data-configid=\"11166145/9703751\" style=\"width: 300px; height: 498px;\" class=\"issuuembed\"></div><script type=\"text/javascript\" src=\"//e.issuu.com/embed.js\" async=\"true\"></script>', '2014-10-13 17:29:00'),
(200, 'HARIAN BANGSA edisi RABU (15-10-2014)', '<div data-configid=\"11166145/9718867\" style=\"width: 300px; height: 498px;\" class=\"issuuembed\"></div><script type=\"text/javascript\" src=\"//e.issuu.com/embed.js\" async=\"true\"></script>', '2014-10-14 15:45:19'),
(201, 'HARIAN BANGSA edisi KAMIS (16-10-2014)', '<div data-configid=\"11166145/9736308\" style=\"width: 300px; height: 498px;\" class=\"issuuembed\"></div><script type=\"text/javascript\" src=\"//e.issuu.com/embed.js\" async=\"true\"></script>', '2014-10-15 16:15:40'),
(202, 'HARIAN BANGSA edisi SABTU(18-10-2014)', '<div data-configid=\"11166145/9766256\" style=\"width: 300px; height: 498px;\" class=\"issuuembed\"></div><script type=\"text/javascript\" src=\"//e.issuu.com/embed.js\" async=\"true\"></script>', '2014-10-17 15:47:53'),
(203, 'HARIAN BANGSA edisi SENIN (20-10-2014)', '<div data-configid=\"11166145/9784326\" style=\"width: 300px; height: 498px;\" class=\"issuuembed\"></div><script type=\"text/javascript\" src=\"//e.issuu.com/embed.js\" async=\"true\"></script>', '2014-10-19 16:15:16'),
(204, 'HARIAN BANGSA edisi SELASA (21-10-2014)', '<div data-configid=\"11166145/9797887\" style=\"width: 300px; height: 498px;\" class=\"issuuembed\"></div><script type=\"text/javascript\" src=\"//e.issuu.com/embed.js\" async=\"true\"></script>', '2014-10-20 16:21:30'),
(205, 'HARIAN BANGSA edisi RABU (22-10-2014)', '<div data-configid=\"11166145/9813521\" style=\"width: 300px; height: 498px;\" class=\"issuuembed\"></div><script type=\"text/javascript\" src=\"//e.issuu.com/embed.js\" async=\"true\"></script>', '2014-10-21 15:58:05'),
(206, 'HARIAN BANGSA edisi JUMAT (24-10-2014)', '<div data-configid=\"11166145/9845626\" style=\"width: 300px; height: 498px;\" class=\"issuuembed\"></div><script type=\"text/javascript\" src=\"//e.issuu.com/embed.js\" async=\"true\"></script>', '2014-10-23 15:35:58'),
(207, 'HARIAN BANGSA edisi MINGGU (26-10-2014)', '<div data-configid=\"11166145/9869901\" style=\"width: 300px; height: 498px;\" class=\"issuuembed\"></div><script type=\"text/javascript\" src=\"//e.issuu.com/embed.js\" async=\"true\"></script>', '2014-10-25 16:19:42'),
(208, 'HARIAN BANGSA edisi SENIN (27-10-2014)', '<div data-configid=\"11166145/9876648\" style=\"width: 300px; height: 498px;\" class=\"issuuembed\"></div><script type=\"text/javascript\" src=\"//e.issuu.com/embed.js\" async=\"true\"></script>', '2014-10-26 16:40:30'),
(209, 'HARIAN BANGSA edisi SELASA (28-10-2014)', '<div data-configid=\"11166145/9888590\" style=\"width: 300px; height: 498px;\" class=\"issuuembed\"></div><script type=\"text/javascript\" src=\"//e.issuu.com/embed.js\" async=\"true\"></scrip', '2014-10-27 16:43:28'),
(210, 'HARIAN BANGSA edisi RABU (29-10-2014)', '<div data-configid=\"11166145/9904144\" style=\"width: 300px; height: 498px;\" class=\"issuuembed\"></div><script type=\"text/javascript\" src=\"//e.issuu.com/embed.js\" async=\"true\"></script>', '2014-10-28 15:57:32'),
(211, 'HARIAN BANGSA edisi KAMIS (30-10-2014)', '<div data-configid=\"11166145/9921922\" style=\"width: 300px; height: 498px;\" class=\"issuuembed\"></div><script type=\"text/javascript\" src=\"//e.issuu.com/embed.js\" async=\"true\"></script>', '2014-10-29 16:12:05'),
(212, 'HARIAN BANGSA edisi SABTU (01-11-2014)', '<div data-configid=\"11166145/9954352\" style=\"width: 300px; height: 498px;\" class=\"issuuembed\"></div><script type=\"text/javascript\" src=\"//e.issuu.com/embed.js\" async=\"true\"></script>', '2014-10-31 15:50:26'),
(213, 'HARIAN BANGSA edisi SENIN (03-11-2014)', '<div data-configid=\"11166145/9973114\" style=\"width: 300px; height: 498px;\" class=\"issuuembed\"></div><script type=\"text/javascript\" src=\"//e.issuu.com/embed.js\" async=\"true\"></script>', '2014-11-02 16:42:23');

-- --------------------------------------------------------

--
-- Struktur dari tabel `module_iklan`
--

CREATE TABLE `module_iklan` (
  `id` int(11) NOT NULL,
  `judul_iklan` varchar(255) NOT NULL,
  `keterangan_iklan` longtext NOT NULL,
  `link_iklan` varchar(255) NOT NULL,
  `is_external` int(2) NOT NULL,
  `position` int(11) NOT NULL
) ENGINE=InnoDB DEFAULT CHARSET=latin1;

--
-- Dumping data untuk tabel `module_iklan`
--

INSERT INTO `module_iklan` (`id`, `judul_iklan`, `keterangan_iklan`, `link_iklan`, `is_external`, `position`) VALUES
(102, 'Iklan Adsense Sidebar 336x280 (1)', '<script async src=\"//pagead2.googlesyndication.com/pagead/js/adsbygoogle.js\"></script>\r\n<!-- Iklan Adsense Sidebar 336x280 (1) -->\r\n<ins class=\"adsbygoogle\"\r\n     style=\"display:inline-block;width:336px;height:280px\"\r\n     data-ad-client=\"ca-pub-6186859288171509\"\r\n     data-ad-slot=\"8309001072\"></ins>\r\n<script>\r\n(adsbygoogle = window.adsbygoogle || []).push({});\r\n</script>', '', 0, 0),
(104, 'Iklan Adsense Banner 728x90 (1)', '<script async src=\"//pagead2.googlesyndication.com/pagead/js/adsbygoogle.js\"></script>\r\n<!-- Iklan Adsense Banner 728x90 (1) -->\r\n<ins class=\"adsbygoogle\"\r\n     style=\"display:inline-block;width:728px;height:90px\"\r\n     data-ad-client=\"ca-pub-6186859288171509\"\r\n     data-ad-slot=\"9485866278\"></ins>\r\n<script>\r\n(adsbygoogle = window.adsbygoogle || []).push({});\r\n</script>', '', 0, 0),
(105, 'Iklan Adsense Sidebar 336x280 (2)', '<script async src=\"//pagead2.googlesyndication.com/pagead/js/adsbygoogle.js\"></script>\r\n<!-- Iklan Adsense Sidebar 336x280 (2) -->\r\n<ins class=\"adsbygoogle\"\r\n     style=\"display:inline-block;width:336px;height:280px\"\r\n     data-ad-client=\"ca-pub-6186859288171509\"\r\n     data-ad-slot=\"8360556673\"></ins>\r\n<script>\r\n(adsbygoogle = window.adsbygoogle || []).push({});\r\n</script>', '', 0, 0),
(106, 'Iklan Adsense Banner 970x90 (1)', '<script async src=\"//pagead2.googlesyndication.com/pagead/js/adsbygoogle.js\"></script>\r\n<!-- Iklan Adsense Banner 970x90 (1) -->\r\n<ins class=\"adsbygoogle\"\r\n     style=\"display:inline-block;width:970px;height:90px\"\r\n     data-ad-client=\"ca-pub-6186859288171509\"\r\n     data-ad-slot=\"6744222670\"></ins>\r\n<script>\r\n(adsbygoogle = window.adsbygoogle || []).push({});\r\n</script>', '', 0, 0),
(107, 'Iklan Adsense Sidebar 300x600 (1)', '<script async src=\"//pagead2.googlesyndication.com/pagead/js/adsbygoogle.js\"></script>\r\n<!-- Iklan Adsense Sidebar 300x600 (1) -->\r\n<ins class=\"adsbygoogle\"\r\n     style=\"display:inline-block;width:300px;height:600px\"\r\n     data-ad-client=\"ca-pub-6186859288171509\"\r\n     data-ad-slot=\"8119564275\"></ins>\r\n<script>\r\n(adsbygoogle = window.adsbygoogle || []).push({});\r\n</script>', '', 0, 0),
(108, 'Iklan Adsense Mobile 320x100', '<script async=\"\" src=\"//pagead2.googlesyndication.com/pagead/js/adsbygoogle.js\" type=\"text/javascript\"></script>\r\n<!-- Iklan Adsense Sidebar 320x100 (1) --><p><ins class=\"adsbygoogle\" style=\"display:inline-block;width:320px;height:100px\" data-ad-client=\"ca-pub-6186859288171509\" data-ad-slot=\"6363629479\"></ins></p><script type=\"text/javascript\">\r\n(adsbygoogle = window.adsbygoogle || []).push({});\r\n</script>', '', 0, 0),
(109, 'Iklan Adsense Tautan 728x15 (1)', '<script async src=\"//pagead2.googlesyndication.com/pagead/js/adsbygoogle.js\"></script>\r\n<!-- Iklan Adsense Tautan 728x15 (1) -->\r\n<ins class=\"adsbygoogle\"\r\n     style=\"display:inline-block;width:728px;height:15px\"\r\n     data-ad-client=\"ca-pub-6186859288171509\"\r\n     data-ad-slot=\"9278239872\"></ins>\r\n<script>\r\n(adsbygoogle = window.adsbygoogle || []).push({});\r\n</script>', '', 0, 0),
(110, 'Iklan Adsense Sidebar 300x250 (1)', '<script async=\"\" src=\"//pagead2.googlesyndication.com/pagead/js/adsbygoogle.js\" type=\"text/javascript\"></script>\r\n<!-- Iklan Adsense Sidebar 300x250 -->\r\n<p>\r\n	<ins class=\"adsbygoogle\" style=\"display:inline-block;width:300px;height:250px\" data-ad-client=\"ca-pub-6186859288171509\" data-ad-slot=\"8006009477\"></ins>\r\n</p>\r\n<script type=\"text/javascript\">\r\n(adsbygoogle = window.adsbygoogle || []).push({});\r\n</script>', '', 0, 0),
(155, 'Iklan Adsense Mobile Banner 320x50', '<script async src=\"//pagead2.googlesyndication.com/pagead/js/adsbygoogle.js\"></script>\r\n<!-- Iklan Adsense Mobile Banner 320x50 -->\r\n<ins class=\"adsbygoogle\"\r\n     style=\"display:inline-block;width:320px;height:50px\"\r\n     data-ad-client=\"ca-pub-6186859288171509\"\r\n     data-ad-slot=\"8239761070\"></ins>\r\n<script>\r\n(adsbygoogle = window.adsbygoogle || []).push({});\r\n</script>', '', 0, 0),
(157, 'Iklan Adsense Mobile 320x100 II (Bawah Detail Berita)', '<script async=\"\" src=\"//pagead2.googlesyndication.com/pagead/js/adsbygoogle.js\" type=\"text/javascript\"></script>\r\n<!-- Iklan Adsense Mobile 320x100 (Bawah Detail Berita) --><p>\r\n	<ins class=\"adsbygoogle\" style=\"display:inline-block;width:320px;height:100px\" data-ad-client=\"ca-pub-6186859288171509\" data-ad-slot=\"6959674277\"></ins></p><script type=\"text/javascript\">\r\n(adsbygoogle = window.adsbygoogle || []).push({});\r\n</script>', '', 0, 0),
(162, 'Lowongan BANGSA', '', '', 0, 0),
(163, 'Iklan Adsense Mobile 300x250 (2)', '<script async src=\"//pagead2.googlesyndication.com/pagead/js/adsbygoogle.js\"></script>\r\n<!-- Iklan Adsense Mobile 300x250 (2) -->\r\n<ins class=\"adsbygoogle\"\r\n     style=\"display:inline-block;width:300px;height:250px\"\r\n     data-ad-client=\"ca-pub-6186859288171509\"\r\n     data-ad-slot=\"5773012277\"></ins>\r\n<script>\r\n(adsbygoogle = window.adsbygoogle || []).push({});\r\n</script>', '', 0, 0),
(166, 'Iklan Adsense Banner 468x60 (Untuk di Bawah Detail Berita)', '<script async src=\"//pagead2.googlesyndication.com/pagead/js/adsbygoogle.js\"></script>\r\n<!-- Iklan Adsense Banner 468x60 -->\r\n<ins class=\"adsbygoogle\"\r\n     style=\"display:inline-block;width:468px;height:60px\"\r\n     data-ad-client=\"ca-pub-6186859288171509\"\r\n     data-ad-slot=\"6457023074\"></ins>\r\n<script>\r\n(adsbygoogle = window.adsbygoogle || []).push({});\r\n</script>', '', 0, 0),
(167, 'Iklan Adsense Responsive', '<script async=\"\" src=\"//pagead2.googlesyndication.com/pagead/js/adsbygoogle.js\" type=\"text/javascript\"></script>\r\n<!-- Iklan Adsense Banner 728x90 --><p>\r\n	<ins class=\"adsbygoogle\" style=\"display:block\" data-ad-client=\"ca-pub-6186859288171509\" data-ad-slot=\"9550090278\" data-ad-format=\"auto\"></ins></p><script type=\"text/javascript\">\r\n(adsbygoogle = window.adsbygoogle || []).push({});\r\n</script>', '', 0, 0),
(187, 'Iklan Adsense In-Article Ad', '<script async src=\"//pagead2.googlesyndication.com/pagead/js/adsbygoogle.js\"></script>\r\n<ins class=\"adsbygoogle\"\r\n     style=\"display:block; text-align:center;\"\r\n     data-ad-format=\"fluid\"\r\n     data-ad-layout=\"in-article\"\r\n     data-ad-client=\"ca-pub-6186859288171509\"\r\n     data-ad-slot=\"6675055696\"></ins>\r\n<script>\r\n     (adsbygoogle = window.adsbygoogle || []).push({});\r\n</script>', '', 0, 0),
(261, 'Iklan Adsense Skyscrapper 300x600 (1) (untuk home)', '<script async=\"\" src=\"//pagead2.googlesyndication.com/pagead/js/adsbygoogle.js\" type=\"text/javascript\"></script>\r\n<!-- Iklan Adsense Skyscraper 300x600 (1) --><p><ins class=\"adsbygoogle\" style=\"display:inline-block;width:300px;height:600px\" data-ad-client=\"ca-pub-6186859288171509\" data-ad-slot=\"9240915071\"></ins></p><script type=\"text/javascript\">\r\n(adsbygoogle = window.adsbygoogle || []).push({});\r\n</script>', '', 0, 0),
(262, 'Iklan Adsense In-Feed Ad', '<script async=\"\" src=\"//pagead2.googlesyndication.com/pagead/js/adsbygoogle.js\" type=\"text/javascript\"></script><p><ins class=\"adsbygoogle\" style=\"display:block\" data-ad-format=\"fluid\" data-ad-layout=\"image-side\" data-ad-layout-key=\"-e4+4d-fc-42+17l\" data-ad-client=\"ca-pub-6186859288171509\" data-ad-slot=\"4571351124\"></ins></p><script type=\"text/javascript\">\r\n     (adsbygoogle = window.adsbygoogle || []).push({});\r\n</script>', '', 0, 0),
(281, 'Banner Semen Indonesia', '', 'http://www.semenindonesia.com', 1, 0),
(282, 'M - Semen Indonesia', '', 'http://www.semenindonesia.com/', 1, 0),
(290, 'Payclick', '<div id=\"SC_TBlock_224309\" class=\"SC_TBlock\">loading...</div>', '', 0, 0),
(294, 'Iklan Adsense Skyscrapper 300x600 (matched contents)', '<script async src=\"//pagead2.googlesyndication.com/pagead/js/adsbygoogle.js\"></script>\r\n<!-- Iklan Adsense Skyscrapper 300x600 (matched contents) -->\r\n<ins class=\"adsbygoogle\"\r\n     style=\"display:inline-block;width:300px;height:600px\"\r\n     data-ad-client=\"ca-pub-6186859288171509\"\r\n     data-ad-slot=\"5455539075\"></ins>\r\n<script>\r\n(adsbygoogle = window.adsbygoogle || []).push({});\r\n</script>', '', 0, 0),
(298, 'Iklan ADOP 300x250', '<script async=\"\" src=\"//compass.adop.cc/assets/js/adop/adop.js?v=10\" type=\"text/javascript\"></script>\r\n<p>\r\n	<ins class=\"adsbyadop\" _adop_zon=\"fec1493c-1951-4e25-adc7-db94ffd615eb\" _adop_type=\"js\" style=\"display:inline-block;width:300px;height:250px;\" _page_url=\"\"></ins>\r\n</p>', '', 0, 0),
(308, 'Adnow', '<div id=\"SC_TBlock_289221\" class=\"SC_TBlock\">loading...</div> ', '', 0, 0),
(349, 'Payclick 300x250', '<div id=\"SC_TBlock_320898\" class=\"SC_TBlock\">loading...</div>', '', 0, 0),
(402, 'Iklan ADOP 336x280', '<script async src=\'//compass.adop.cc/assets/js/adop/adop.js?v=10\' ></script><ins class=\'adsbyadop\' _adop_zon = \'e094ff2f-3baa-40c5-91df-00bf0ca4e969\' _adop_type = \'js\' style=\'display:inline-block;width:336px;height:280px;\' _page_url=\'\'></ins>\r\n', '', 0, 0),
(409, 'Popcash', '<script type=\"text/javascript\">\r\n  var uid = \'199750\';\r\n  var wid = \'424162\';\r\n</script><script src=\"//cdn.popcash.net/pop.js\" type=\"text/javascript\"></script>', '', 0, 0),
(418, 'Semen Gresik', '', '', 0, 0),
(430, 'Banner Semen Indonesia 2018', '', 'http://www.sitotalsolution.com', 1, 0),
(431, 'Mobile Banner Semen Indonesia 2018', '', 'http://www.sitotalsolution.com', 1, 0),
(447, 'Semen Indonesia', '', 'http://www.semenindonesia.com', 1, 0),
(448, 'M-Semen Indonesia', '', 'http://www.semenindonesia.com', 1, 0),
(449, 'Public Advertisement 5', '', '', 0, 0),
(450, 'Panorama Consultant', '', '', 0, 0),
(451, 'Nur Saidah', '', '', 0, 0),
(452, 'Public Advertisement 6', '', '', 0, 0),
(453, 'Bawaslu Situbondo', '', '', 0, 0),
(454, 'Public Advertisement 7', '', '', 0, 0),
(456, 'Public Advertisement 8', '', '', 0, 0),
(457, 'KPU Kabupaten Bangkalan', '', '', 0, 0),
(459, 'PT. Wilmar Nabati Indonesia', '', '', 0, 0),
(461, 'PAC GP Ansor Senori', '', '', 0, 0),
(462, 'Kecamatan Jenu', '', '', 0, 0),
(463, 'Kecamatan Kerek', '', '', 0, 0),
(464, 'Pemdes Ngliwang', '', '', 0, 0),
(465, 'Percasi Tuban', '', '', 0, 0),
(466, 'Kecamatan Singgahan', '', '', 0, 0),
(467, 'KPU Kabupaten Tuban', '', '', 0, 0),
(468, 'Semen Indonesia Trail Run', '', 'http://www.semenindonesiarun.com/', 1, 0),
(469, 'M Semen Indonesia Trail Run', '', 'http://www.semenindonesiarun.com/', 1, 0),
(470, 'Balitbang Jatim', '', '', 0, 0),
(473, 'DPRD Tuban', '', '', 0, 0),
(474, 'Khamim S.H.', '', '', 0, 0),
(475, 'MKGR Gresik', '', '', 0, 0),
(476, 'DCT Kabupaten Kediri 2019', '', 'https://www.bangsaonline.com/berita/49180/kpu-kabupaten-kediri-tetapkan-dct-pileg-2019', 1, 0),
(477, 'DCT Kabupaten Bangkalan 2019', '', 'https://drive.google.com/open?id=1JcjJx8uTH5_Hjx3YV6vEuYsK0IY8GfRF', 1, 0),
(478, 'DCT Kabupaten Tuban 2019', '', 'https://www.bangsaonline.com/berita/49213/kpu-tuban-tetapkan-dct-untuk-pileg-2019', 1, 0),
(479, 'Public Announcement', '', '', 0, 0),
(480, 'Public Announcement', '', '', 0, 0),
(481, 'Khamim', '', '', 0, 0),
(482, 'Public Advertisement', '', '', 0, 0),
(483, 'Public Advertisement', '', '', 0, 0);

-- --------------------------------------------------------

--
-- Struktur dari tabel `module_iklan_options`
--

CREATE TABLE `module_iklan_options` (
  `id` int(11) NOT NULL,
  `object_id` int(11) NOT NULL,
  `position` varchar(50) NOT NULL,
  `style` int(11) NOT NULL
) ENGINE=InnoDB DEFAULT CHARSET=latin1;

--
-- Dumping data untuk tabel `module_iklan_options`
--

INSERT INTO `module_iklan_options` (`id`, `object_id`, `position`, `style`) VALUES
(1, 0, 'atas', 0),
(2, 0, 'samping-logo', 1),
(3, 0, 'samping-topik-1', 0),
(4, 0, 'samping-topik-2', 0),
(5, 0, 'iklan-bawah-1', 1),
(6, 0, 'iklan-bawah-2', 0),
(7, 0, 'samping-halaman-kiri', 0),
(8, 0, 'samping-halaman-kanan', 0),
(9, 187, 'bawah-detail-berita', 1),
(10, 0, 'atas-hot-news-1', 0),
(11, 0, 'atas-hot-news-2', 0),
(12, 430, 'atas-topik-khas-1', 0),
(13, 0, 'atas-topik-khas-2', 0),
(14, 0, 'mobile-bawah-logo', 0),
(15, 0, 'mobile-bawah-menu', 0),
(16, 431, 'mobile-atas-berita-utama', 0),
(17, 0, 'mobile-atas-hot-news', 0),
(18, 0, 'mobile-bawah-hot-news', 0),
(19, 162, 'mobile-bawah-blok', 0),
(20, 0, 'mobile-detail-berita-bawah', 1),
(21, 262, 'mobile-detail-berita-bawah-berita-populer', 1),
(22, 0, 'mobile-detail-berita-bawah-berita-populer2', 1),
(23, 0, 'tengah-detail-berita', 1),
(24, 187, 'mobile-detail-berita-tengah', 1),
(25, 308, 'mobile-detail-berita-bawah2', 1),
(26, 0, 'bawah-detail-berita2', 0),
(27, 0, 'mobile-atas-hot-news2', 0),
(28, 0, 'mobile-atas-hot-news3', 0),
(29, 474, 'atas-topik-khas-3', 0),
(30, 475, 'atas-topik-khas-4', 0),
(31, 465, 'mobile-atas-berita-utama-2', 0),
(32, 461, 'mobile-atas-berita-utama-3', 0);

-- --------------------------------------------------------

--
-- Struktur dari tabel `module_news`
--

CREATE TABLE `module_news` (
  `news_id` int(50) NOT NULL,
  `news_title` varchar(150) NOT NULL,
  `news_content` longtext NOT NULL,
  `news_excerpt` longtext NOT NULL,
  `news_penulis` varchar(50) NOT NULL,
  `news_wartawan` varchar(50) NOT NULL,
  `news_image` varchar(100) NOT NULL,
  `news_slug` varchar(100) NOT NULL,
  `news_author` int(10) NOT NULL,
  `news_type` int(11) NOT NULL COMMENT '1 = Berita Biasa, 2 Berita Foto, 3 Berita Video',
  `news_date` datetime NOT NULL,
  `news_modified` datetime NOT NULL,
  `news_status` int(11) NOT NULL COMMENT '1 = Published, 2 = Draft, 3 = Trash',
  `youtube_links` varchar(255) NOT NULL,
  `news_meta_title` varchar(100) NOT NULL,
  `news_meta_keyword` varchar(50) NOT NULL,
  `news_meta_desc` varchar(200) NOT NULL,
  `news_source` varchar(150) NOT NULL,
  `embed` varchar(100) NOT NULL,
  `is_headline` varchar(100) NOT NULL,
  `oleh` varchar(100) NOT NULL,
  `ayat` varchar(100) NOT NULL,
  `click_count` int(11) NOT NULL
) ENGINE=InnoDB DEFAULT CHARSET=utf8;

--
-- Dumping data untuk tabel `module_news`
--

INSERT INTO `module_news` (`news_id`, `news_title`, `news_content`, `news_excerpt`, `news_penulis`, `news_wartawan`, `news_image`, `news_slug`, `news_author`, `news_type`, `news_date`, `news_modified`, `news_status`, `youtube_links`, `news_meta_title`, `news_meta_keyword`, `news_meta_desc`, `news_source`, `embed`, `is_headline`, `oleh`, `ayat`, `click_count`) VALUES
(16, 'Tanah Alun-alun Bojonegoro Kandung Minyak Mentah', '<p>\r\n	Bojonegoro\r\n(bangsaonline)-Kandungan minyak mentah yang tersimpan dalam tanah bawah alun-alun\r\nKota Bojonegoro dan Pendapa, diperkirakan cukup besar. Field Administration\r\nSuperintendent Joint Operating Body Pertamina-Petrochina East Java (JOB P-PEJ)\r\nHananto Aji mengatakan, kandungan minyak di bawah alun-alun kalau dibor,\r\ndapat menutupi penurunan produksi minyak mentah dari sumur-sumur lama di\r\nlapangan minyak dan gas Sukowati Bojonegoro.</p><p>\r\n	\"Sebenarnya\r\nkandungan minyak di alun-alun lumayan, malah mungkin bisa lebih dari sumur lama,\"\r\nujar Hananto Aji, kemarin (4/14). Ia memperkirakan,\r\nproduksi minyak mentah dari bawah alun-alun dapat menambah sekitar 4-5 ribu barel\r\nper hari (Bph). Pihak JOB PPEJ menargetkan produksi minyak mentah dari\r\nlapangan Sukowati, tahun ini mencapai 34.917 barel per hari, dan target produksi\r\ngas bumi sebesar 30,9 MMSCFD. Rencananya,  pengeboran\r\nminyak di bawah alun-alun dilakukan dengan sistem miring atau menyilang.\r\nTitik pengeboran dilakukan di pinggiran Kota Bojonegoro, tepatnya sekitar Jl\r\nVeteran dan Jl Ahmad Yani yang berada di Kelurahan Sukorejo, Kecamatan Bojonegoro.</p><p>\r\n	Sedangkan, minyak yang\r\ndiambil di bawah alun-alun, tepat berada di tengah kota. Yaitu di Kelurahan Kadipaten, Kecamatan Bojonegoro. Jarak antara titik pengeboran dengan\r\nlokasi kandungan minyak sekitar 3-4 kilometer. Secara teknis,\r\npengeboran miring atau menyilang cukup aman. Pihak JOB PPEJ, kata dia, sudah\r\nbeberapa kali melakukan pengeboran miring atau menyilang. \"Kami sudah biasa,\"\r\nujarnya.&nbsp;</p><p>Ia mengatakan,\r\nkekhawatiran masyarakat Bojonegoro akan pengeboran miring di tengah kota itu wajar.\r\nNamun, kata dia, JOB PPEJ sudah pengalaman dengan teknik pengeboran\r\nmiring atau menyilang.Ia menjelaskan,\r\npengeboran minyak di bawah Alun Alun Bojonegoro dan Pendapat Pemkab Bojonegoro itu\r\ntidak akan meninggalkan rongga. Sebab, kata dia, minyak di perut bumi itu tidak\r\nseperti danau atau sungai, sehingga saat disedot akan meninggalkan rongga.\r\n\"Minyak di bawah tanah itu seperti batu yang basah,\" ujarnya.</p><p>\r\n	Sementara Pemkab\r\nBojonegoro memberikan lampu hijau. Sekretaris Daerah (Sekda) Pemkab\r\nBojonegoro Soehadi Mulyono mengatakan, rencana pengembangan lapangan\r\nmigas Sukowati Pad C dan Pad D ini, masih dalam kajian di DPRD Bojonegoro.\r\n\"Mungkin tahun ini bisa selesai,\" ujar Soehadi Mulyono. Soehadi Mulyono\r\nmengaku tidak tahu persis bagaimana teknik pengeboran miring di bawah Alun Alun\r\nBojonegoro dan Pendapa Pemkab Bojonegoro tersebut. Namun, ia yakin pengeboran minyak itu akan aman dan tidak menghambat upaya pembangunan gedung pemkab\r\nyang baru dengan tujuh lantai. (bjn-1/ros)</p>', '', 'rosihan', 'eki', '', 'tanah-alun-alun-bojonegoro-kandung-minyak-mentah', 1, 1, '2014-03-09 02:31:27', '2015-11-12 11:06:57', 1, '', '', '', '', '', '', '0', '', '', 4191),
(19, 'Warga Letakkan Patung Pocong di Jalan', '<p>Kediri (bangsaonline)-Seringnya terjadi kecelakaan di Desa\r\nBanyakan Kabupaten Kediri, tepatnya di depan pasar buah hingga menyebabkan\r\nsekitar 4 pengendara meninggal dunia. Warga setempat berinisiatif memasang\r\npatung pocong dan ditancapkan di atas jalan yang berlubang. Selain memasang\r\npatung pocong, juga menuliskan kata-kata Endi Duwitqu Pajek.</p><p>Binti Malikatun, seorang pedagang buah warga Banyakan mengaku,\r\nia bersama warga terpaksa memasang patung pocong itu, agar pengendara\r\nberhati-hati saat melintas karena ada lubang.</p><p>Agar pengendara hati-hati saat melintas, karena sangat\r\nmembahayakan dan sudah memakan korban jiwa. Makanya kami bersama warga memasang\r\npatung pocong itu, ujarnya, Senin (3/3).</p><p>Dengan belum juga dilakukan perbaikan, pihaknya berharap pada\r\npemerintah untuk segera menambal lubang-lubang di pinggir jalan raya itu. Kami\r\nsudah melaporkan hal ini. Namun belum juga mendapatkan respon, ujarnya.</p><p>Masih kata Binti, kondisi jalan yang berlubang dijalan raya yang\r\nmenghubungkan Kediri-Nganjuk itu bahkan suaminya sendiri beberapa waktu lalu\r\njuga menjadi korban hingga meninggal dunia.</p><p>Suami saya tiga bulan yang lalu juga terjatuh di jalan itu dan\r\nmeningggal dunia, pungkasnya. (rif/fya)</p>', '', 'Sofyan hadi', 'arif kurniawan', '', 'warga-letakkan-patung-pocong-di-jalan', 1, 1, '2014-03-09 02:38:19', '2016-01-04 15:41:56', 1, '', '', '', '', '', '', '0', '', '', 1304),
(21, 'Chikungunya Serang Puluhan Warga Dusun Sadang', '<p>\r\n	Ngawi (bangsaonline)-Sebanyak dua puluh warga Dusun Sadang, Desa\r\nKarangtengah Prandon, Kecamatan Ngawi diserang wabah cikungunya. Mereka pun\r\nlumpuh untuk sementara waktu.</p><p>\r\n	Seorang korban yang saat ini masih dirawat di Unit Gawat Darurat\r\n(UGD) Puskesmas Ngawi Purba Dwi Lasmiati (40), menjelaskan, pada awal Januari,\r\nbeberapa warga di dusun itu menderita demam tinggi. Awalnya, satu orang yang\r\ndiserang, setelah itu menular sampai sekitar 20 warga di Dusun Sadang ini,\r\nterang dia.</p><p>\r\n	Kepala Bidang Pencegahan Penyakit Dinas Kesehatan (dinkes)\r\nKabupaten Ngawi belum dapat dikonfirmasi. Saat dihubungi melalui via telefon\r\nnomornya tidak aktif.(sin/ros)</p>', '', 'rosihan', '', '', 'chikungunya-serang-puluhan-warga-dusun-sadang', 1, 1, '2014-03-09 02:41:42', '2014-03-21 21:24:20', 1, '', '', '', '', 'sinarngawi.com', '', '0', '', '', 599),
(22, 'PKK Mojokerto Ajak Kader Berfilosofi Ketan', '<p>Mojokerto (bangsaonline)-Ratusan kader Tim\r\nPenggerak PKK, Dharma Wanita, dan Perwosi menggelar Rapat Pleno di Pendopo\r\nGraha Maja Tama, kemarin (4/3). Dalam kesempatan ini, diperingati Hari Kesatuan\r\nGerak PKK ke-42.</p><p><br>\r\nKetua Tim Penggerak PKK Kabupaten Mojokerti,\r\nIkfina Kamal Pasa, menyampaikan, peringatan ini bertujuan unutk memberikan\r\nmotivasi dan semangat kader-kader PKK dalam menyukseskan program-program\r\npemerintah. Dengan tema Memperkuat Ketahanan Keluarga sebagai Wujud Persatuan\r\ndan Kesatuan Bangsa, diharapkan persatuan dan kesatuan bangsa bisa tetap kokoh\r\ndalam menghadapi Pemilu 2014 nanti.</p><p><br>\r\nSaya memakai filosofi tumpeng ketan yang dibuat\r\npanitia. Bila masih panas, tumpeng tidak bisa berdiri kokoh. Namun bila dalam\r\nkondisi dingin, tumpeng bisa berdiri kokoh. Artinya ketahanan, kekokohan\r\nkeluarga bisa terwujud bila dalam situasi yang dingin, jelasnya. (humas/lan)</p>', '', '', '', '', 'pkk-mojokerto-ajak-kader-berfilosofi-ketan', 1, 1, '2014-03-09 02:42:52', '2014-03-09 02:42:52', 1, '', '', '', '', '', '', '', '', '', 848),
(23, 'Anang Diduga Langgar Kampanye', '<p>Jember (bangsaonline)-Panwaslu Kabupaten Jember\r\nberencana memanggil artis yang juga Caleg DPR-RI Anang Hermansyah pada Kamis\r\n(6/3). Anang dipanggil berkaitan dengan dugaan pelanggaran kampanye yang\r\ndilakukannya. Sebelumnya, pihak Panwaslu sudah menglatifikasi Kepala SMA Negeri\r\n2 Jember, tempat dugaan pelanggaran Kampanye Anang terjadi.</p><p><br>\r\nKetua Panwaslu Kabupaten Jember, Dima Ahyar\r\nmenjelaskan, terkait dugaan pelanggaran kampanye yang dilakukan Anang\r\nHermansyah, dirinya sudah mengirimkan surat panggilan kepada Kepala Sekolah SMA\r\nNegeri 2 Jember dan Anang Hermansyah pada Senin (2/3).</p><p><br>\r\nBerdasarkan keterangan Kepala Sekolah SMA Negeri\r\n2, pihaknya tidak pernah mengundang Anang dalam acara apapun di sekolahnya.\r\nNamun, pihak Anang sendiri yang sudah memiliki jadwal mengunjungi\r\nsekolah-sekolah, termasuk salah satunya SMA  Negeri 2 Jember.</p><p><br>\r\nKepala Sekolah SMA Negeri 2 Jember Hariono dalam\r\nklarifikasinya kepada Panwaslu Kabupaten Jember mengatakan, pihaknya tidak\r\npernah mengundang Anang ke sekolah, tetapi pihak Anang sendiri yang datang.\r\n(yud/lan)</p>', '', 'maulana', 'yudi indrawan', '', 'anang-diduga-langgar-kampanye', 1, 1, '2014-03-09 02:43:52', '2014-03-09 02:43:52', 1, '', '', '', '', '', '', '', '', '', 584),
(24, 'Jabatan Kepala Kemenag Jatim Diserahterimakan', '<p>Surabaya (bangsaonline)-Kepala Kantor Wilayah\r\nKementerian Agama (Kemenag) Jawa Timur resmi dijabat oleh Drs Mahfud Shodar\r\nMAg, sejak dilantik oleh Menag RI di Jakarta, 21 Februari 2014 lalu. Dia\r\nmenggantikan Kepala Kemenag Jatim sebelumnya, Drs H Sudjak.<br>\r\nBertemakan Indahnya Kebersamaan, acara pisah\r\nsambut dan serah terima jabatan keduanya dilaksanakan di Hall Mina Asrama Haji\r\nSurabaya (AHS), Kecamatan Sukolilo, Surabaya, pekan lalu(1/3).</p><p><br>\r\nAcara pisah sambut berlangsung gayeng dan penuh\r\nkekeluargaan. Beberapa mantan Kepala Kemenag Jatim hadir di acara ini. Di\r\nantaranya Drs H Moch Sobirin, Drs H Roziqi MM MBA, Drs KH Imam Haromain, dan\r\nDrs H Sutrisno SE. Selain itu, hadir juga seluruh Kepala Kantor Kemenag\r\nkabupaten/kota se-Jatim, perwakilan pemuka dan tokoh agama, dan perwakilan\r\normas seperti PWNU dan PW Muhammadiyah Jatim.</p><p><br>\r\nSudjak meyakini Mahfud Shodar mampu mengemban\r\ntugas sebagai Kepala Kemenag Jatim. Di bawah kepemimpinan Mahfud Kemenag Jatim\r\ndiharapkan mampu meraih prestasi dan bermanfaat bagi masyarakat. (sal/ros)</p>', '', 'rosihan', 'nur faishal', '', 'jabatan-kepala-kemenag-jatim-diserahterimakan', 1, 1, '2014-03-09 02:45:54', '2014-03-16 00:28:47', 1, '', '', '', '', '', '', '0', '', '', 2051),
(25, 'Bebas, Sukamto Cs Wajib Lapor ', '<p>Surabaya\r\n(bangsaonline) Mantan Sekkota Surabaya Sukamto Hadi dan mantan Kabag Keuangan\r\nPoerwito, terpidana kasus gratifikasi dana jasa pungut Rp 720 juta, kembali\r\nmendatangi kantor Kejari Surabaya di Raya Sukomanunggal, kemarin (5/3). Mereka\r\ndatang untuk menyerahkan berkas pembebasan bersyarat (PB) yang dikabulkan\r\nkepada kejaksaan. Untuk keluar dari penjara, berkas PB tersebut memang harus\r\nditandatangani jaksa.</p><p>Sama seperti sehari sebelumnya,\r\nsetiba di Kejari sekitar pukul 09.30 wib, baik Sukamto maupun Poerwito terus\r\nberusaha menghindar dari wartawan. Namun, ucapan menarik sempat terlontar dari\r\nkeduanya. Iki temenan, rek. Ojo sampek koyok aku (Beneran ini. Jangan sampai\r\nbernasib seperti saya), ujarnya sembari mesem.</p><p>Adapun Sukamto sedikit\r\nketus. Sudah, sudah, saya bukan pejabat lagi, ucapnya sambil terus berusaha\r\nmenghindar. Ketika ditanya wartawan apa rencana ke depan sehabis menjalani masa\r\npidana di Lapas Klas I Surabaya di Porong, Sidoarjo, dia berujar, Saya akan\r\njadi perampok, jawab Sukamto sekenanya.</p><p>Saat keduanya datang\r\nke Kejari Surabaya, rekan mereka sesama terpidana kasus sama, mantan Asisten II\r\nPemkot Surabaya Muhlas Udin, tak tampak. Informasinya, Muhlas mengurus PBnya ke\r\nKejari Sidoarjo dengan alasan tempat tinggalnya di daerah sana.</p><p>Sementara Kepala Seksi\r\nPidana Khusus Kejari Surabaya Nur Cahyo Jungkung Madyo menerangkan, Sukamto dan\r\nPoerwito mendatanginya untuk menyerahkan PB yang dikabulkan KemenkumHAM.\r\nMereka datang ke sini untuk berkoordinasi tentang wajib lapornya. Setelah\r\ndisepakati dengan Bapas, mereka akhirnya dikenai wajib lapor 1 bulan sekali,\r\nkatanya. Sukamto Cs wajib lapor hingga Agustus 2015.</p><p>Seperti diketahui,\r\nSejak 4 Maret 2013 lalu, Sukamto cs dijebloskan ke Lapas Klas I Surabaya di\r\nPorong, Sidoarjo. Mereka dipidana penjara 1,5 tahun oleh MA karena terbukti\r\nmelakukan gratifikasi secara bersama-bersama dana japung Pemkot Surabaya Rp 720\r\njuta. Setelah menjalani lebih dari 3/4 masa pidana, Sukamto cs kemudian\r\nmengajukan PB dan dikabulkan.</p><p>Terpidana lainnya, mantan\r\nWakil Ketua DPRD Surabaya Musyafak Rouf, sudah bebas lebih dulu. Adapun mantan\r\nWali Kota Surabaya Bambang DH kini masih diproses oleh Polda dan Kejati Jatim\r\ndan sudah ditetapkan sebagai tersangka. (sal/ros)</p>', '', 'rosihan', 'faishal', '', 'bebas-sukamto-cs-wajib-lapor', 1, 1, '2014-03-09 02:48:01', '2014-03-09 02:48:24', 1, '', '', '', '', '', '', '', '', '', 742),
(26, 'Jalan Rusak Ditanami Drum Bekas', '<p>Nganjuk\r\n(bangsaonline) Jalan penghubung Kabupaten Nganjuk dengan Kabupaten Kediri,\r\ntepatnya di wilayah Kecamatan Pace, rusak parah. Di titik kerusakan terparah,\r\nwarga sekitar menanam sejumlah drum bekas. Tujuannya mencegah agar tidak terjadi\r\nkecelakaan di titik jalan yang rusak itu.</p><p>Selain berlubang\r\ndengan diameter lumayan besar, gorong-gorong jalan juga jebol. Kerusakan jalan\r\nsemakin parah karena banyaknya kendaraan bermuatan lebih. Jika jalan itu tidak\r\nsegera diperbaiki, maka bisa timbul korban kecelakaan, utamanya pengendara\r\nmotor, cetus Hartono (53), warga Kediri yang kerap melalui jalur jalan itu,\r\nRabu (5/3).</p><p>Senada dikatakan\r\nBambang (46), warga Desa Pacekulon Kecamatan Pace Nganjuk. Kata Bambang, semula\r\njalan yang berlubang berdiameter kecil. Namun kerusakan bertambah, bahkan\r\nlubang semakin dalam. Saya pernah melihat ada pengendara sepeda motor\r\nterjungkal saat lewat jalan itu, katanya.</p><p>Diduga si pengendara motor\r\nitu tidak melihat ada jalan berlubang karena melaju di belakang sebuah mobil\r\nboks. Karena itu, warga meletakkan tujuh drum bekas di titik jalan yang rusak.\r\nSebuah drum bekas juga dicat putih agar bisa terlihat kala malam hari. Kami\r\nberharap pihak terkait segera memperbaiki jalan ini, untuk mencegah korban\r\njiwa, harap Bambang. (bam/sta)</p>', '', 'mustain', 'bambang dj', '', 'jalan-rusak-ditanami-drum-bekas', 1, 1, '2014-03-09 02:51:38', '2014-03-10 04:40:49', 1, '', '', '', '', '', '', '', '', '', 739),
(27, 'Lapangan Surodinawan Mirip TPS', '<p>Mojokerto\r\n(bangsaonline)- Lapangan Surodinawan Kota Mojokerto mirip lokasi Tempat\r\nPembuangan Sampah (TPS). Lapangan yang kerap dipakai kegiatan pameran itu\r\ndipenuhi sampah. Padahal, lapangan dibiayai miliaran rupiah yang berasal dari\r\ndana APBD karena semula berupa area persawahan.</p><p>Tidak hanya sampah\r\nberserak, rumput tumbuh subur di lapangan yang terletak di Jalan Raya Cinde\r\nKecamatan Prajurit Kulon Kota Mojokerto itu. Padahal, aset Pemkot seluas hampir\r\n6 hektar itu sedianya juga dipakai sebagai tempat relokasi pedagang pasar\r\nTanjung yang akan direhab.</p><p>Lahan yang kerap\r\nmenjadi lokasi pengganti Gelora Ahmad Yani jika ada momen pameran itu, sering terjadi\r\nkebakaran. Misalnya pada Rabu (5/2), api membakar rerumputan di lapangan itu.\r\nWarga sekitar tidak bereaksi, karena kejadian itu kerap terjadi. Kalau\r\nrumputnya kerap terbakar, sudah biasa, ujar Wisnu, warga setempat.</p><p>Kata Wisnu, warga\r\nhanya diam dengan catatan api tidak merembet ke lingkungan pemukiman warga.\r\nLapangan juga mirip lokasi TPS, karena banyaknya sampah di lapangan itu.\r\n\"Waktu musim hujan, baunya menyengat. Sampahnya juga menjijikkan karena\r\nterbawa air kemana-mana,\" kata Cak Gono, pengayuh becak yang mangkal di\r\npertigaan kecamatan.</p><p>Kepala Kantor\r\nPerijinan dan Pelayanan Terpadu (KPPT) Kota Mojokerto Gaguk Prasetyo menyatakan\r\njika Gelora A Yani difokuskan sebagai pusat pelatihan sepakbola dan olahraga.\r\nKebijakan itu sekaligus mensterilkan agar Gelora A Yani tidak dipakai pihak\r\nketiga untuk kegiatan pameran. Memang benar. Gor A Yani kini tidak disewakan\r\nkepada pihak ketiga, cetusnya, Rabu (5/3).</p><p>Kata Gaguk, jika ada\r\npermintaan penggunaan fasilitas untuk pameran dari pihak ketiga, maka pihaknya\r\nmengarahkannya untuk memakai lapangan Surodinawan. \"Kalau ada permintaan\r\npinjam pakai pameran kita arahkan ke Lapangan Surodinawan,\" pungkas Gaguk\r\nPrasetyo. (yep/sta)</p>', '', 'mustain', 'yudi eko pramono', '', 'lapangan-surodinawan-mirip-tps', 1, 1, '2014-03-09 02:53:48', '2014-03-09 02:53:48', 1, '', '', '', '', '', '', '', '', '', 1628),
(28, 'Ratusan Surat Suara Didapati Rusak', '<p>Lumajang\r\n(bangsaonline)- Komisi Pemilihan Umum (KPU) Kabupaten Lumajang, menemukan\r\nratusan surat suara dalam kondisi rusak. Surat suara yang rusak tersebut\r\nditemukan saat pelipatan hari pertama.</p><p>Komisioner KPU\r\nKabupaten Lumajang Yuyun Baharita mengakui, para hari pertama pelipatan kemarin\r\n(5/3), ditemukan ratusan surat suara yang rusak.</p><p>Kerusakan pada surat\r\nsuara tersebut terdapat tetesan tinta, dan gambar yang tidak jelas, Printing\r\ntidak sempurna, pemutongan tidak sinertis. Selain itu, ada juga surat suara\r\nyang sobek dan bolong. \"</p><p>Dia menambahkan, dalam\r\nmelakukan penyortiran surat suara Pemilihan Umum Legislatif 2014, KPU Lumajang\r\nmelibatkan sekitar 350 orang.</p><p>\"Memang sengaja\r\nmeminta bantuan warga, karena dari hasil kerja yang dilakukan akan mendapatkan\r\nupah. Selembar surat suara dihargai dengan Rp.200 per lembar. Upah yang didapat\r\nwarga pun bervariasi, tergantung dari banyaknya surat suara yang dilipat,\"\r\nungkapnya.(lmj-1/lan)</p>', '', 'maulana', 'imron', '', 'ratusan-surat-suara-didapati-rusak', 1, 1, '2014-03-09 02:56:20', '2014-03-09 02:56:20', 1, '', '', '', '', '', '', '', '', '', 642),
(29, '42 UMKM Dilatih Prosedur Ekspor', '<p>Lamongan-HARIAN BANGSA</p><p>Sebanyak 42 pemilik\r\nUsaha Mikro Kecil dan Menengah (UMKM) di Lamongan dilatih prosedur ekspor.\r\nSelama tiga hari, mereka dilatih oleh pengajar dari Balai Besar Pendidikan dan\r\nPelatihan Ekspor Indonesia (BBPPEI) dan praktisi di aula pertemuan sebuah\r\nkoperasi di Lamongan.</p><p>Dalam kegiatan yang\r\nbekerjasama dengan Kantor Pengolahan Data Elektronik (KPDE) tersebut,\r\nmelibatkan UMKM dari sektor kerajinan batik, makanan, perikanan, dan pertanian\r\nserta perkebunan.</p><p>Kegiatan yang\r\nbekerjasama dengan BBPPEI ini dimaksudkan untuk memberikan bekal pengetahuan\r\nprosedur ekspor pada UMKM Lamongan. Bukan hanya agar memiliki pengetahuan\r\nmengenai prosedur ekspor, namun juga agar UMKM terpacu untuk meningkatkan\r\nkualitas produknya, ujar Kepala KPDE Erfan.</p><p>Ditambahkan Erfan,\r\nkegiatan pelatihan itu adalah kelanjutan pelatihan tahun lalu yang memberikan\r\nmateri cara memulai ekspor. Sedangkan pelatihan kali ini terkait pengetahuan\r\nprosedur pengurusan dokumen ekspor.</p><p>Selain prosedur\r\npengurusan dokumen ekspor, peserta juga diberikan tata laksana kepabeanan\r\nekspor. Juga pelatihan prosedur transportasi dan penanganan cargo dan sistem\r\npembayaran ekspor,  imbuh Erfan.</p><p>Dari data Dinas\r\nKoperasi Industri dan Perdagangan (Diskopindag) disebutkan, jumlah UMKM\r\nLamongan tahun 2013 lalu tercatat sebanyak 50.112 unit. Dari jumlah tersebut,\r\nsebanyak 48.795 unit diantaranya adalah sektor Usaha Mikro Kecil (UMK).</p><p>Jumlah tersebut naik dari\r\ntahun 2012, yakni UMK sebanyak 47.011 unit dari jumlah keseluruhan UMKM\r\nsebanyak 48.183 unit. Di Kota Soto ini, pengurusan Surat Izin Usaha Perdagangan\r\n(SIUP) dan Tanda Daftar Perusahaan (TDP) digratiskan.(ais/fya)</p>', '', 'sofyan', 'aris', '', '42-umkm-dilatih-prosedur-ekspor', 1, 1, '2014-03-09 02:58:26', '2014-03-10 04:40:55', 1, '', '', '', '', '', '', '', '', '', 869),
(30, 'Menteri Agama Bantu Fasum Erupsi Kelud', '<p>Kediri\r\n(bangsaonline)-Kementerian Agama (Kemenag) RI memberikan bantuan untuk\r\nmerenovasi beberapa fasilitas umum (fasum) milik kemenag yang rusak akibat\r\nerupsi Gunung Kelud, 13 Februari 2014 lalu. Bantuan diserahkan langsung oleh\r\nMenteri Agama Dr. Suryadharma Ali di Gedung Nasional Indonesia (GNI) Kota\r\nKediri, Jawa Timur.</p><p>Nilai bantuan yang\r\nkita berikan sebesar Rp 595 juta, untuk madrasah, pondok pesantren (ponpes) dan\r\nrumah ibadah. Bantuan ini memang kecil, karena ini anggaran yang tersedia.\r\nNamun masih ada program lain yang diluncurkan seperti beasiswa dan renovasi\r\nruang kelas baru, ujar Suryadharma Ali, Rabu (5/3)</p><p>Ketua Umum PPP itu\r\nmenyatakan rasa keprihatinannya atas musibah yang menimpa masyarakat di Jawa\r\nTimur khususnya di Kediri, Blitar dan Malang yang terdampak Kelud. Dengan\r\nbantuan yang nilainya dianggap tidak seberapa tersebut diharapkan bisa\r\nmeringankan beban, khusus kepada pimpinan lembaga pendidikan, dan pengasuh\r\nponpes. Bantuan yang kita serahkan ini Insya Allah dapat dicairkan dalam tempo\r\nsatu bulan. Tinggal prosedur administrasinya saja, imbuh Suryadharma.</p><p>Ditambahkan olehnya,\r\nuntuk beasiswa bagi anak-anak korban erupsi Kelud bisa diakses dengan dua cara.\r\nPertama dengan mengusulkan melalui Kartu Perlindungan Sosial (KPS) dan kedua\r\ndengan Formulir Isian Madrasah (FIM). Kementerian Agama akan memprioritaskan\r\nmereka, karena berada daerah bencana. Silahkan mengusulkan dengan dua cara\r\ntersebut. Kami akan memprioritaskan anak-anak yang berada di daerah bencana. Namun\r\ndemikian, anak-anak lain yang memang berasal dari keluarga kurang mampu tetap\r\nmendapatkan, jelas Suryadharma.</p><p>Bantuan diserahkan\r\nlangsung oleh Suryadharma kepada para pimpinan lembaga pendidikan dan ponpes\r\nyang bangunannya rusak akibat material vulkanik. Pemberian bantuan tersebut\r\ndisaksikan oleh para pengurus kemenang se-Jawa Timur dan para dewan guru mulai\r\ndari Roudlotul Adfal (RA), Madrasah hingga Sekolah Tinggi yang jumlahnya\r\ndiperkirakan mencapai 500 orang.</p><p>Terpisah, Kepala Kantor\r\nKementerian Agama Wilayah (Kakanwil) Propinsi Jatim Mahfud Shodar mengatakan,\r\nbeberapa lembaga pendidikan madrasah, ponpes yang terdampak antara lain, RA\r\nsebanyak 21 lembaga, Madrasah Ibtidaiyah (MI) 28 lembaga, Madrasah Tsanawiyah\r\n(MTS) 16 lembaga, Madrasah Aliyah (MA) 4 lembaga, Madrasah Diniyah (Madin) 21\r\nlembaga, Ponpes 12 lembaga dan TPQ 13 lembaga. Selain itu ada delapan masjid\r\ndi Kabupaten Kediri yang rusak, serta masjid di Kabupaten Blitar dan Malang\r\njuga kena dampak. Satu Gereja Katolik dan empat Gereja kristen, beber Mahfud\r\nShodar. (rif/fya)</p>', '', 'rosihan', 'arif kurniawan', '', 'menteri-agama-bantu-fasum-erupsi-kelud', 1, 1, '2014-03-09 03:01:46', '2014-03-10 04:41:01', 1, '', '', '', '', '', '', '', '', '', 601),
(124, 'Air Genangi Lubang Jalan, Timbulkan Kecelakaan', '<p><strong>SIDOARJO(bangsaonline)</strong> - Hampir sepuluh tahun tidak tersentuh bangunan pelengsengan, bantaran  berjarak 150 meter di Sungai  Kedung Uling, di Dusun Meduran Utara RT01 RW01 Desa Tulangan, Kecamatan Tulangan, Sidoarjo mengalami longsor dan lubang-lubang.</p><p><br>Akibatnya, aliran sungai meluber ke jalan raya, yang menjadi penghubung ke arah ke Kota Sidoarjo dengan akses desa-desa lainnya. Akibatnya, jalan desa rusak. Tepatnya, di depan kantor balai desa Tulangan, hingga ke jalur kota Kabupaten Sidoarjo. Rusaknya jalan ini, acap mengakibatkan kecelakaan.</p><p><br>Kepala Desa Tulangan Iswanto mengatakan, kecelakan memang terjadi karena jalan rusak.  \"Air sungai yang meluap selain merusak jalan, juga menggenangi lubang-lubang jalan yang rusak. Sehingga pengguna jalan sulit mengenali lubang itu. Ini terjadi sungai sudah beberapa bulan ini,volume airnya meningkat.Di depan kantor balai desa Tulangan, jalur sungai agak menikung tajam  dan tanahnya sebagian longsor  terkikis air,\" kata dia. \"Setidaknya, ada lima kali kecelakaan karena lubang tertutup air ini,\" tambahnya.</p><p><br>\"Kami berharap bantuan pembangunan  segera direalisasikan,agar bantaran sungai tidak terus tergerus aliran sungai. Serta jalan raya mengalami kerusakan parah, segera dilakukan perbaikan, agar tidak ada kecelakaan,\" ungkapnya. </p>', '', 'rosihan', 'agus,daryanto', '', 'air-genangi-lubang-jalan-timbulkan-kecelakaan', 3, 1, '2014-03-10 20:22:58', '2014-03-10 22:31:23', 1, '', '', '', '', '', '', '', '', '', 856),
(125, 'Ribuan Wisatawan Kunjungi Gunung Kelud', '<p><strong>KEDIRI(bangsaonline)</strong> - Meski status Gunung Kelud masih waspada dan hanya diperbolehkan radius 3 kilometer dari kawah gunung, antusias warga untuk melihat perubahan gunung kelud cukup tinggi. Bahkan sejak dibuka untuk umum mulaiSabtu kemarin,  pada hari Minggunya, tercatat ada sekitar 3.227 pengunjung dari berbagai daerah.</p><p><br>Kabag Humas Pemkab Kediri Edi Purwanto mengatakan, meski para pengunjung hanya diperbolehkan sampai radius 3 kilometer dari kawah gunung, tepatnya dia area parkir 2. Namun masyarakat sangat antusias, terutama melihat eksotisme alam akibat dampak letusan gunung kelud yang dahsyat. Masyarakat cukup antusias, meski hanya diperbolehkan radius 3 kilometer. Dari jarak itu, masyarakat sudah bisa merasakan kondisi alam yang rusak, akibat dahsyatnya letusan Gunung Kelud, ujar dia, Senin (10/3/2014).</p><p><br>Masih kata Edi, sejauh ini, pihak Pusat Vulkanologi dan Mitigasi Bencana Geologi (PVMBG) belum merilis status gunung kelud terbaru. Sejauh ini belum ada rilis terbaru tentang kondisi Gunung Kelud. Artinya, status Gunung Kelud masih waspada, dengan jarak aman 3 kilometer, pungkasnya.<br>Sementara Polres Kediri menyayangkan pembukaan kembali lokasi wisata Gunung Kelud. Sebab, Polisi menganggap kondisi gunung belum sepenuhnya aman bagi wisatawan. Wakil Kepala Polres Kediri Komisaris Alfian Nurizal mengatakan, saat ini wisatawan memang tidak dapat mengunjungi kawah karena akses jalan sudah dipasangi pagar besi. Namun, ancaman bahaya masih tetap ada. Sangat riskan dan berbahaya untuk keamanan karena melihat kondisi tempat, masih cukup terjal, kata Alfian Nurizal.</p><p><br>Ancaman lain, Alfian menambahkan, adalah potensi longsor yang bisa terjadi sewaktu-waktu karena kondisi tanah belum stabil. Untuk menjamin keamanan, pihaknya akan menempatkan personel dan mendirikan pos pantau untuk menghalau wisatawan yang mendekati kawah.</p><p><br>Dalam pembukaan wisata, pengunjung ditarik retribusi sebesar Rp 8.000 untuk hari biasa dan Rp 10.000 untuk akhir pekan. Sedangkan tiket museum dan teater Rp 10.000 untuk hari biasa dan Rp 15.000 untuk weekend. Meski demikian, pengunjung dipastikan tidak dapat melihat langsung kawah Kelud yang baru saja meletus.</p><p><br>Pusat Vulkanologi Mitigasi dan Bencana Geologi (PVMBG) masih menyatakan area radius 3 kilometer dari puncak kawah sebagai wilayah steril dari aktivitas manusia karena statusnya masih Waspada.<br>Sebelumnya, gunung berketinggian 1.731 meter di atas permukaan laut itu meletus 13 Februari 2014. Pascabencana itu banyak warga yang datang untuk melihat kondisi terkini. (rif)</p>', '', 'rosihan', 'arif kurniawan', '', 'ribuan-wisatawan-kunjungi-gunung-kelud', 3, 1, '2014-03-10 20:32:13', '2014-03-10 22:30:43', 1, '', '', '', '', '', '', '', '', '', 516),
(126, 'Lima Rumah Hancur Digasak Begho', '<p><strong style=\"font-size: 15px;\">PAMEKASAN (bangsaonline)  </strong>Eksekusi lahan di Desa Pagagan, Kecamatan\r\nPademawu, Pamekasan, Senin (10/3), disambut tangis histeris pihak tergugat,\r\nkeluarga Djauhari. Kendati sempat dihadang, namun pihak Pengadilan Negeri (PN)\r\nPamekasan, dibantu sejumlah anggota Polres setempat, tetap melaksanakan\r\neksekusi lahan seluas 2 hektare itu.</p><p>Proses eksekusi menjadi tontonan puluhan warga setempat. Sempat tersendat\r\nkarena ditolak pihak tergugat, Dipimpin Wakapolres Ikhwanudin, polisi mengawal panitera\r\nPN Pamekasan membacakan amar putusan perkara tersebut dan penetapan eksekusi\r\nlahan tersebut. Beberapa saat kemudian alat berat berupa <em>begho </em>merangsek dan merobohkan lima rumah yang berdiri di lahan\r\nsengketa tersebut.</p><p>Kepada HARIAN BANGSA, Salim, anak Djauhari mengaku pihaknya belum merelakan\r\nlahan milik orang tuanya itu dikuasai pihak penggugat, Sugianto. Dia mengaku\r\npihaknya memiliki bukti-bukti kuat atas kepemilikan lahan tersebut. Sementara bukti\r\nyang dibawa pihak penggugat ke pengadilan dan kemudian menang diyakini Salim\r\npalsu.</p><p>Sejak tahun 1992 saya dan keluarga dizalimi, Mas. Kami tidak rela dengan\r\neksekusi ini. Kalau tetap nekat gak tau apa yang terjadi, ungkap Salim dengan\r\nwajah tegang sebelum eksekusi dilaksanakan.</p><p>Slamet, Panitera PN Pamekasan, dalam amar putusan yang dibacakannya\r\nmenyebutkan, eksekusi lahan dilakukan berdasarkan putusan PN tertanggal 9\r\nOktober 2002, Pengadilan Tinggi Jawa Timur tertanggal 28 Oktober 2003, putusan\r\nMA pada 23 Januari 2008 sekaligus Kasasi terakhir dari MA tertanggal 19\r\nNovember 2009.</p><p>Sementara itu, Kuasa Hukum tergugat, Ekku, SH, mengaku kecewa dengan\r\neksekusi tersebut. Langkah selanjutnya dia menyerahkan kepada kliennya. Yang\r\njelas saya selaku kuasa hukum jelas mengaku kecewa dengan putusan eksekusi\r\ntersebut, tandasnya.&nbsp;</p>', '', 'Nur Faishal', 'Rizal', '', 'lima-rumah-hancur-digasak-begho', 3, 1, '2014-03-10 22:21:08', '2014-03-10 22:28:25', 1, '', '', '', '', '', '', '', '', '', 890),
(127, 'Awas, Politik Uang', '<p><strong style=\"font-size: 15px;\">SUMENEP (bangsaonline)  </strong>Belasan mahasiswa yang tergabung dalam\r\nForum Komunikasi Mahasiswa Sumekar (FKMS) Sumenep menggelar aksi solidaritas di\r\ndepan DPRD setempat, Senin (10/3). Mereka mengkampanyekan Pemilu 2014 tanpa politik uang.Sambil berorasi, para aktivis juga membentangkan spanduk bertulisan\r\npesan inti aksi.</p><p>Korlap Aksi, Ahmad Zainollah, dalam orasinya meminta masyarakat menggunakan\r\nhak pilihnya pada Pemilu 2014 secara cerdas, agar pemilu berlangsung jujur,\r\nadil dan bersih tanpa politik uang. Masyarakat harus memilih caleg yang\r\nbersih, tanpa indikasi tersangkut kasus korupsi. Pemilu 2014 harus diselamatkan\r\ntanpa money politic, tandasnya.</p><p>Menurut Zainullah, memilih calon dengan pertimbangan uang akan melahirkan\r\nkoruptor-koruptor baru. Selain kepada masyarakat pemilih, mahasiswa juga\r\nmeminta para calon legislatif memberikan pelajaran demokrasi bersih dan tanpa\r\npolitik uang pada pemilu kali ini. Kami serukan pemilu tanpa uang, tegasnya.</p>', '', 'Nur Faishal', 'Ida Okvinita', '', 'awas-politik-uang', 3, 1, '2014-03-10 22:26:15', '2014-03-10 22:27:58', 1, '', '', '', '', '', '', '', '', '', 636),
(128, '15 Siswa SMK di Mojokerto Dicoret Ikut Unas', '<p><strong>Mojokerto (bangsaonline)  </strong>Di kota\r\nMojokerto, sebanyak 15 siswa SMK dipastikan gagal mengikuti ujian nasional\r\n(Unas). Belasan siswa SMK Putra Bangsa itu dicoret dari Daftar Nominasi Tetap\r\n(DNT) peserta Unas oleh Dinas Pendidikan dan Kebudayaan (Dispendik) Kota\r\nMojokerto. </p><p>Kepala Dispendik Kota Mojokerto\r\nHariyanto menyatakan terpaksa mencoret 15 siswa SMK itu karena masuk siswa\r\nfiktif.  Dia menegaskan jika tim Dispendik bersama pengawas, telah\r\nmelakukan investigasi ke SMK Putra Bangsa. \"Kami tak mungkin mencoret\r\nsiswa sehingga tak bisa ikut Unas. Justru kami akan perjuangkan demi hak\r\npendidikan anak. Mereka kami coret karena tak layak masuk DNT, tandasnya,\r\nSenin (10/3/2014).</p><p>Koordinator Pengawas Sekolah\r\nDispendik Kota Mojokerto Arifin Subkhi menjelaskan, timnya menemukan ada yang\r\ntidak beres dari SMK Putra Bangsa. Kala mendatangi SMK itu, pada Oktober 2013\r\nlalu, tim mendapati hanya ada sembilan siswa kelas tiga yang belajar.\r\n\"Bahkan kelas 1 dan 2 tak ada. Sementara kelas tiga, hanya ada sembilan\r\nsiswa yang masuk. Itu pun sang guru tidak dalam posisi mengajar, cetusnya,\r\nSenin (10/3/2014). </p><p>Kabid SMK Dispendik Kota Mojokerto Jumadi menambahkan, tim\r\nverifikasi mendapati jumlah DNT yang diajukan ke Dispendik, tidak sesuai\r\nrealita. Mereka juka menemukan tidak ada aktifitas belajar-mengajar untuk siswa\r\nkelas 1 dan kelas 2 di SMK tersebut. Sebelum ditetapkan siswa masuk DNT,\r\nsekolah wajib menyertakan buku induk, rapor, dan riwayat pendidikan berjenjang.</p>', '', 'musta\'in', 'yudi eko purnomo, rochmad saiful aris, mulyadi', '', '15-siswa-smk-di-mojokerto-dicoret-ikut-unas', 3, 1, '2014-03-10 22:27:56', '2014-03-10 22:27:56', 1, '', '', '', '', '', '', '', '', '', 716),
(129, 'Dispendik Sampang Kecewakan Mahasiswa', '<p><strong style=\"font-size: 15px;\">SAMPANG (bangsaonline)  </strong>Sejumlah mahasiswa mendatangi kantor Dinas\r\nPendidikan (Dispendik) Sampang, Senin (10/3). Ke sana, mahasiswa yang\r\nmengatasnamakan Ikatan Keluarga Mahasiswa Sampang (IKMAS) itu hendak\r\nberaudiensi dengan pihak Dispendik terkait program Pendidikan Menengah\r\nUniversal (PMU). Namun mereka kecewa karena tak ditemui.</p><p>Rencananya, mahasiswa akan beraudensi dengan Kepala Dispendik Sampang atau\r\nkepala bidang yang bertanggungjawab tentang program PMU yang sudah berjalan\r\nsejak tahun 2013 itu. Tidak ada pejabat penting Dispendik Sampang menemui mahasiswa\r\nkarena, informasinya, sedang mengikuti rapat. Mereka hanya ditemui Kasi Sarana\r\ndan Prasarana Rojiun.</p><p>Buradin, perwakilan mahasiswa, mengaku kecewa terhadap pihak Dispendik yang\r\ntak menemui mahasiswa. Padahal, surat permintaan audiensi sudah disampaikan\r\nbeberapa hari sebelumnya. Kami betul-betul kecewa, ujarnya.</p><p>Soal program PMU, jelas Buradin, Dispendik dinilai tidak maksimal\r\nmensosialisasikan program tersebut kepada lembaga pendidikan di Sampang. Akibat\r\nadanya program tambahan tersebut, banyak sekolah di tingkat SMA sederajat menarik\r\nSPP sebesar Rp 150 ribu. </p><p>Padahal, sekolah sudah mendapatkan bantuan operasional sekolah (BOS) dari\r\npusat 50 persen dan dana dari Pemprov Jatim 40 persen dari total kebutuhan biaya\r\nsiswa. Dari sumber itu siswa dibebankan sebesar 10 persen, tetapi masih banyak\r\nyang menarik lebih dari itu,\" jelas Buradin kepada wartawan.</p><p>Rojiun, Kasi Sarana dan Prasarana Dispendik Sampang, kepada mahasiswa\r\nmengatakan tidak bisa menjelaskan klarifikasi yang diminta mereka. Dia juga tidak\r\nbisa mengusahakan mahasiswa untuk bertemu langsung dengan Kepala Dispendik\r\nataupun pejabat di bawahnya. </p><p>Kepala Dinas ada rapat di pemkab, sedangkan Kabid Pembiayaan juga rapat di\r\npusat. Kami tidak tahu apakah surat dari mahasiswa sudah masuk apa belum. Untuk\r\nmenemui mahasiswa harus ada dari masing-masing Kabid agar yang ditanyakan mahasiswa\r\nbisa terjawab, kata Rojiun kepada wartawan.</p>', '', 'Nur Faishal', 'Junaidi Jufa', '', 'dispendik-sampang-kecewakan-mahasiswa', 3, 1, '2014-03-10 22:32:25', '2014-03-10 22:32:25', 1, '', '', '', '', '', '', '', '', '', 619),
(130, 'Gelapkan Uang, Santri Catut Nama Kiainya', '<p><strong style=\"font-size: 15px;\">PAMEKASAN (bangsaonline)  </strong>Tiga santri ini tak patut ditiru. Demi\r\nmendapatkan uang, Nurul Azizah, Muafiqul Qomar dan Amirus Soleh, diduga menipu\r\nRektor Universitas Islam Madura (UIM) Pamekasan, Syihabuddin. Dalam beraksi, nama\r\nkiai mereka yang sekaligus Pengasuh Ponpes Miftahul Ulum, Bettet, daerah\r\nsetempat, dicatut. Ketiganya kemarin (10/3) didudukkan sebagai pesakitan di Pengadilan\r\nNegeri (PN) setempat.</p><p>Mengawal perkara tersebut, ratusan massa gabungan Santri dan Alumni Pondok\r\nPesantren Miftahul Ulum Bettet Pamekasan bersama Koalisi Mahasiswa dan\r\nMasyarakat Peduli Keadilan (KM2PK) kemarin mendatangi kantor Kejaksaan Negeri\r\n(Kejari) dan PN Pamekasan. Massa geram dengan perbuatan ketiga terdakwa yang\r\nmembawa-bawa nama pengasuh Ponpes Miftahul Ulum saat menipu, yang tak lain guru\r\npara terdakwa sendiri.</p><p>Dalam orasinya di PN Pamekasan, M Ishaq, korlap aksi, meminta majelis hakim\r\nmenghukum terdakwa seberat-beratnya. Menurutnya, perbuatan terdakwa mencatut\r\nnama kiai mereka telah mencemarkan nama baik Ponpes Miftahul Ulum Bettet. Aksi terdakwa\r\njuga terkesan hendak mengadu-domba pimpinan pesantren dengan pimpinan UIM,\r\nperguruan tinggi di bawah naungan Ponpes Miftahul Ulum Bettet.</p><p>Kami meminta  agar terdakwa dihukum\r\nseberat-beratnya. Karena bukan hanya penipuan, tapi ini sudah menghina dan\r\nmengadu domba. Itu yang benar-benar tidak bisa kami terima, teriak Ishaq. Dia juga\r\nmeminta jaksa dan hakim membongkar motif dan tujuan para terdakwa menebar\r\nfitnah dan adu domba yang menyebabkan tercemarnya nama pesantren. </p><p>Menemui pendemo, Kepala Kejari Pamekasan Sudiharto menyampaikan terima\r\nkasih telah disambangi dan diberi dukungan untuk menyelesaikan perkara penipuan\r\noleh tiga santri tersebut. Namun, kata dia, dia meminta semua pihak agar tidak\r\nmemengaruhi proses persidangan yang tengah berlangsung. Siapapun yang menjadi\r\nterdakwa dan terbukti salah harus dihukum sesuai perbuatannya, tegasnya.</p><p>Sementara itu, Humas PN Pamekasan Heri Kurniawan mengaku pihak pengadilan\r\ntidak keberatan massa koalisi santri, alumni dan mahasiswa dari Ponpes Miftahul\r\nUlum Bettet mendatangi pengadilan. PN merasa senang karena persidangan justru\r\nakan berjalan obyektif dan terbuka karena dikawal pihak korban. Kami memang\r\nmeminta mereka untuk mengawal, tandasnya.</p><p>Pantauan Bangsaonline.com, setelah melakukan orasi dan istighasah di depan\r\nkantor PN Pamekasan, massa yang mengetahui sidang perkara ini akan dimulai\r\nlangsung merangsek masuk memenuhi ruang sidang. Di ruang sidang, sebagian massa\r\nmencemooh terdakwa yang saat itu dihadirkan dalam peridangan dengan agenda\r\npembacaan keterangan saksi.&nbsp;</p>', '', 'Nur Faishal', 'Mustopa', '', 'gelapkan-uang-santri-catut-nama-kiainya', 3, 1, '2014-03-10 22:36:15', '2014-03-10 22:36:15', 1, '', '', '', '', '', '', '', '', '', 1890),
(131, 'Sekolah Minta Dispendik Kota Mojokerto Longgar', '<p><strong>MOJOKERTO (bangsaonline)\r\n</strong> Kepala SMK Putra Bangsa Kota Mojokerto Agus Ubaidillah\r\nberharap Dinas Pendidikan dan Kebudayaan (Dispendik) Kota Mojokerto longgar\r\nmenyikapi kekurangan dokumen sehingga berimbas dicoretnya 15 siswa SMK Putra\r\nBangsa dari Daftar Nominasi Tetap (DNT) peserta Ujian Nasional (Unas) tahun\r\n2014. </p><p>Agus berharap Dispendik Kota\r\nMojokerto memberikan kelonggaran agar bisa melengkapi kekurangan dokumen\r\nsehingga 15 siswa itu bisa mengikuti Unas tahun ini. Sebab para siswa itu juga\r\nmemiliki hak mengikuti Unas. Bagaimanapun kita berharap hak anak-anak untuk\r\nikut Unas diperhatikan. Kasihan mereka jika harus menunggu tahun depan,\r\nharapnya, Senin (10/3/2014).</p><p>Agus pun menduga ada unsur\r\nkesengajaan sehingga para siswa itu tidak bisa masuk dalam DNT peserta Unas\r\ntahun 2014. Dugaan saya pribadi, ini kesengajaan pihak Dinas P dan K\r\n(Dispendik) dan persaingan SMK swasta lain, sehingga banyak siswa kami\r\ndigagalkan ikut Unas. Kita sudah melengkapi semua persyaratan DNT, cetus Agus\r\nUbaidillah. </p>', '', 'musta\'in', 'yudi eko purnomo, rochmad saiful aris, mulyadi', '', 'sekolah-minta-dispendik-kota-mojokerto-longgar', 3, 1, '2014-03-10 22:39:57', '2014-03-10 22:43:49', 1, '', '', '', '', '', '', '', '', '', 471),
(132, 'Pengeroyokan Antar Bonek Disidangkan', '<p>SURABAYA (bangsaonline)-Ruang Cakra Pengadilan Negeri Surabaya, Senin (10/3/2014) dipenuhi suporter Persebaya alias bonek. Mereka datang untuk mengikuti sidang perdana perkara dugaan pengeroyokan yang menimpa suporter Persebaya 1927, oleh tiga suporter Persebaya YSS (pendukung ISL), terdakwa perkara ini.<br><br>Sidang perdana perkara ini semestinya digelar pekan lalu, tapi ditunda dan baru terlaksana kemarin. Karena suporter banyak hadir, polisi menjaga ketat jalannya persidangan. Terdakwa yang didudukkan sebagai pesakitan adalah Weco Wijaya (26), warga Jl Klampis Ngasem,  I Santara Dwi Hariyanto (21), tinggal di Jl Jagir Wonokromo dan Ichsan Maulana Syahputra (21), warga Jl Simo, Surabaya. Berkas mereka dipisah. Weco dan I Santara jadi satu berkas, sementara Ichsan di berkas kedua.<br>Dalam dakwaannya Jaksa Penuntut Umum (JPU) Endro Rizki dari Kejari Surabaya menjelaskan, ketiga terdakwa dinilai melanggar Pazsal 351 ayat (1) KUHP tentang penganiayaan. Mereka didakwa melakukan perbuatan penganiayaan yang menyebabkan luka korban, Andika Wahyu Nugroho (18), Fathkurrozi (21) dan Joko Susilo (24). Terdakwa terancam pidana penjara maksimal 2 tahun 8 bulan, kata jaksa.<br><br>Menanggapi dakwaan, HM Gasman Gazali, pengacara para terdakwa, menyatakan tidak akan menggunakan kesempatan menyampaikan eksepsi atau nota keberatan terhadap dakwaan jaksa.</p>', '', 'rosihan', 'faishal', '', 'pengeroyokan-antar-bonek-disidangkan', 3, 1, '2014-03-10 22:40:34', '2014-03-10 22:40:34', 1, '', '', '', '', '', '', '', '', '', 650),
(133, 'Pemilu 2014, 3 Kecamatan di Bangkalan Rawan Rusuh', '<p><strong style=\"font-size: 15px;\">BANGKALAN (bangsaonline)  </strong>Panwaslu Bangkalan memetakan kawasan rawan\r\nrusuh pada Pemilu 2014 nanti. Sejauh ini kami menilai terdapat tiga kecamatan\r\nyang termasuk titik rawan pemilu. Yakni Kecamatan Blega, Kecamatan Kokop dan Kecamatan\r\nGalis, kata Katua Panwaslu Bangkalan, Siti Zahra Ira, Senin (10/3).</p><p>Dia menjelaskan, tiga kecamatan itu masuk pada peta rawan rusuh di\r\nBangkalan karena di daerah tersebut muncul kecenderungan gesekan kuat antar\r\npendukung calon legislatif (caleg). Potensi perusakan peraga kampanye juga kuat\r\ndi kawasan tersebut.</p><p>Panwas sendiri, lanjut Siti Zahra, tidak lantas menggunakan cara-cara\r\nseperti digunakan aparat pengaman untuk menanggulangi kerusuhan di tiga\r\nkecamatan tersebut. Bersama elemen lain, Panwas akan berupaya melakukan upaya\r\nmediasi agar kerusuhan urung terjadi. Yang paling berperan adalah Panwascam\r\nmelokalisir permasalah, tandasnya.&nbsp;</p>', '', 'Nur Faishal', 'Imam Hambali', '', 'pemilu-2014-3-kecamatan-di-bangkalan-rawan-rusuh', 3, 1, '2014-03-10 22:49:46', '2014-03-10 22:50:50', 1, '', '', '', '', '', '', '', '', '', 493),
(134, 'Jelang Pemilu, Gubernur Jatim Kumpulkan Forpimda', '<p>SURABAYA (bangsaonline)-Gubernur Jawa Timur Soekarwo mengumpulkan Forum Pimpinan Daerah (Forpimda) Provinsi Jatim melalui Rapat Forum Koordinasi Pimpinan Daerah Provinsi Jawa Timur di Convention Hall Lantai III Grand City Convex Surabaya, Senin (10/3/2014).<br><br>Tujuan diselenggarakannya rapat yakni dalam rangka penciptaan kondisi yang kondusif dalam pelaksanaan pemilihan legislatif. Sehingga perlu diantisipasi sedini mungkin dengan koordinasi yang baik sesama anggota Forkopimda provinsi, kabupaten/kota, sampai kecamatan, khususnya pada waktu masa kampanye yang sering berpotensi adanya konflik.<br><br>Sebagai bentuk pelaksanaan tugas gubernur dalam mewujudkan ketentraman dan ketertiban masyarakat serta stabilitas daerah dalam pelaksanaan Pemilu legislatif dan Pemilihan Presiden dan Wapres RI Tahun 2014, maka dilaksanakan suatu pertemuan dalam bentuk forkopimda Jatim. Rapat ini sebagai wadah konsolidasi dan penguatan dalam meminimalisir berbagai bentuk permasalahan yang mengemuka baik pra maupun pasca pelaksanaan kegiatan politik lima tahunan RI di Jatim, papar Soekarwo atau Pakde Karwo. <br><br>Kapolda Jatim Irjen Pol Unggung Cahyono menyampaikan berbagai persiapan dilakukan untuk pengamanan pelaksanaan Pemilu tahun 2014 di Provinsi Jawa Timur. Jumlah personil yang dilibatkan yakni 28.120 personil dari Polda Jatim dan JJRN, 8.100 personil back up TNI, dan 152.113 personil Linmas. <br><br><br>Pangdam V/Brawijaya Mayjen TNI Ediwan Prabowo SIP mengatakan, dalam pelaksanaan Pileg dan Pilpres/Wapres RI, prajurit TNI di lapangan harus menunjukkan sikap yang netral tidak memberikan dukungan kepada salah satu kontestan untuk menjamin terselenggaranya sikap TNI dalam Pileg dan Pilpres/Wapres RI yang harus netral. <br>Netralitas TNI (Prajurit, PNS dan Keluarga) tidak melakukan politik praktis, komitmen menjaga dan berdiri pada semua pihak, paham boleh dan tidak pada netralitas. TNI akan membantu kelancaran logistik pemilu atas permintaan melalui angkutan darat, ujarnya. </p>', '', 'rosihan', 'nisa', '', 'jelang-pemilu-gubernur-jatim-kumpulkan-forpimda', 3, 1, '2014-03-10 22:53:01', '2014-03-10 23:12:00', 1, '', '', '', '', '', '', '', '', '', 655),
(135, 'Anggota Dewan SUrabaya Sering Bolos Kerja', '<p>SURABAYA (bangsaonline)-Menjelang Pemilu, sebagian besar anggota DPRD Surabaya jarang masuk kantor. Anggota Badan Kehormatan, Masduki Thoha, Senin (10/3/2014) mengungkapkan, sekitar 50 persen anggota dewan sudah tidak aktif dalam kegiatan dinas di DPRD. Bahkan, menurut anggota Komisi D ini, ketidakaktifan beberapa wakil rakyat itu hingga berbulan-bulan.<br>\"Di komisi A,B,C dan D, ada beberapa anggota yang tidak aktif sampai berbulan-bulan,\" ungkapnya.<br><br>Ironisnya, menurut Masduki tiap bulan mereka masih menerima gaji. Agar tidak dicap hanya makan gaji buta belaka, ia mengharapkan para koleganya tersebut untuk aktif dalam kegiatan dinas. Pasalnya, banyak tugas yang menyangkut kepentingan masyarakat yang harus diselesaikan.<br><br>Walaupun sibuk kampanye, tapi tugas sebagai anggota dewan juga harus dijalankan, tegasnya.<br><br>Masduki meminta, anggota dewan yang kembali mencalonkan diri sebagai caleg pada Pemilu mendatang bisa membagi waktu antara menjalankan tugas sebagai anggota dewan dan caleg.<br><br>Ia mencontohkan, di Komisi D yang jumlah anggotanya sebanyak 11 orang. Hampir tiap hari yang rutin menjalankan kegiatan di dewan tak lebih dari separuhnya. Di komisi ini (D), yang datang ya itu-itu aja. Tak lebih dari 5 orang, tuturnya.<br>Padahal, dengan minimnya para anggota dewan yang menjalankan tugas-tugas di komisi dinilai bisa berdampak pada pengambilan kebijakan.<br><br>Jika rapat komisi gak kuorum, gak bisa mengambil keputusan. Kecuali apabila hanya hearing guna menyelesaikan masalah, katanya.</p>', '', 'rosihan', 'maulana', '', 'anggota-dewan-surabaya-sering-bolos-kerja', 3, 1, '2014-03-10 22:56:04', '2014-03-10 22:56:04', 1, '', '', '', '', '', '', '', '', '', 560),
(136, 'Dishub Kominfo Kota Mojokerto Sosialisasi Tertib Lalin', '<p><strong>MOJOKERTO (bangsaonline)  </strong>Dinas Perhubungan, Komunikasi dan\r\nInformasi (Dishub Kominfo) Kota Mojokerto menggelar sosialisasi mengenai tertib\r\nberlalu lintas dan bahaya narkoba, di aula dinas setempat, Senin (10/3/2014). Upaya\r\nitu diharapkan menekan angka potensi kecelakaan lalu lintas dan pemakaian\r\nnarkoba.</p><p>Dishub Kominfo menggandeng\r\nkepolisian setempat dalam sosialisasi itu. Sosialisasi diikuti 250 siswa SMA,\r\nMA dan SMK di Kota Mojokerto. Sosialisasi ditarget untuk pelajar. \"Kita\r\ntahu pelajar sekarang mempunyai gaya\r\nberkendara yang membahayakan. Mereka juga ikut-ikutan memakai narkoba, cetus\r\nKepala Dishub Kominfo Ruby Hartayo, di sela membuka sosialisasi, Senin (10/3/2014).</p><p>Selain Dishub Kominfo, materi\r\ndisampaikan oleh Kasat Lantas Polres Mojokerto Kota AKP Triyanto dan Kasat\r\nNarkoba Polres Mojokerto Kota AKP Jamin. Keduanya masing-masing menyampaikan\r\nmateri tertib berlalu lintas dan bahaya narkoba. \"Ilmu yang didapat saat\r\nsosialisasi belum pernah didapatkan di masing-masing sekolah. Kita berharap\r\nilmu mereka akan digetok tularkan ke teman-temannya yang lain, imbuh Kabid\r\nLalu Lintas Dishub Kominfo YH Kadiran.</p><p>Para\r\npelajar antusias mengikuti sosialisasi. Bagi pelajar, materi yang disampaikan\r\noleh para narasumber merupakan ilmu yang sangat berharga. Usai mendapatkan\r\nmateri, para pelajar diberi kesempatan menyaksikan prose uji kelayakan\r\nkendaraan (KIR) di UPT LLAJ. Mereka juga diajak berkeliling menyaksikan\r\npengaturan ruas jalan, kebijakan angkutan umum dan angkutan barang serta\r\nkebijakan fasilitas dan perlengkapan jalanj di Kota Mojokerto.</p>', '', 'musta\'in', 'yudi eko purnomo', '', 'dishub-kominfo-kota-mojokerto-sosialisasi-tertib-lalin', 3, 1, '2014-03-10 22:56:44', '2014-03-10 22:56:44', 1, '', '', '', '', '', '', '', '', '', 1113),
(137, 'Kasus BBM Ilegal See Oil Segera Disidang', '<p><strong>SURABAYA (bangsaonline) -</strong> Kejaksaan Negeri\r\n(Kejari) Tanjung Perak Surabaya sudah melimpahkan berkas perkara dugaan\r\npengedaran BBM ilegal yang diduga milik perusahaan ternama, See Oil, ke PN\r\nSurabaya. Artinya, tak lama lagi\r\nkasus ini akan disidangkan.</p><p>\"Sudah dilimpahkan ke pengadilan seminggu yang lalu. Tinggal menunggu\r\npenetapan jadwal sidangnya,\" kata Eko Nugroho, jaksa penuntut umum (JPU)\r\nperkara ini, di PN Surabaya, Senin (10/3).</p><p>Wakil Panitera PN Surabaya Soedi Wibowo mengakui ketika ditanya wartawan\r\nterkait pelimpahan berkas kasus BBM See Oil tersebut. Namun dia tak menjelaskan\r\nkapan perkara ini akan disidangkan. \"Iya benar, sudah dilimpahkan\r\nkejaksaan,\" katanya.</p><p>Kasus ini bermula dari penggrebekan yang dilakukan petugas Satreskrim\r\nPolres Tanjung Perak terhadap tiga truk tangki BBM berlabel See Oil, Oktober\r\n2013 lalu. Tiga truk beserta tiga sopirnya diamankan. Namun, setelah diproses,\r\npenyidik kemudian menetapkan hanya menetapkan satu tersangka saja. </p><p>Tersangka tersebut bernama Ratno, warga Sawahpulo, Surabaya. Dia adalah\r\norang yang menyuruh tiga sopir truk tangki mengirimkan BBM ke Pelabuhan Tanjung\r\nPerak, untuk dipasokkan ke sejumlah kapal di sana. \"Tersangka dijerat\r\ndengan UU No 22 Tahun 2001 tentang Pelanggaran Migas,\" terang Eko.&nbsp;</p>', '', 'Nur Faishal', '', '', 'kasus-bbm-ilegal-see-oil-segera-disidang', 3, 1, '2014-03-10 22:58:00', '2014-03-10 22:58:00', 1, '', '', '', '', '', '', '', '', '', 1232),
(138, 'Dinas Pendidikan  Sosialisasikan UN ', '<p>SURABAYA (bangsaonline)-Rabu besok(12/3), rencananya Dinas Pendidikan Jatim akan melakukan sosialisasi ujian nasional (UN) dengan mengundang pihak-pihak terkait. Misalnya pihak kepolisian, Kantor Wilayah Departemen Agama. PGRI dan pihak lainnya. <br><br>Ini adalah langkah awal setelah kami mendapatkan kepastian kalau anggaran akan segera dicairkan. Sebelum tanggal 12 Maret harusnya sudah cair (anggarannya), kalau belum cair kami tidak bisa melakukan apapun, ujar Kepala Dindik Jatim, Harun kemarin. Sosialisasi ini adalah persiapan riil dari tahapan UN baik SMA dan SMK, SMP dan SD.</p>', '', 'rosihan', 'nisa', '', 'dinas-pendidikan-sosialisasikan-un', 3, 1, '2014-03-10 22:59:09', '2014-03-11 10:13:08', 1, '', '', '', '', '', '', '', '', '', 596);

-- --------------------------------------------------------

--
-- Struktur dari tabel `module_news_topik_khas`
--

CREATE TABLE `module_news_topik_khas` (
  `id` int(11) NOT NULL,
  `judul` varchar(50) NOT NULL,
  `object_id` varchar(255) NOT NULL,
  `type` int(50) NOT NULL
) ENGINE=InnoDB DEFAULT CHARSET=latin1;

--
-- Dumping data untuk tabel `module_news_topik_khas`
--

INSERT INTO `module_news_topik_khas` (`id`, `judul`, `object_id`, `type`) VALUES
(1, '', 'pilgub-jatim,pilgub-jatim-pernik,cagub-jatim,pilgub-jatim-2018', 0);

-- --------------------------------------------------------

--
-- Stand-in struktur untuk tampilan `news_indeks`
-- (Lihat di bawah untuk tampilan aktual)
--
CREATE TABLE `news_indeks` (
`news_id` int(50)
,`news_title` varchar(150)
,`news_content` longtext
,`news_excerpt` longtext
,`news_penulis` varchar(50)
,`news_wartawan` varchar(50)
,`news_image` varchar(100)
,`news_slug` varchar(100)
,`news_author` int(10)
,`news_type` int(11)
,`news_date` datetime
,`news_modified` datetime
,`news_status` int(11)
,`youtube_links` varchar(255)
,`news_meta_title` varchar(100)
,`news_meta_keyword` varchar(50)
,`news_meta_desc` varchar(200)
,`news_source` varchar(150)
,`embed` varchar(100)
,`is_headline` varchar(100)
,`oleh` varchar(100)
,`ayat` varchar(100)
,`click_count` int(11)
,`post_id` int(11)
,`category_id` int(11)
);

-- --------------------------------------------------------

--
-- Struktur dari tabel `options`
--

CREATE TABLE `options` (
  `option_id` bigint(20) NOT NULL,
  `option_name` varchar(64) CHARACTER SET utf8 NOT NULL,
  `option_value` longtext CHARACTER SET utf8 NOT NULL
) ENGINE=InnoDB DEFAULT CHARSET=latin1;

--
-- Dumping data untuk tabel `options`
--

INSERT INTO `options` (`option_id`, `option_name`, `option_value`) VALUES
(1, 'facebook_link', 'https://www.facebook.com/bangsaonline'),
(2, 'twitter_link', 'https://twitter.com/bangsaonline'),
(3, 'google_plus_link', 'https://google.com/+BangsaOnline'),
(4, 'pinterest_link', '#'),
(5, 'instagram_link', '#'),
(6, 'hotnews_sticky_1', ''),
(7, 'hotnews_sticky_2', ''),
(8, 'hotnews_sticky_3', ''),
(9, 'hotnews_sticky_4', ''),
(10, 'hotnews_sticky_5', ''),
(11, 'hotnews_sticky_6', '');

-- --------------------------------------------------------

--
-- Struktur dari tabel `page`
--

CREATE TABLE `page` (
  `page_id` int(11) NOT NULL,
  `page_title` varchar(100) NOT NULL,
  `page_content` longtext NOT NULL,
  `page_status` int(11) NOT NULL,
  `page_slug` varchar(100) NOT NULL,
  `page_author` int(11) NOT NULL,
  `page_date` datetime NOT NULL,
  `page_modified` datetime NOT NULL,
  `page_link` varchar(120) NOT NULL,
  `page_template` varchar(20) NOT NULL
) ENGINE=InnoDB DEFAULT CHARSET=utf8;

--
-- Dumping data untuk tabel `page`
--

INSERT INTO `page` (`page_id`, `page_title`, `page_content`, `page_status`, `page_slug`, `page_author`, `page_date`, `page_modified`, `page_link`, `page_template`) VALUES
(5, 'Tentang Kami', '<h3><strong>PT. BANGSA SEJAHTERA PERS</strong></h3><h4><strong>Media Online bangsaonline.com</strong><br>\r\n<strong></strong></h4><p>\r\n	<br>\r\n	<strong>Direktur / Penanggung Jawab</strong>:<br>\r\n	H.M. Masud Adnan</p><p>\r\n	<strong>Pemimpin\r\nPerusahaan\r\n	</strong>:<br>\r\n	M Dikman</p><p>\r\n	<strong>Pemimpin\r\nRedaksi\r\n	</strong>:<br>\r\n	Revol Afkar</p><p>\r\n	<strong>Redaktur\r\nPelaksana\r\n	</strong>:<br>\r\n	Rosihan Choirul Anwar</p><p>\r\n	<strong>Kordinator\r\nLiputan:\r\n	<br>\r\n	</strong>Rosihan Choirul Anwar</p><p>\r\n	<strong>Redaktur:<br>\r\n	</strong>Revol Afkar, Abdurrahman Ubaidah, Nur Syaifuddin,&nbsp;Rosihan Choirul Anwar</p><p>\r\n	<strong>Iklan\r\ndan Pemasaran:\r\n	<br>\r\n	</strong>Yuni, Kemal Rizal</p><p>\r\n	<strong>Desain\r\n& Teknologi Informasi:\r\n	<br>\r\n	</strong>M Dikman (kepala), Aulia Rahman</p><p>\r\n	<strong>Keuangan:<br>\r\n	</strong>Noviati, Tutut</p><p>\r\n	<strong>Sekretaris Redaksi / Umum:<br>\r\n	</strong>Yayuk</p><p>\r\n	<strong><br>\r\n	</strong></p><p>\r\n	<strong>Perwakilan Jakarta: -</strong></p><p>\r\n	<strong>Reporter\r\nSurabaya:&nbsp;\r\n	<br>\r\n	</strong>Nur Khasanah Yulistiani, M Didi Rosadi, Irwan Susanto, Devi Afriyanti, Yudi Arianto</p><p>\r\n	<strong style=\"background-color: initial;\">Reporter\r\nDaerah:\r\n	</strong></p><p>\r\n	<strong></strong><strong>Sidoarjo</strong>:&nbsp;Catur A Erlambang,&nbsp;Musta\'in</p><p>\r\n	<strong>Mojokerto</strong>: Yudi Eko Purnomo,&nbsp;Rohmad Saiful Aris</p><p>\r\n	<strong>Jombang</strong>: Rony Suhartomo</p><p>\r\n	<strong>Gresik</strong>: M\r\nSyuhud Almanfaluty</p><p>\r\n	<strong>Lamongan</strong>: Nur Qomar Hadi</p><p>\r\n	<strong>Tuban</strong>: Suwandi, Gunawan Wihandono</p><p>\r\n	<strong>Bojonegoro</strong>: Eky Nurhadi</p><p>\r\n	<strong>Bangkalan</strong>:&nbsp;Ahmad Fauzi</p><p>\r\n	<strong>Sampang</strong>: Ahmad Bahri</p><p>\r\n	<strong>Pamekasan</strong>: Erri Sugianto</p><p>\r\n	<strong>Sumenep</strong>: Alan</p><p>\r\n	<strong>Kab. Pasuruan</strong>: Supardi, Ahmad Habibi, Andy Fachrudin</p><p>\r\n	<strong>Kota Pasuruan</strong>: Ahmad Fuad</p><p>\r\n	<strong>Bondowoso</strong>: Sugiyanto</p><p>\r\n	<strong>Situbondo</strong>: Hadi Prayitno</p><p>\r\n	<strong>Jember</strong>: Yudi Indrawan</p><p>\r\n	<strong>Banyuwangi:&nbsp;</strong>-</p><p>\r\n	<strong>Probolinggo</strong>: Andi\r\nSirajuddin</p><p>\r\n	<strong>Lumajang</strong>: Imron Ghozali</p><p>\r\n	<strong>Blitar</strong>: Tri Susanto</p><p>\r\n	<strong>Malang Raya</strong>: Tuhu Priyono, Iwan Setiawan</p><p>\r\n	<strong>Tulungagung</strong>: Feri Wahyudi</p><p>\r\n	<strong>Trenggalek</strong>: Herman Subagyo</p><p>\r\n	<strong>Kediri</strong>: Arif\r\nKurniawan</p><p>\r\n	<strong>Nganjuk</strong>: Bambang Dwi Julianto</p><p>\r\n	<strong>Ngawi:&nbsp;</strong>Zainal Abidin</p><p>\r\n	<strong>Madiun</strong>:&nbsp;Hendro,&nbsp;Zainal Abidin</p><p>\r\n	<strong>Ponorogo</strong>: -</p><p>\r\n	<strong>Magetan</strong>: -</p><p>\r\n	<strong>Pacitan</strong>: Yuniardi Sutondo</p><p><strong>\r\n	Online Sejak</strong> <strong>Juli 2014</strong></p>', 1, 'tentang-kami', 1, '2014-03-05 04:06:40', '2018-10-05 22:00:20', '', ''),
(6, 'Kontak Kami', '<h3><strong>PT. BANGSA SEJAHTERA PERS</strong></h3><h4><strong>Media Online bangsaonline.com</strong></h4><p>\r\n	<b style=\"background-color: initial; font-size: 15px; color: rgb(77, 77, 77);\"><br>\r\n	</b></p><p>\r\n	<strong></strong><b style=\"background-color: initial; font-size: 15px; color: rgb(77, 77, 77);\">Alamat Kantor:<br>\r\n	</b>Jl Gayung Sari IX / 5 Surabaya.<br>\r\n	<strong style=\"background-color: initial; font-size: 15px; color: rgb(77, 77, 77);\">Telepon:</strong> (031) 8271624, 8270961,\r\n8271667\r\n	<br>\r\n	<strong style=\"background-color: initial; font-size: 15px; color: rgb(77, 77, 77);\">Faks:</strong> (031) 8270967<br>\r\n	<strong style=\"background-color: initial;\">Email:</strong>\r\n	<a href=\"mailto:bangsaonline@yahoo.com\" style=\"background-color: initial;\"> bangsaonline@gmail.com</a></p>', 1, 'kontak-kami', 1, '2014-03-05 04:07:11', '2017-03-25 11:38:28', '', ''),
(7, 'Tarif Iklan', '<p>Content Tarif Iklan</p>', 1, 'tarif-iklan', 1, '2014-03-05 04:08:26', '2015-04-30 19:32:57', '', ''),
(8, 'Disclaimer', '<p>\r\n	Dengan mengakses\r\ndan menggunakan \r\n	<strong>bangsaonline.com</strong>, berarti anda memahami dan setuju, bahwa:</p><p>\r\n	Berita, foto dan\r\nvideo yang dimuat di \r\n	<strong>bangsaonline.com</strong> hanya sebagai informasi dan tidak\r\ndiharapkan untuk tujuan transaksi lain.</p><p>\r\n	<strong>Bangsaonline.com</strong>\r\n	berusaha memuat berita di semua konten seakurat mungkin, namun bangsaonline dan\r\nsemua mitra penyedia informasi, dan pihak lain di situs ini, tidak\r\nbertanggungjawab atas segala kesalahan dan keterlambatan memperbarui data atau\r\ninformasi, atau segala kerugian yang ditimbulkan karena tindakan berkaitan\r\npenggunaan informasi yang disajikan.</p><p>\r\n	<strong>Bangsaonline.com</strong>\r\n	tak bertanggungjawab atas akibat langsung ataupun tidak langsung dari semua\r\nteks, gambar, suara, video dan segala bentuk grafis yang dihasilkan dan\r\ndisampaikan pembaca atau pengguna di rubrik publik seperti Teenage, Komentar,\r\nPolling. Namun demikian, bangsaonline.com berhak menyunting atau menghapus isi\r\ndari pembaca atau pengguna agar tidak merugikan orang lain, lembaga, ataupun\r\nbadan tertentu, serta menjauhi isi berbau umpatan, pornografi dan sentimen\r\nsuku, agama dan ras.</p><p>\r\n	Segala isi baik\r\nberupa teks, gambar, video, suara dan segala bentuk grafis yang disampaikan\r\npembaca ataupun pengguna adalah tanggung jawab setiap individu, dan bukan\r\ntanggungjawab \r\n	<strong>bangsaonline.com</strong></p><p>\r\n	<strong>Bangsaonline.com</strong>\r\n	ada kalanya menyediakan link ke situs lain, link ini bukan berarti\r\n	<strong>bangsaonline.com</strong> menyetujui situs pihak lain. Anda mengetahui dan menyetujui\r\nbahwa \r\n	<strong>bangsaonline.com</strong> tidak bertanggung jawab atas isi atau materi lainnya\r\nyang ada pada situs pihak lain.</p><p>\r\n	Setiap perjanjian\r\ndan transaksi antara anda dan pengiklan yang ada di bangsaonline.com adalah\r\nantara anda dan pengiklan. Anda mengetahui dan setuju bahwa bangsaonline.com\r\ntidak bertanggung jawab atas segala bentuk kehilangan atau klaim yang mungkin\r\ntimbul dari perjanjian atau transaksi antara anda dengan pengiklan.</p><p>\r\n	Semua hasil\r\nkarya yang dimuat di bangsaonline.com baik berupa teks, gambar, suara dan video\r\nserta grafis adalah menjadi hak cipta \r\n	<strong>bangsaonline.com</strong></p>', 1, 'disclaimer', 1, '2014-03-05 04:08:58', '2017-03-25 11:39:14', '', ''),
(9, 'Pedoman Media Siber', '<p>Kemerdekaan berpendapat, kemerdekaan berekspresi,\r\ndan kemerdekaan pers adalah hak asasi manusia yang dilindungi Pancasila,\r\nUndang-Undang Dasar 1945, dan Deklarasi Universal Hak Asasi Manusia PBB.\r\nKeberadaan media siber di Indonesia juga merupakan bagian dari kemerdekaan\r\nberpendapat, kemerdekaan berekspresi, dan kemerdekaan pers.</p><p>Media siber memiliki karakter khusus sehingga\r\nmemerlukan pedoman agar pengelolaannya dapat dilaksanakan secara profesional,\r\nmemenuhi fungsi, hak, dan kewajibannya sesuai Undang-Undang Nomor 40 Tahun 1999\r\ntentang Pers dan Kode Etik Jurnalistik. Untuk itu Dewan Pers bersama organisasi\r\npers, pengelola media siber, dan masyarakat menyusun Pedoman Pemberitaan Media\r\nSiber sebagai berikut:</p><h4>1. Ruang\r\nLingkup</h4><ol>\r\n<ul>\r\n<li>Media Siber adalah segala bentuk media yang\r\n      menggunakan wahana internet dan melaksanakan kegiatan jurnalistik, serta\r\n      memenuhi persyaratan Undang- Undang Pers dan Standar Perusahaan Pers yang\r\n      ditetapkan Dewan Pers.</li><li>Isi Buatan Pengguna (<em>User\r\n      Generated Content</em>) adalah segala isi yang dibuat dan atau\r\n      dipublikasikan oleh pengguna media siber, antara lain, artikel, gambar,\r\n      komentar, suara, video dan berbagai bentuk unggahan yang melekat pada\r\n      media siber, seperti blog, forum, komentar pembaca atau pemirsa, dan\r\n      bentuk lain.</li></ul></ol><h4>2. Verifikasi\r\ndan keberimbangan berita</h4><ol>\r\n<ul>\r\n<li>Pada prinsipnya setiap berita harus melalui\r\n      verifikasi.</li><li>Berita yang dapat merugikan pihak lain memerlukan\r\n      verifikasi pada berita yang sama untuk memenuhi prinsip akurasi dan\r\n      keberimbangan.</li><li>Ketentuandalambutir(a)diatasdikecualikan,dengansyarat:\r\n<ol>\r\n<li>Berita benar-benar mengandung kepentingan publik\r\n       yang bersifat mendesak;</li><li>Sumber berita yang pertama adalah sumber yang\r\n       jelas disebutkan identitasnya, kredibel dan kompeten;</li><li>Subyek berita yang harus dikonfirmasi tidak\r\n       diketahui keberadaannya dan atau tidak dapat diwawancarai;</li><li>Media memberikan penjelasan kepada pembaca bahwa\r\n       berita tersebut masih memerlukan verifikasi lebih lanjut yang diupayakan\r\n       dalam waktu secepatnya. Penjelasan dimuat pada bagian akhir dari berita\r\n       yang sama, di dalam kurung dan menggunakan huruf miring.</li></ol></li><li>Setelah memuat berita sesuai dengan butir (c),\r\n      media wajib meneruskan upaya verifikasi, dan setelah verifikasi\r\n      didapatkan, hasil verifikasi dicantumkan pada berita pemutakhiran (<em>update</em>)\r\n      dengan tautan pada berita yang belum terverifikasi.</li></ul></ol><h4>3. Isi\r\nBuatan Pengguna (<em>User Generated Content</em>)</h4><ol>\r\n<ul>\r\n<li>Media siber wajib mencantumkan syarat dan ketentuan\r\n      mengenai Isi Buatan Pengguna yang tidak bertentangan dengan Undang-Undang\r\n      No. 40 tahun 1999 tentang Pers dan Kode Etik Jurnalistik, yang\r\n      ditempatkan secara terang dan jelas.</li><li>Media siber mewajibkan setiap pengguna untuk\r\n      melakukan registrasi keanggotaan dan melakukan proses <em>log-in</em> terlebih\r\n      dahulu untuk dapat mempublikasikan semua bentuk Isi Buatan Pengguna.\r\n      Ketentuan mengenai <em>log-in</em> akan\r\n      diatur lebih lanjut.</li><li>Dalam registrasi tersebut, media siber mewajibkan\r\n      pengguna memberi persetujuan tertulis bahwa Isi Buatan Pengguna yang\r\n      dipublikasikan:\r\n<ol>\r\n<li>Tidak memuat isi bohong, fitnah, sadis dan cabul;</li><li>Tidak memuat isi yang mengandung prasangka dan\r\n       kebencian terkait dengan suku, agama, ras, dan antargolongan (SARA), serta\r\n       menganjurkan tindakan kekerasan;</li><li>Tidak memuat isi diskriminatif atas dasar\r\n       perbedaan jenis kelamin dan bahasa, serta tidak merendahkan martabat\r\n       orang lemah, miskin, sakit, cacat jiwa, atau cacat jasmani.</li></ol></li><li>Media siber memiliki kewenangan mutlak untuk mengedit\r\n      atau menghapus Isi Buatan Pengguna yang bertentangan dengan butir (c).</li><li>Media siber wajib menyediakan mekanisme pengaduan\r\n      Isi Buatan Pengguna yang dinilai melanggar ketentuan pada butir (c).\r\n      Mekanisme tersebut harus disediakan di tempat yang dengan mudah dapat\r\n      diakses pengguna.</li><li>Media siber wajib menyunting, menghapus, dan\r\n      melakukan tindakan koreksi setiap Isi Buatan Pengguna yang dilaporkan dan\r\n      melanggar ketentuan butir (c), sesegera mungkin secara proporsional\r\n      selambat-lambatnya 2 x 24 jam setelah pengaduan diterima.</li><li>Media siber yang telah memenuhi ketentuan pada\r\n      butir (a), (b), (c), dan (f) tidak dibebani tanggung jawab atas masalah\r\n      yang ditimbulkan akibat pemuatan isi yang melanggar ketentuan pada butir\r\n      (c).</li><li>Media siber bertanggung jawab atas Isi Buatan\r\n      Pengguna yang dilaporkan bila tidak mengambil tindakan koreksi setelah\r\n      batas waktu sebagaimana tersebut pada butir (f).</li></ul></ol><h4>4. Ralat,\r\nKoreksi, dan Hak Jawab</h4><ol>\r\n<ul>\r\n<li>Ralat, koreksi, dan hak jawab mengacu pada\r\n      Undang-Undang Pers, Kode Etik Jurnalistik, dan Pedoman Hak Jawab yang\r\n      ditetapkan Dewan Pers.</li><li>Ralat, koreksi dan atau hak jawab wajib ditautkan\r\n      pada berita yang diralat, dikoreksi atau yang diberi hak jawab.</li><li>Di setiap berita ralat, koreksi, dan hak jawab\r\n      wajib dicantumkan waktu pemuatan ralat, koreksi, dan atau hak jawab\r\n      tersebut.</li><li>Bila suatu berita media siber tertentu\r\n      disebarluaskan media siber lain, maka:\r\n<ol>\r\n<li>Tanggung jawab media siber pembuat berita terbatas\r\n       pada berita yang dipublikasikan di media siber tersebut atau media siber\r\n       yang berada dibawah otoritas teknisnya;</li><li>Koreksi berita yang dilakukan oleh sebuah media\r\n       siber, juga harus dilakukan oleh media siber lain yang mengutip berita\r\n       dari media siber yang dikoreksi itu;</li><li>Media yang menyebarluaskan berita dari sebuah\r\n       media siber dan tidak melakukan koreksi atas berita sesuai yang\r\n       dilakukan oleh media siber pemilik dan atau pembuat berita tersebut,\r\n       bertanggung jawab penuh atas semua akibat hukum dari berita yang tidak\r\n       dikoreksinya itu.</li></ol></li><li>Sesuai dengan Undang-Undang Pers, media siber yang\r\n      tidak melayani hak jawab dapat dijatuhi sanksi hukum pidana denda paling\r\n      banyak Rp500.000.000 (Lima ratus juta rupiah).</li></ul></ol><h4>5. Pencabutan\r\nBerita</h4><ol>\r\n<ul>\r\n<li>Berita yang sudah dipublikasikan tidak dapat\r\n      dicabut karena alasan penyensoran dari pihak luar redaksi, kecuali\r\n      terkait masalah SARA, kesusilaan, masa depan anak, pengalaman traumatik\r\n      korban atau berdasarkan pertimbangan khusus lain yang ditetapkan Dewan\r\n      Pers.</li><li>Media siber lain wajib mengikuti pencabutan kutipan\r\n      berita dari media asal yang telah dicabut.</li><li>Pencabutan berita wajib disertai dengan alasan\r\n      pencabutan dan diumumkan kepada publik.</li></ul></ol><h4>6. Iklan</h4><ol>\r\n<ul>\r\n<li>Mediasiber wajib membedakan dengan tegas antara\r\n      produk berita dan iklan.</li><li>Setiap berita/artikel/isi yang merupakan iklan dan\r\n      atau isi berbayar wajib mencantumkan keterangan \"advertorial\",\r\n      \"iklan\", \"ads\", \"sponsored\", atau kata lain\r\n      yang menjelaskan bahwa berita/artikel/isi tersebut adalah iklan.</li></ul></ol><h4>7. Hak\r\nCipta</h4><p>Media siber wajib menghormati hak cipta\r\nsebagaimana diatur dalam peraturan perundang-undangan yang berlaku.</p><h4>8. Pencantuman\r\nPedoman</h4><p>Media siber wajib mencantumkan Pedoman\r\nPemberitaan Media Siber ini di medianya secara terang dan jelas.</p><h4>9. Sengketa</h4><p>Penilaian akhir atas sengketa mengenai\r\npelaksanaan Pedoman Pemberitaan Media Siber ini diselesaikan oleh Dewan Pers.</p><p>Jakarta, 3 Februari 2012</p><p><em>(Pedoman ini ditandatangani oleh Dewan Pers\r\ndan komunitas pers di Jakarta, 3 Februari 2012).</em> </p>', 1, 'pedoman-media-siber', 1, '2014-03-05 04:09:35', '2017-03-25 11:40:15', '', '');

-- --------------------------------------------------------

--
-- Struktur dari tabel `plugin`
--

CREATE TABLE `plugin` (
  `plugin_id` int(11) NOT NULL,
  `plugin_name` varchar(20) NOT NULL,
  `plugin_description` longtext NOT NULL,
  `access` varchar(20) NOT NULL,
  `plugin_url` varchar(100) NOT NULL
) ENGINE=InnoDB DEFAULT CHARSET=utf8;

-- --------------------------------------------------------

--
-- Struktur dari tabel `poll`
--

CREATE TABLE `poll` (
  `id` int(11) UNSIGNED NOT NULL,
  `title` varchar(255) NOT NULL,
  `description` longtext,
  `status` tinyint(1) NOT NULL DEFAULT '1'
) ENGINE=InnoDB DEFAULT CHARSET=utf8;

--
-- Dumping data untuk tabel `poll`
--

INSERT INTO `poll` (`id`, `title`, `description`, `status`) VALUES
(1, 'Bagaimana menurut anda tampilan website bangsaonline yang baru ?', '', 1);

-- --------------------------------------------------------

--
-- Struktur dari tabel `poll2`
--

CREATE TABLE `poll2` (
  `id` int(11) UNSIGNED NOT NULL,
  `title` varchar(255) NOT NULL,
  `description` longtext,
  `rekayasa` int(1) DEFAULT NULL,
  `status` tinyint(1) NOT NULL DEFAULT '1',
  `date_input` date NOT NULL,
  `date_end` date NOT NULL
) ENGINE=InnoDB DEFAULT CHARSET=utf8;

--
-- Dumping data untuk tabel `poll2`
--

INSERT INTO `poll2` (`id`, `title`, `description`, `rekayasa`, `status`, `date_input`, `date_end`) VALUES
(1, 'Pemilu Jakarta', NULL, 0, 0, '2017-01-02', '2017-02-02'),
(6, 'Polling Calon Bupati Bojonegoro 2018', NULL, 0, 1, '2019-07-28', '2019-07-31');

-- --------------------------------------------------------

--
-- Struktur dari tabel `poll2_choice`
--

CREATE TABLE `poll2_choice` (
  `id` int(11) UNSIGNED NOT NULL,
  `poll_id` int(11) UNSIGNED NOT NULL,
  `label` varchar(255) NOT NULL DEFAULT '',
  `votes` int(11) UNSIGNED NOT NULL DEFAULT '0',
  `weight` int(11) NOT NULL DEFAULT '0',
  `jumlah_rekayasa` int(10) DEFAULT NULL,
  `image` varchar(225) DEFAULT NULL
) ENGINE=InnoDB DEFAULT CHARSET=utf8;

--
-- Dumping data untuk tabel `poll2_choice`
--

INSERT INTO `poll2_choice` (`id`, `poll_id`, `label`, `votes`, `weight`, `jumlah_rekayasa`, `image`) VALUES
(3, 1, 'Anies - Sandiaga', 28, 0, NULL, '0d519-1566-test2.png'),
(4, 1, 'Ahok - Djarot', 26, 0, NULL, '0d519-1918-test2.png'),
(7, 1, 'Agus - Silvi', 6, 0, NULL, '437b3-290-test3.png'),
(36, 6, 'Akmal Boedianto', 0, 0, NULL, 'b4f05-560-akmal-boedianto.jpg'),
(37, 6, 'Ana Muawanah', 0, 0, NULL, 'b4f05-942-ana-muawanah.jpg'),
(38, 6, 'Heru Suroso', 0, 0, NULL, 'b4f05-2157-heru-suroso.jpg'),
(39, 6, 'Khozanah Hidayati', 0, 0, NULL, '90207-1557-khozanah-hidayati.jpg'),
(40, 6, 'Mitroatin', 0, 0, NULL, '90207-1101-mitroatin-poll.jpg'),
(41, 6, 'Pudji Dewanto', 0, 0, NULL, '90207-2146-pudji-dewanto.jpg'),
(42, 6, 'Sutrisno', 0, 0, NULL, '90207-675-sutrisno.jpg');

-- --------------------------------------------------------

--
-- Struktur dari tabel `poll2_vote`
--

CREATE TABLE `poll2_vote` (
  `id` int(11) UNSIGNED NOT NULL,
  `choice_id` int(11) UNSIGNED NOT NULL,
  `poll_id` int(11) UNSIGNED NOT NULL,
  `user_id` int(11) UNSIGNED NOT NULL DEFAULT '0',
  `ip_address` varchar(16) NOT NULL DEFAULT '',
  `timestamp` int(11) UNSIGNED NOT NULL DEFAULT '0'
) ENGINE=InnoDB DEFAULT CHARSET=utf8;

--
-- Dumping data untuk tabel `poll2_vote`
--

INSERT INTO `poll2_vote` (`id`, `choice_id`, `poll_id`, `user_id`, `ip_address`, `timestamp`) VALUES
(1, 7, 1, 0, '::1', 1487497713),
(2, 7, 1, 0, '::1', 1487497877),
(3, 3, 1, 0, '125.164.128.2', 1492284579),
(4, 3, 1, 0, '125.164.128.2', 1492284589),
(5, 3, 1, 0, '125.164.128.2', 1492284598),
(6, 3, 1, 0, '125.164.128.2', 1492284619),
(7, 3, 1, 0, '125.164.128.2', 1492284628),
(8, 3, 1, 0, '125.164.128.2', 1492284637),
(9, 3, 1, 0, '125.164.128.2', 1492284650),
(10, 3, 1, 0, '125.164.128.2', 1492284660),
(11, 3, 1, 0, '180.247.74.201', 1494101526),
(12, 3, 1, 0, '180.247.74.201', 1494101539),
(13, 3, 1, 0, '180.247.74.201', 1494101548),
(14, 3, 1, 0, '180.247.74.201', 1494101613),
(15, 3, 1, 0, '180.247.74.201', 1494101630);

-- --------------------------------------------------------

--
-- Struktur dari tabel `poll_choice`
--

CREATE TABLE `poll_choice` (
  `id` int(11) UNSIGNED NOT NULL,
  `poll_id` int(11) UNSIGNED NOT NULL,
  `label` varchar(255) NOT NULL DEFAULT '',
  `votes` int(11) UNSIGNED NOT NULL DEFAULT '0',
  `weight` int(11) NOT NULL DEFAULT '0'
) ENGINE=InnoDB DEFAULT CHARSET=utf8;

--
-- Dumping data untuk tabel `poll_choice`
--

INSERT INTO `poll_choice` (`id`, `poll_id`, `label`, `votes`, `weight`) VALUES
(1, 1, 'Bagus', 399, 0),
(2, 1, 'Lumayan', 50, 0),
(3, 1, 'Biasa', 101, 0),
(4, 1, 'Jelek', 139, 0);

-- --------------------------------------------------------

--
-- Struktur dari tabel `poll_vote`
--

CREATE TABLE `poll_vote` (
  `id` int(11) UNSIGNED NOT NULL,
  `choice_id` int(11) UNSIGNED NOT NULL,
  `poll_id` int(11) UNSIGNED NOT NULL,
  `user_id` int(11) UNSIGNED NOT NULL DEFAULT '0',
  `ip_address` varchar(16) NOT NULL DEFAULT '',
  `timestamp` int(11) UNSIGNED NOT NULL DEFAULT '0'
) ENGINE=InnoDB DEFAULT CHARSET=utf8;

--
-- Dumping data untuk tabel `poll_vote`
--

INSERT INTO `poll_vote` (`id`, `choice_id`, `poll_id`, `user_id`, `ip_address`, `timestamp`) VALUES
(1, 1, 1, 0, '192.168.1.2', 1394326677),
(2, 1, 1, 0, '36.81.129.179', 1394437117),
(4, 1, 1, 0, '180.251.87.29', 1394473711),
(5, 1, 1, 0, '223.25.96.14', 1394527518),
(6, 3, 1, 0, '206.53.152.53', 1394533707),
(7, 1, 1, 0, '36.74.147.77', 1394683400),
(8, 1, 1, 0, '103.242.124.18', 1394717782),
(9, 1, 1, 0, '36.73.230.217', 1394722835),
(10, 1, 1, 0, '206.53.152.44', 1394777433),
(11, 1, 1, 0, '140.0.218.166', 1394813278),
(12, 1, 1, 0, '68.171.252.102', 1394984999),
(13, 1, 1, 0, '114.79.18.54', 1395021120),
(14, 2, 1, 0, '114.79.28.153', 1395048624),
(15, 3, 1, 0, '128.199.224.42', 1395236242),
(16, 2, 1, 0, '114.79.29.56', 1395454537),
(17, 1, 1, 0, '125.164.221.44', 1395551367),
(18, 1, 1, 0, '68.171.252.68', 1395585154),
(19, 1, 1, 0, '180.251.82.169', 1395903605),
(20, 1, 1, 0, '125.167.27.228', 1395981181),
(21, 1, 1, 0, '36.73.228.243', 1396109370),
(22, 3, 1, 0, '182.9.135.184', 1396575366),
(23, 1, 1, 0, '103.10.67.148', 1396598814),
(24, 1, 1, 0, '114.79.18.245', 1396747312),
(25, 3, 1, 0, '125.164.130.60', 1396800128),
(26, 1, 1, 0, '206.53.152.29', 1397413645),
(27, 1, 1, 0, '36.73.244.122', 1398245727),
(28, 4, 1, 0, '36.85.41.158', 1398762006),
(29, 1, 1, 0, '125.164.138.229', 1398764517),
(30, 1, 1, 0, '206.53.152.55', 1398978993),
(31, 1, 1, 0, '125.164.132.18', 1399383553),
(32, 1, 1, 0, '141.0.9.239', 1399893035),
(33, 4, 1, 0, '202.148.13.124', 1400262832),
(34, 1, 1, 0, '36.81.103.6', 1400945450),
(35, 4, 1, 0, '36.74.23.145', 1401177744),
(36, 4, 1, 0, '112.215.44.1', 1401205040),
(37, 1, 1, 0, '39.215.1.73', 1401354948),
(38, 1, 1, 0, '36.81.166.171', 1401505792),
(39, 1, 1, 0, '180.251.110.43', 1402728813),
(40, 3, 1, 0, '139.195.103.14', 1402924807),
(41, 1, 1, 0, '82.145.217.249', 1403092906),
(42, 1, 1, 0, '125.164.14.14', 1403797759),
(43, 3, 1, 0, '39.209.219.225', 1404453071),
(44, 4, 1, 0, '36.81.111.213', 1405872454),
(45, 3, 1, 0, '203.130.229.170', 1407905317),
(46, 1, 1, 74, '125.164.232.155', 1409068692),
(47, 1, 1, 0, '202.67.40.50', 1409068703),
(48, 1, 1, 0, '103.246.200.54', 1409589625),
(49, 1, 1, 0, '114.79.29.199', 1410150207),
(50, 1, 1, 0, '36.73.203.61', 1410835532),
(51, 1, 1, 0, '125.164.141.248', 1412104047),
(52, 2, 1, 0, '82.145.223.46', 1412390675),
(53, 3, 1, 0, '103.246.201.35', 1412752233),
(54, 1, 1, 0, '36.73.202.205', 1413182650),
(55, 1, 1, 0, '36.73.182.248', 1414476469),
(56, 1, 1, 0, '36.81.109.112', 1414594535),
(57, 4, 1, 0, '114.79.44.89', 1414780317),
(58, 3, 1, 0, '36.73.246.131', 1417604887),
(59, 1, 1, 0, '36.73.230.9', 1418632428),
(60, 1, 1, 0, '36.81.97.192', 1418910014),
(61, 4, 1, 0, '114.79.56.51', 1419786100),
(62, 4, 1, 0, '49.216.37.219', 1420718740),
(63, 1, 1, 0, '64.233.173.140', 1421016270),
(64, 1, 1, 0, '180.248.52.215', 1421035907),
(65, 1, 1, 0, '36.73.228.234', 1421598519),
(66, 4, 1, 0, '223.164.238.78', 1422256406),
(67, 2, 1, 0, '36.81.101.119', 1422289063),
(68, 1, 1, 0, '36.73.228.34', 1424489570),
(69, 1, 1, 0, '223.255.229.249', 1424696839),
(70, 1, 1, 0, '180.251.94.175', 1424789241),
(71, 1, 1, 0, '36.81.96.149', 1425140962),
(72, 1, 1, 0, '125.164.246.162', 1425510657),
(73, 4, 1, 0, '36.84.53.107', 1425667099),
(74, 1, 1, 0, '36.78.187.85', 1425729262),
(75, 1, 1, 0, '112.215.66.79', 1426420688),
(76, 1, 1, 0, '112.215.66.72', 1427762586),
(77, 4, 1, 0, '36.73.236.83', 1428739296),
(78, 1, 1, 0, '103.246.200.18', 1429394537),
(79, 3, 1, 0, '114.79.45.35', 1429788668),
(80, 1, 1, 0, '36.73.188.231', 1429929653),
(81, 1, 1, 0, '202.67.41.51', 1431353566),
(82, 4, 1, 0, '182.10.160.231', 1431755750),
(83, 4, 1, 0, '36.74.102.223', 1432011949),
(84, 3, 1, 0, '36.79.9.25', 1432187195),
(85, 1, 1, 0, '103.246.200.30', 1433297163),
(86, 2, 1, 0, '125.164.136.160', 1433984692),
(87, 3, 1, 0, '36.81.111.9', 1434194358),
(88, 1, 1, 0, '125.164.129.168', 1435118042),
(89, 1, 1, 0, '112.215.65.243', 1435355922),
(90, 4, 1, 0, '168.235.197.215', 1436867512),
(91, 4, 1, 0, '36.84.69.217', 1437049121),
(92, 4, 1, 0, '114.4.77.221', 1437472226),
(93, 1, 1, 0, '202.67.43.43', 1438358456),
(94, 4, 1, 0, '114.120.237.25', 1438365649),
(95, 4, 1, 0, '168.235.197.43', 1438408730),
(96, 4, 1, 0, '168.235.195.212', 1438475654),
(97, 2, 1, 0, '203.14.176.130', 1438658836),
(98, 1, 1, 0, '8.37.227.136', 1438662095),
(99, 1, 1, 0, '103.22.201.235', 1438764649),
(100, 4, 1, 0, '103.22.201.151', 1439209569),
(101, 1, 1, 0, '103.22.201.201', 1439534761),
(102, 1, 1, 0, '103.22.201.240', 1439824793),
(103, 2, 1, 0, '103.22.201.67', 1439967319),
(104, 1, 1, 0, '103.22.201.203', 1440400476),
(105, 4, 1, 0, '103.22.201.92', 1440426930),
(106, 1, 1, 0, '173.245.48.217', 1440567317),
(107, 1, 1, 0, '202.80.218.243', 1441005384),
(108, 2, 1, 0, '36.73.233.49', 1441052156),
(109, 4, 1, 0, '114.121.234.57', 1441202414),
(110, 1, 1, 0, '114.124.30.215', 1441259055),
(111, 1, 1, 0, '114.121.131.185', 1441767921),
(112, 1, 1, 0, '103.246.200.5', 1441996693),
(113, 2, 1, 0, '114.125.79.164', 1442372375),
(114, 1, 1, 0, '36.81.166.26', 1442413760),
(115, 2, 1, 0, '36.73.225.181', 1442597679),
(116, 2, 1, 0, '107.167.112.217', 1443057482),
(117, 1, 1, 0, '125.164.142.80', 1443153407),
(118, 3, 1, 0, '168.235.197.45', 1443605749),
(119, 1, 1, 0, '103.246.200.38', 1443628415),
(120, 1, 1, 0, '114.4.79.44', 1443696751),
(121, 3, 1, 0, '103.246.200.51', 1443716237),
(122, 1, 1, 0, '36.74.11.222', 1444128286),
(123, 1, 1, 0, '202.67.41.28', 1444181461),
(124, 2, 1, 0, '36.73.234.225', 1444219165),
(125, 3, 1, 0, '202.67.46.27', 1444640371),
(126, 1, 1, 0, '120.168.0.13', 1444753225),
(127, 4, 1, 0, '202.65.116.38', 1444981437),
(128, 1, 1, 0, '112.215.36.142', 1444988913),
(129, 1, 1, 0, '114.4.78.41', 1445138273),
(130, 1, 1, 0, '36.81.111.33', 1445183556),
(131, 3, 1, 0, '180.251.90.86', 1445410172),
(132, 1, 1, 0, '146.185.31.215', 1445561515),
(133, 2, 1, 0, '36.73.231.239', 1445623367),
(134, 2, 1, 0, '64.233.173.235', 1445625264),
(135, 4, 1, 0, '64.233.173.21', 1445874069),
(136, 1, 1, 0, '112.215.36.145', 1446420394),
(137, 1, 1, 0, '119.81.80.74', 1447087382),
(138, 4, 1, 0, '107.167.113.143', 1447102915),
(139, 2, 1, 0, '36.82.84.75', 1447159732),
(140, 3, 1, 0, '120.164.40.76', 1447251869),
(141, 1, 1, 0, '103.246.201.7', 1447341355),
(142, 1, 1, 0, '114.125.184.106', 1447343777),
(143, 4, 1, 0, '114.79.47.29', 1447430633),
(144, 1, 1, 0, '103.246.201.33', 1447511436),
(145, 1, 1, 0, '125.164.140.186', 1447711880),
(146, 2, 1, 0, '168.235.198.57', 1447775590),
(147, 2, 1, 0, '36.81.111.87', 1447783281),
(148, 1, 1, 0, '168.235.195.30', 1447802534),
(149, 1, 1, 0, '114.4.21.211', 1447951376),
(150, 1, 1, 0, '139.228.87.102', 1447954533),
(151, 1, 1, 0, '168.235.201.62', 1448011519),
(152, 1, 1, 0, '114.125.174.165', 1448026669),
(153, 4, 1, 0, '114.121.233.254', 1448203542),
(154, 3, 1, 0, '36.74.4.30', 1449324301),
(155, 2, 1, 0, '114.121.235.146', 1449390590),
(156, 1, 1, 0, '36.81.140.154', 1450023151),
(157, 2, 1, 0, '114.121.239.20', 1450681667),
(158, 1, 1, 0, '125.164.133.165', 1450803719),
(159, 1, 1, 0, '8.37.232.226', 1450953122),
(160, 3, 1, 0, '70.39.187.3', 1450963806),
(161, 3, 1, 0, '114.79.62.103', 1451087028),
(162, 3, 1, 0, '114.79.62.80', 1451202709),
(163, 4, 1, 0, '8.37.232.16', 1451225881),
(164, 3, 1, 0, '114.79.45.156', 1451311680),
(165, 1, 1, 0, '125.164.129.188', 1451380808),
(166, 3, 1, 0, '70.39.186.252', 1451392203),
(167, 4, 1, 0, '180.251.84.49', 1451559582),
(168, 1, 1, 0, '103.246.200.45', 1452050741),
(169, 1, 1, 0, '103.246.200.57', 1452050840),
(170, 4, 1, 0, '114.121.152.5', 1452082020),
(171, 3, 1, 0, '114.79.58.82', 1452115407),
(172, 3, 1, 0, '8.37.233.204', 1452131326),
(173, 4, 1, 0, '36.81.127.32', 1452351952),
(174, 1, 1, 0, '120.164.45.215', 1452522728),
(175, 1, 1, 0, '107.167.103.41', 1452615306),
(176, 4, 1, 0, '202.67.46.20', 1452623151),
(177, 4, 1, 0, '202.67.46.28', 1452670653),
(178, 3, 1, 0, '125.164.54.11', 1453175652),
(179, 4, 1, 0, '36.81.157.243', 1453316100),
(180, 1, 1, 0, '114.121.239.235', 1453570446),
(181, 1, 1, 0, '107.167.103.33', 1454178553),
(182, 1, 1, 0, '114.121.235.58', 1454229249),
(183, 2, 1, 0, '70.39.187.82', 1454328729),
(184, 1, 1, 0, '8.37.230.167', 1454329391),
(185, 1, 1, 0, '168.235.197.13', 1454397208),
(186, 1, 1, 0, '114.125.191.69', 1455027935),
(187, 1, 1, 0, '125.164.21.145', 1455302385),
(188, 3, 1, 0, '36.85.37.46', 1455375092),
(189, 4, 1, 0, '36.79.144.106', 1455575568),
(190, 3, 1, 0, '8.37.232.178', 1455929642),
(191, 1, 1, 0, '114.124.31.150', 1456102351),
(192, 4, 1, 0, '202.67.40.13', 1456152743),
(193, 1, 1, 0, '110.139.79.89', 1456227068),
(194, 1, 1, 0, '114.125.190.227', 1456593345),
(195, 1, 1, 0, '64.233.173.95', 1456880607),
(196, 1, 1, 0, '64.233.173.85', 1456881230),
(197, 1, 1, 0, '180.253.254.170', 1457094237),
(198, 1, 1, 0, '114.121.232.120', 1457532387),
(199, 1, 1, 0, '61.94.201.28', 1457731105),
(200, 1, 1, 0, '64.233.173.90', 1457794114),
(201, 4, 1, 0, '36.81.135.100', 1458045254),
(202, 3, 1, 0, '8.37.233.76', 1458110385),
(203, 3, 1, 0, '125.164.53.243', 1458195000),
(204, 4, 1, 0, '120.168.0.110', 1458282979),
(205, 1, 1, 0, '125.164.132.231', 1458917091),
(206, 4, 1, 0, '168.235.194.108', 1459164735),
(207, 1, 1, 0, '70.39.185.59', 1459576797),
(208, 3, 1, 0, '202.62.16.144', 1460266752),
(209, 1, 1, 0, '36.82.86.106', 1461079078),
(210, 4, 1, 0, '114.121.238.150', 1461175696),
(211, 1, 1, 0, '114.121.129.67', 1461839190),
(212, 1, 1, 0, '168.235.196.128', 1461947584),
(213, 1, 1, 0, '125.164.248.64', 1461937499),
(214, 1, 1, 0, '107.167.113.134', 1462687579),
(215, 1, 1, 0, '114.125.189.24', 1462801586),
(216, 1, 1, 0, '114.120.238.84', 1462976571),
(217, 4, 1, 0, '64.233.173.163', 1463625876),
(218, 1, 1, 0, '125.164.128.36', 1463633781),
(219, 3, 1, 0, '8.37.233.235', 1463982152),
(220, 1, 1, 0, '168.235.205.237', 1464832815),
(221, 1, 1, 0, '202.67.35.27', 1464967756),
(222, 1, 1, 0, '36.74.135.6', 1465135705),
(223, 3, 1, 0, '115.133.88.232', 1465294170),
(224, 1, 1, 0, '168.235.207.143', 1465598166),
(225, 1, 1, 0, '168.235.206.85', 1466042966),
(226, 2, 1, 0, '114.120.235.122', 1466348753),
(227, 1, 1, 0, '114.121.236.217', 1466386635),
(228, 1, 1, 0, '114.125.184.209', 1466458283),
(229, 1, 1, 0, '114.121.233.213', 1466733282),
(230, 4, 1, 0, '114.4.76.227', 1467238148),
(231, 1, 1, 0, '114.125.104.204', 1467682748),
(232, 1, 1, 0, '114.125.81.43', 1467808492),
(233, 1, 1, 0, '168.235.197.83', 1468217990),
(234, 1, 1, 0, '114.125.119.235', 1468335682),
(235, 3, 1, 0, '168.235.205.87', 1469365419),
(236, 4, 1, 0, '180.248.9.213', 1469710260),
(237, 3, 1, 0, '36.84.87.250', 1469881032),
(238, 1, 1, 0, '120.168.0.27', 1470231155),
(239, 3, 1, 0, '114.125.31.34', 1470415081),
(240, 1, 1, 0, '183.171.181.4', 1470417949),
(241, 1, 1, 0, '114.125.81.167', 1470494434),
(242, 1, 1, 0, '36.74.173.221', 1470575683),
(243, 1, 1, 0, '36.85.6.132', 1470744814),
(244, 1, 1, 0, '107.167.112.229', 1470793298),
(245, 1, 1, 0, '180.247.88.80', 1470924783),
(246, 4, 1, 0, '168.235.205.211', 1471273917),
(247, 4, 1, 0, '168.235.205.188', 1471827749),
(248, 1, 1, 0, '8.37.235.43', 1471879117),
(249, 2, 1, 0, '36.78.139.255', 1472030114),
(250, 1, 1, 0, '114.125.118.145', 1472129120),
(251, 2, 1, 0, '107.167.103.230', 1472190319),
(252, 1, 1, 0, '8.37.232.197', 1472452759),
(253, 1, 1, 0, '36.73.234.69', 1472471386),
(254, 1, 1, 0, '180.251.97.154', 1472721737),
(255, 1, 1, 0, '114.125.82.118', 1472805335),
(256, 1, 1, 0, '202.67.40.9', 1472805429),
(257, 4, 1, 0, '112.215.173.233', 1472840217),
(258, 4, 1, 0, '112.215.172.207', 1472840239),
(259, 3, 1, 0, '36.76.123.53', 1472875191),
(260, 1, 1, 0, '125.164.132.46', 1473339285),
(261, 1, 1, 0, '8.37.225.124', 1473340855),
(262, 1, 1, 0, '36.85.88.192', 1473602980),
(263, 1, 1, 0, '36.82.79.35', 1473643424),
(264, 1, 1, 0, '202.67.46.26', 1473779425),
(265, 3, 1, 0, '36.74.192.107', 1473931688),
(266, 1, 1, 0, '114.125.186.118', 1474168648),
(267, 4, 1, 0, '8.37.231.218', 1474662023),
(268, 2, 1, 0, '36.73.105.147', 1474731828),
(269, 3, 1, 0, '8.37.225.165', 1474740139),
(270, 3, 1, 0, '180.247.192.33', 1474899578),
(271, 1, 1, 0, '202.67.40.31', 1475010636),
(272, 1, 1, 0, '114.125.179.50', 1475415527),
(273, 3, 1, 0, '114.125.118.65', 1475470727),
(274, 1, 1, 0, '8.37.230.1', 1475579149),
(275, 1, 1, 0, '107.167.112.75', 1475729269),
(276, 1, 1, 0, '168.235.205.81', 1475899618),
(277, 1, 1, 0, '36.84.71.240', 1475955945),
(278, 1, 1, 0, '36.73.145.105', 1476092952),
(279, 2, 1, 0, '125.164.56.87', 1476153679),
(280, 3, 1, 0, '36.73.241.2', 1476657511),
(281, 2, 1, 0, '8.37.237.52', 1476673393),
(282, 2, 1, 0, '36.73.169.221', 1476691815),
(283, 1, 1, 0, '107.167.112.144', 1476820734),
(284, 4, 1, 0, '114.125.81.44', 1476860508),
(285, 1, 1, 0, '114.125.82.34', 1476899572),
(286, 1, 1, 0, '125.164.128.90', 1477045027),
(287, 3, 1, 0, '39.252.136.225', 1477064035),
(288, 2, 1, 0, '36.82.18.100', 1477287314),
(289, 3, 1, 0, '36.81.140.89', 1477311106),
(290, 2, 1, 0, '120.188.34.249', 1477527528),
(291, 4, 1, 0, '180.243.15.180', 1477556132),
(292, 4, 1, 0, '180.246.15.106', 1477622840),
(293, 1, 1, 0, '180.246.9.91', 1477677798),
(294, 2, 1, 0, '36.79.227.218', 1477731176),
(295, 4, 1, 0, '107.167.103.112', 1477818187),
(296, 3, 1, 0, '180.248.5.88', 1477830843),
(297, 4, 1, 0, '125.164.227.94', 1477892652),
(298, 1, 1, 0, '120.188.86.78', 1478009609),
(299, 3, 1, 0, '125.164.56.126', 1478074166),
(300, 3, 1, 0, '180.253.89.239', 1478181307),
(301, 1, 1, 0, '180.246.255.219', 1478183109),
(302, 4, 1, 0, '139.255.72.138', 1478461636),
(303, 1, 1, 0, '114.125.187.135', 1478499743),
(304, 4, 1, 0, '202.67.40.203', 1478731697),
(305, 1, 1, 0, '120.188.73.92', 1479227681),
(306, 3, 1, 0, '103.18.181.155', 1479283355),
(307, 1, 1, 0, '120.188.86.100', 1479594445),
(308, 1, 1, 0, '180.245.115.158', 1479775198),
(309, 3, 1, 0, '36.82.11.184', 1480137481),
(310, 4, 1, 0, '139.0.47.254', 1480420104),
(311, 2, 1, 0, '183.171.179.131', 1480497132),
(312, 1, 1, 0, '139.194.251.204', 1480777986),
(313, 4, 1, 0, '202.67.40.195', 1480935252),
(314, 1, 1, 0, '180.251.112.223', 1481079959),
(315, 1, 1, 0, '107.167.103.210', 1481334849),
(316, 4, 1, 0, '114.121.133.193', 1481377802),
(317, 4, 1, 0, '180.249.232.218', 1481405348),
(318, 4, 1, 0, '114.125.49.184', 1481451395),
(319, 3, 1, 0, '139.192.223.47', 1481590811),
(320, 4, 1, 0, '107.167.99.158', 1481599268),
(321, 1, 1, 0, '202.67.44.1', 1481599746),
(322, 1, 1, 0, '140.0.232.193', 1481711214),
(323, 4, 1, 0, '114.125.201.59', 1481822904),
(324, 4, 1, 0, '125.161.34.184', 1481882339),
(325, 1, 1, 0, '114.125.171.30', 1481978405),
(326, 4, 1, 0, '107.167.112.56', 1482062146),
(327, 1, 1, 0, '8.37.232.70', 1482077431),
(328, 1, 1, 0, '180.247.191.22', 1482404085),
(329, 1, 1, 0, '202.80.217.105', 1482615733),
(330, 1, 1, 0, '114.125.82.219', 1482722220),
(331, 4, 1, 0, '112.215.152.211', 1482942456),
(332, 4, 1, 0, '114.125.85.105', 1482980947),
(333, 3, 1, 0, '202.62.18.68', 1482984655),
(334, 1, 1, 0, '36.74.29.212', 1482986854),
(335, 1, 1, 0, '120.188.1.115', 1483020835),
(336, 1, 1, 0, '36.82.3.118', 1483070411),
(337, 3, 1, 0, '112.215.170.76', 1483083486),
(338, 4, 1, 0, '139.192.197.220', 1483248194),
(339, 1, 1, 0, '180.247.75.122', 1483313179),
(340, 4, 1, 0, '114.121.155.174', 1483317111),
(341, 4, 1, 0, '168.235.206.21', 1483367680),
(342, 1, 1, 0, '114.125.176.91', 1483473836),
(343, 4, 1, 0, '180.247.215.86', 1483529041),
(344, 3, 1, 0, '180.253.65.169', 1483908275),
(345, 1, 1, 0, '120.188.2.166', 1484056680),
(346, 4, 1, 0, '125.166.220.24', 1484116254),
(347, 2, 1, 0, '8.37.234.118', 1484176158),
(348, 3, 1, 0, '128.199.163.251', 1484394564),
(349, 4, 1, 0, '107.167.112.221', 1484652392),
(350, 1, 1, 0, '180.250.22.66', 1484660282),
(351, 4, 1, 0, '107.167.99.138', 1484673867),
(352, 4, 1, 0, '120.188.72.146', 1484710496),
(353, 2, 1, 0, '110.138.253.247', 1484721744),
(354, 4, 1, 0, '112.215.154.41', 1484872334),
(355, 4, 1, 0, '125.166.23.176', 1484874606),
(356, 1, 1, 0, '114.125.172.220', 1485097639),
(357, 4, 1, 0, '120.188.85.37', 1485136863),
(358, 3, 1, 0, '125.165.124.137', 1486043154),
(359, 1, 1, 0, '114.125.204.25', 1486106043),
(360, 4, 1, 0, '125.164.138.131', 1486147618),
(361, 1, 1, 0, '114.125.205.38', 1486281885),
(362, 1, 1, 0, '180.251.115.24', 1486632704),
(363, 1, 1, 0, '36.82.92.247', 1486700957),
(364, 1, 1, 0, '180.248.4.71', 1486896216),
(365, 1, 1, 0, '180.253.50.141', 1486962080),
(366, 1, 1, 0, '114.125.168.155', 1487058470),
(367, 1, 1, 0, '125.167.94.176', 1487152771),
(368, 1, 1, 0, '180.254.136.196', 1487391266),
(369, 1, 1, 0, '36.74.109.224', 1487501438),
(370, 1, 1, 0, '120.188.82.72', 1487578383),
(371, 3, 1, 0, '120.188.81.11', 1487603448),
(372, 1, 1, 0, '36.74.126.60', 1487755310),
(373, 2, 1, 0, '107.167.113.129', 1488252836),
(374, 1, 1, 0, '65.49.68.173', 1488417400),
(375, 1, 1, 0, '36.74.120.234', 1488450107),
(376, 4, 1, 0, '202.80.212.44', 1488474137),
(377, 1, 1, 0, '112.215.153.100', 1488486654),
(378, 4, 1, 0, '112.215.45.14', 1488497489),
(379, 4, 1, 0, '36.73.45.136', 1488500292),
(380, 4, 1, 0, '168.235.197.82', 1488500938),
(381, 4, 1, 0, '223.255.229.251', 1488501844),
(382, 4, 1, 0, '8.37.233.113', 1488513666),
(383, 4, 1, 0, '168.235.206.201', 1488529232),
(384, 4, 1, 0, '36.74.38.103', 1488537825),
(385, 4, 1, 0, '120.188.82.29', 1488537932),
(386, 2, 1, 0, '114.125.78.208', 1488613009),
(387, 1, 1, 0, '36.82.94.121', 1488783307),
(388, 3, 1, 0, '125.164.51.174', 1488863711),
(389, 4, 1, 0, '120.188.80.224', 1488921034),
(390, 1, 1, 0, '180.247.215.51', 1488947042),
(391, 3, 1, 0, '112.215.172.211', 1489177699),
(392, 4, 1, 0, '36.78.222.217', 1489199526),
(393, 3, 1, 0, '180.247.144.151', 1489686935),
(394, 1, 1, 0, '180.241.1.81', 1489744211),
(395, 1, 1, 0, '61.5.53.86', 1489996632),
(396, 1, 1, 0, '36.74.70.232', 1489997826),
(397, 1, 1, 0, '114.125.72.232', 1490288413),
(398, 3, 1, 0, '36.85.3.2', 1490334378),
(399, 4, 1, 0, '180.244.134.196', 1490650057),
(400, 1, 1, 0, '180.253.63.58', 1490868927),
(401, 1, 1, 0, '158.140.163.50', 1491064567),
(402, 4, 1, 0, '119.11.149.138', 1491275809),
(403, 1, 1, 0, '114.125.100.2', 1491455235),
(404, 1, 1, 0, '36.74.90.102', 1491811450),
(405, 1, 1, 0, '202.67.41.230', 1491837504),
(406, 1, 1, 0, '202.67.41.231', 1491875289),
(407, 1, 1, 0, '158.140.172.15', 1492862272),
(408, 2, 1, 0, '36.73.240.77', 1493336237),
(409, 1, 1, 0, '125.167.130.66', 1493822800),
(410, 1, 1, 0, '120.188.86.194', 1493862199),
(411, 1, 1, 0, '180.247.74.201', 1494101497),
(412, 1, 1, 0, '125.164.153.118', 1494225354),
(413, 1, 1, 0, '114.125.87.77', 1494312140),
(414, 1, 1, 0, '36.82.125.82', 1494495425),
(415, 1, 1, 0, '36.78.136.94', 1494503240),
(416, 1, 1, 0, '36.74.121.36', 1495030367),
(417, 4, 1, 0, '36.82.95.5', 1495197107),
(418, 1, 1, 0, '107.167.103.23', 1495547199),
(419, 1, 1, 0, '36.74.106.226', 1495702438),
(420, 1, 1, 0, '114.125.87.229', 1495715703),
(421, 4, 1, 0, '8.37.235.205', 1495926784),
(422, 3, 1, 0, '36.74.84.106', 1496002196),
(423, 4, 1, 0, '36.82.101.229', 1496468566),
(424, 2, 1, 0, '114.125.100.245', 1496569921),
(425, 2, 1, 0, '61.94.42.44', 1496610379),
(426, 3, 1, 0, '118.151.220.78', 1497338486),
(427, 1, 1, 0, '36.74.127.117', 1497343241),
(428, 1, 1, 0, '180.246.15.67', 1497409307),
(429, 1, 1, 0, '36.82.89.99', 1497429588),
(430, 1, 1, 0, '114.125.118.25', 1497549450),
(431, 1, 1, 0, '107.167.112.234', 1498006524),
(432, 1, 1, 0, '114.125.202.73', 1498050431),
(433, 4, 1, 0, '115.178.234.147', 1499176727),
(434, 1, 1, 0, '36.79.223.145', 1499180397),
(435, 1, 1, 0, '120.188.73.6', 1499268925),
(436, 1, 1, 0, '114.125.105.221', 1499297175),
(437, 1, 1, 0, '114.125.73.167', 1499629296),
(438, 1, 1, 0, '180.247.185.207', 1499672593),
(439, 1, 1, 0, '114.125.116.100', 1499713949),
(440, 1, 1, 0, '36.74.104.193', 1499776911),
(441, 1, 1, 0, '114.125.105.124', 1499826980),
(442, 1, 1, 0, '180.245.124.174', 1500371894),
(443, 1, 1, 0, '36.74.116.97', 1500373658),
(444, 2, 1, 0, '116.206.33.59', 1500501692),
(445, 1, 1, 0, '125.167.128.35', 1500560621),
(446, 1, 1, 0, '117.54.110.42', 1501037574),
(447, 1, 1, 0, '120.188.6.175', 1501089840),
(448, 1, 1, 0, '114.125.69.251', 1501111878),
(449, 4, 1, 0, '36.82.100.2', 1501135681),
(450, 1, 1, 0, '141.0.8.32', 1501243542),
(451, 4, 1, 0, '107.167.113.16', 1501580430),
(452, 1, 1, 0, '36.85.3.242', 1501648425),
(453, 1, 1, 0, '180.247.188.155', 1501993646),
(454, 1, 1, 0, '36.82.89.42', 1502086039),
(455, 4, 1, 0, '36.82.144.71', 1502160319),
(456, 4, 1, 0, '107.167.99.152', 1502201735),
(457, 1, 1, 0, '114.125.90.102', 1502373828),
(458, 1, 1, 0, '114.4.78.37', 1502470179),
(459, 4, 1, 0, '125.160.237.94', 1502620100),
(460, 1, 1, 0, '36.85.14.65', 1502778068),
(461, 4, 1, 0, '110.139.89.54', 1502787824),
(462, 3, 1, 0, '8.37.225.159', 1503423666),
(463, 3, 1, 0, '114.125.73.194', 1503558779),
(464, 2, 1, 0, '139.194.26.2', 1503634783),
(465, 1, 1, 0, '114.125.104.77', 1505096827),
(466, 1, 1, 0, '114.125.117.216', 1506128781),
(467, 1, 1, 0, '180.248.5.174', 1506251883),
(468, 1, 1, 0, '114.125.118.194', 1506266565),
(469, 3, 1, 0, '120.188.81.27', 1506328741),
(470, 1, 1, 0, '120.188.36.213', 1506358542),
(471, 1, 1, 0, '114.125.105.76', 1506759518),
(472, 1, 1, 0, '114.125.72.129', 1506890711),
(473, 1, 1, 0, '125.167.94.164', 1507200329),
(474, 1, 1, 0, '36.74.11.7', 1507289017),
(475, 1, 1, 0, '114.125.74.30', 1507592393),
(476, 2, 1, 0, '112.215.237.167', 1508229315),
(477, 1, 1, 0, '114.125.116.57', 1509146201),
(478, 1, 1, 0, '8.37.225.74', 1509458230),
(479, 1, 1, 0, '120.188.74.192', 1509582768),
(480, 1, 1, 0, '114.125.200.102', 1509888801),
(481, 2, 1, 0, '202.67.40.200', 1510066119),
(482, 4, 1, 0, '202.80.214.49', 1510650984),
(483, 1, 1, 0, '120.188.77.146', 1510895765),
(484, 1, 1, 0, '36.74.85.156', 1511061526),
(485, 1, 1, 0, '114.125.117.0', 1511108792),
(486, 1, 1, 0, '8.37.235.162', 1511406696),
(487, 4, 1, 0, '120.188.87.85', 1512689149),
(488, 2, 1, 0, '114.125.70.104', 1513081887),
(489, 1, 1, 0, '139.192.223.54', 1513235173),
(490, 1, 1, 0, '125.167.75.188', 1514123525),
(491, 4, 1, 0, '180.253.52.28', 1514131685),
(492, 1, 1, 0, '202.67.41.217', 1514395378),
(493, 1, 1, 0, '120.188.83.84', 1515672469),
(494, 4, 1, 0, '114.125.74.133', 1515775798),
(495, 1, 1, 0, '157.185.130.58', 1515836623),
(496, 1, 1, 0, '141.0.8.94', 1515883967),
(497, 1, 1, 0, '114.125.71.54', 1516051069),
(498, 1, 1, 0, '114.125.87.138', 1516051084),
(499, 1, 1, 0, '114.125.87.158', 1516051119),
(500, 1, 1, 0, '114.125.71.10', 1516051126),
(501, 2, 1, 0, '36.77.180.149', 1516323080),
(502, 4, 1, 0, '36.82.72.152', 1516698551),
(503, 1, 1, 0, '114.125.118.59', 1517397855),
(504, 4, 1, 0, '61.5.122.215', 1517434852),
(505, 1, 1, 0, '114.125.122.72', 1518187569),
(506, 4, 1, 0, '114.124.201.6', 1519015116),
(507, 1, 1, 0, '157.185.130.186', 1519466409),
(508, 4, 1, 0, '114.124.144.115', 1519961263),
(509, 2, 1, 0, '120.188.95.27', 1520688270),
(510, 1, 1, 0, '114.125.70.78', 1520745723),
(511, 3, 1, 0, '36.81.101.9', 1520935985),
(512, 3, 1, 0, '103.10.66.67', 1521370702),
(513, 1, 1, 0, '36.74.9.148', 1521531663),
(514, 1, 1, 0, '114.125.119.24', 1521688765),
(515, 1, 1, 0, '36.74.176.196', 1522301915),
(516, 3, 1, 0, '36.85.53.79', 1522741860),
(517, 3, 1, 0, '36.82.26.53', 1522909972),
(518, 1, 1, 0, '36.81.201.206', 1522918793),
(519, 1, 1, 0, '180.248.31.217', 1523027012),
(520, 1, 1, 0, '180.253.51.39', 1523336419),
(521, 1, 1, 0, '112.215.172.150', 1523351575),
(522, 1, 1, 0, '114.125.104.96', 1523411076),
(523, 1, 1, 0, '114.125.101.190', 1523840014),
(524, 4, 1, 0, '120.188.5.73', 1524353355),
(525, 1, 1, 0, '140.0.148.189', 1525081635),
(526, 1, 1, 0, '114.125.70.103', 1525850949),
(527, 1, 1, 0, '110.138.96.41', 1526709238),
(528, 4, 1, 0, '220.247.172.154', 1526881236),
(529, 1, 1, 0, '36.85.14.245', 1526903974),
(530, 1, 1, 0, '114.125.125.183', 1527128857),
(531, 2, 1, 0, '180.248.1.34', 1528088871),
(532, 1, 1, 0, '182.1.210.143', 1528339226),
(533, 1, 1, 0, '36.85.11.134', 1528359541),
(534, 4, 1, 0, '114.4.213.109', 1528889742),
(535, 1, 1, 0, '120.188.87.105', 1529106680),
(536, 1, 1, 0, '141.0.8.220', 1529328964),
(537, 1, 1, 0, '114.125.104.104', 1529356829),
(538, 2, 1, 0, '141.0.8.209', 1529632558),
(539, 4, 1, 0, '36.85.1.22', 1530430125),
(540, 3, 1, 0, '125.164.32.15', 1530882689),
(541, 1, 1, 0, '182.253.163.52', 1531537024),
(542, 1, 1, 0, '114.124.245.54', 1531765028),
(543, 1, 1, 0, '203.78.118.92', 1531979904),
(544, 4, 1, 0, '43.252.73.86', 1532405425),
(545, 1, 1, 0, '36.82.100.69', 1533190817),
(546, 2, 1, 0, '36.73.169.171', 1533313031),
(547, 1, 1, 0, '120.188.81.58', 1533818848),
(548, 1, 1, 0, '182.1.114.90', 1533916687),
(549, 1, 1, 0, '140.0.95.246', 1534852883),
(550, 1, 1, 0, '139.195.240.253', 1535173675),
(551, 3, 1, 0, '203.142.78.197', 1535433829),
(552, 3, 1, 0, '125.167.48.82', 1535791636),
(553, 1, 1, 0, '182.1.64.83', 1536759742),
(554, 1, 1, 0, '182.1.80.72', 1536759704),
(555, 1, 1, 0, '182.1.82.74', 1536759736),
(556, 1, 1, 0, '182.1.81.211', 1536759741),
(557, 1, 1, 0, '36.79.225.23', 1536804771),
(558, 1, 1, 0, '114.125.127.228', 1536808782),
(559, 1, 1, 0, '182.1.115.118', 1537110968),
(560, 3, 1, 0, '180.248.58.193', 1537111655),
(561, 1, 1, 0, '115.178.252.31', 1537365334),
(562, 3, 1, 0, '36.81.96.6', 1537779852),
(563, 1, 1, 0, '114.125.200.61', 1537873084),
(564, 1, 1, 0, '120.188.36.133', 1538139995),
(565, 2, 1, 0, '114.125.79.113', 1538261819),
(566, 2, 1, 0, '82.145.221.90', 1538649182),
(567, 1, 1, 0, '168.235.198.178', 1538928988),
(568, 4, 1, 0, '120.188.76.54', 1539546020);

-- --------------------------------------------------------

--
-- Struktur dari tabel `profiles`
--

CREATE TABLE `profiles` (
  `user_id` int(11) NOT NULL,
  `lastname` varchar(50) NOT NULL DEFAULT '',
  `firstname` varchar(50) NOT NULL DEFAULT ''
) ENGINE=InnoDB DEFAULT CHARSET=utf8;

--
-- Dumping data untuk tabel `profiles`
--

INSERT INTO `profiles` (`user_id`, `lastname`, `firstname`) VALUES
(1, 'Admin', 'Administrator'),
(3, 'Online', 'Bangsa'),
(16, 'anwar', 'choirul'),
(21, 'Alseena', 'Nisa'),
(23, 'Maulana', 'Inyong'),
(24, 'Giti ISwara', 'Willis'),
(25, 'adila', 'fekie'),
(27, 'Prayitno', 'Hadi'),
(28, 'prima', 'mitra'),
(29, 'zainuri', 'sodiq'),
(30, 'rosadi', 'muhamad didi'),
(31, 'susanto', 'irwan'),
(32, 'Cuakev', 'Mas'),
(33, 'adnan', 'masud'),
(34, 'dharma', 'sufi'),
(35, 'azmi', 'ulul'),
(36, 'mukmin', 'nasrul'),
(37, 'tatum', 'bani'),
(38, 'bima', 'adil'),
(39, 'rossion', 'imam'),
(40, 'Rhoziq', 'Muhammad'),
(41, 'wibowo', 'Akaruniawan'),
(42, 'pramukantoro', 'agus'),
(43, 'romadhoni', 'sahrul'),
(45, 'musyafa', 'musyafa'),
(46, 'Saifuddin', 'Muhammad'),
(47, 'irwandi', 'mohamad'),
(48, 'JOENOES', 'WARNAEDY'),
(49, 'nurudin', 'muchamad'),
(50, 'vickgosisw', 'vickgo'),
(51, 'erna', 'christian'),
(52, 'erna', 'novita'),
(53, 'pertiwi', 'dewa'),
(54, 'beni', 'beni'),
(55, 'Dallif', 'Tubagus'),
(56, 'jaelany', 'mohamet'),
(57, 'julian', 'fani'),
(58, 'soejono', 'Mohamad '),
(59, 'dahland', 'iskandar'),
(60, 'dahland', 'iskandar'),
(61, 'Musa', 'Abdulhamid'),
(62, 'buruh', 'aktifis'),
(63, 'sleneng', 'muhyidin'),
(64, 'widarto', 'widarto'),
(65, 'Purwanto', 'andik'),
(66, 'Yodha', 'Aditya Mahatva'),
(67, 'fandi', 'ahmad fandi widianto'),
(68, 'Manurung', 'Patricia'),
(69, 'syaifudin', 'nur'),
(70, 'FansClub', 'Ardiyanto'),
(71, 'ubaidah', 'abdurrahman'),
(72, 'makmun', 'sukron'),
(73, 'anasthasia', 'ferly'),
(74, 'jaya', 'yitno'),
(75, 'Cahyono', 'Tony'),
(76, 'Wahyono', 'Sukman'),
(77, 'Wiyono', 'Ahmad'),
(78, 'Supriati', 'Lilis'),
(80, 'Vanmal', 'Gions'),
(81, 'beauty', 'ella'),
(82, 'nanang', 'mas'),
(83, 'Sundari', 'Wiwik'),
(84, 'Maulana', 'Raffy'),
(85, 'doclo', 'john'),
(86, 'HIDAYAT', 'DHARMA'),
(87, 'muda', 'toha'),
(88, 'suntoro joko pranoto', 'suntoro'),
(89, 'ilmi', 'alfaqir'),
(90, 'Tanjung', 'Maria'),
(91, 'zaenal syafi\'i', 'mochamad'),
(92, 'usb', 'bem'),
(93, 'azhar smg tgh', 'azharsmg'),
(94, 'fredoom', 'Gung Anom'),
(95, 'Muhdar', 'Ahmad'),
(96, 'champread', 'champ'),
(97, 'kimi', 'aku'),
(98, 'Mas\'ud', 'Rofiq'),
(99, 'supri', 'agus'),
(100, 'syarif', 'hafidz'),
(101, 'tour', 'bromoguide'),
(102, 'Afkar', 'Revol'),
(103, 'triyoga', 'rino'),
(104, 'santoso', 'kelik'),
(106, 'lovemom', 'Aditya'),
(107, 'Pane', 'Azmi'),
(108, 'irfan', 'caq '),
(109, 'fiero', 'raaf'),
(110, 'roziq', 'kang'),
(111, 'masrukhan', 'deny'),
(112, 'Klampokan', 'Baldes'),
(113, 'saleh', 'nurhaeda'),
(114, 'Afra', 'Mas'),
(115, 'firmansyah', 'luthfi'),
(116, 'firmansyah', 'luthfi'),
(117, 'firmansyah', 'luthfi'),
(118, 'mardiono', 'tantri'),
(119, 'banowati', 'nanik'),
(120, 'sumijan', 'mijan'),
(121, 'Eros', 'Rosyadi'),
(122, 'kapoor', 'suraj'),
(123, 'Advertising', 'Simpati'),
(124, 'triyono', 'heru'),
(125, 'tesa', 'raka'),
(126, 'budi', 'buceng'),
(127, 'prasetyo', 'hendro'),
(128, 'Utomo', 'Hendro'),
(129, 'utomo', 'Hendro'),
(130, '1897', 'Juventini'),
(131, 'dino', 'hey'),
(132, 'putro', 'dwi'),
(133, 'putro', 'hendro'),
(134, 'mindsick', 'nyin'),
(135, 'yes', 'ucup'),
(136, 'sadar', 'Rekam'),
(137, 'arpas', 'niezam'),
(138, 'Muddassir', 'Fathur Rohman'),
(141, 'anshori', 'mohammad'),
(143, 'Adi Hartono', 'adih82@yahoo.com'),
(144, 'triwidianto', 'arip'),
(145, 'Fanani', 'Mochamad Farido'),
(146, 'arifin', 'bustanul'),
(147, 'brian', 'bron'),
(148, 'anam', 'syaiful'),
(149, 'admadi', 'bambang'),
(150, 'Irawan', 'Adeng Septi '),
(151, 'tristoria', 'nike fasluky'),
(152, 'bwso777', 'wahyu'),
(153, 'yahdi', 'islamiyah'),
(154, 'tiani', 'helena'),
(155, 'Sari', 'Yekti Indriana '),
(156, 'AHMADIYAH', 'JEFRI'),
(157, 'angklung', 'markus'),
(158, 'mahfud', 'ali'),
(159, 'rohman', 'abdul'),
(160, 'iman', 'Arian'),
(161, 'Riza', 'Ahmad'),
(162, 'hartanto', 'satrio'),
(163, 'jay', 'bang'),
(164, 'unirow', 'mahasiswa'),
(165, 'ratna', 'indah'),
(166, 'Nimas', 'Nafi\'ah'),
(167, 'Sandal', 'Kiddrock'),
(168, 'hakim', 'wardana'),
(169, 'ana', 'yuli'),
(170, 'ringan murah', 'atap baja'),
(171, 'huzen', 'idris hisbullah'),
(172, 'Yahya', 'Wahyu Nur'),
(173, 'shomad', 'abdus'),
(174, 'Wijaya', 'Mukhlis'),
(175, 'kholil', 'mat'),
(176, 'Vindi', 'Rahayu'),
(177, 'JABAL QUBAIS TOUR AND TRAVEL', 'jabal qubais'),
(178, 'Nasir', 'Mohamad'),
(179, 'Silvia', 'Izzah'),
(182, 'masgun', 'sukanto'),
(183, 'lucu', 'dono'),
(184, 'kencono', 'haryang'),
(185, 'Irwanto', 'Yudi'),
(186, 'Chan', 'Machfudz'),
(187, 'hisyam', 'ali'),
(188, 'sepriyadi', 'yusfi wawan'),
(189, 'munawir08', 'imam'),
(190, 'syofiah', 'offy'),
(191, 'survey', 'Somantri'),
(192, 'asfaq', 'hudan dardiri'),
(193, 'nov', 'anatasia'),
(194, 'muhyi', 'muhyi'),
(195, 'wibisono', 'aldi'),
(196, 'Joni Fauzi', 'Moch'),
(197, 'Saputra', 'Teguh Firman'),
(198, 'auliyah', 'dina'),
(199, 'suzuki', 'jimmy'),
(200, 'mubarok', 'husni'),
(201, 'rumakat', 'achmad husein'),
(202, 'sms', 'JaKs'),
(203, 'ashari', 'subhan'),
(204, 'utami', 'nurul'),
(205, 'kura', 'kembet'),
(206, 'widiatmoko', 'sigit'),
(207, 'nuri', 'diah'),
(208, 'Mulyana', 'Ahmad'),
(209, 'rouf', 'abdur rouf'),
(210, 'Pramesti', 'Cory'),
(211, 'anwar', 'khoirul'),
(212, 'syakur', 'abdul'),
(213, 'pratomo', 'bexar'),
(214, 'salman', 'salman'),
(216, 'muiz', 'tafuzi'),
(217, 'Makky', 'Zaflaa'),
(218, 'Jombang', 'HMI'),
(219, 'Usman', 'Faqih'),
(220, 'Adi Sujarwo', 'Adi'),
(221, '\'Aiin', 'Hurun'),
(222, 'R. Azizi', 'Muhammad'),
(223, 'ubeidillah', 'adityafirza'),
(224, 'Abdul Haq', 'Ahmad'),
(225, 'kaltara', 'sahar'),
(229, 'Suhermanto', 'Hanny'),
(230, 'armedian', 'rozaq'),
(231, 'anwar', 'edi daenuri'),
(232, 'arifin', 'arifin'),
(267, 'fajar', 'ibnu'),
(268, 'Arianto', 'Yudi'),
(269, 'daniarto', 'rizki');

-- --------------------------------------------------------

--
-- Struktur dari tabel `profiles_fields`
--

CREATE TABLE `profiles_fields` (
  `id` int(10) NOT NULL,
  `varname` varchar(50) NOT NULL,
  `title` varchar(255) NOT NULL,
  `field_type` varchar(50) NOT NULL,
  `field_size` varchar(15) NOT NULL DEFAULT '0',
  `field_size_min` varchar(15) NOT NULL DEFAULT '0',
  `required` int(1) NOT NULL DEFAULT '0',
  `match` varchar(255) NOT NULL DEFAULT '',
  `range` varchar(255) NOT NULL DEFAULT '',
  `error_message` varchar(255) NOT NULL DEFAULT '',
  `other_validator` varchar(5000) NOT NULL DEFAULT '',
  `default` varchar(255) NOT NULL DEFAULT '',
  `widget` varchar(255) NOT NULL DEFAULT '',
  `widgetparams` varchar(5000) NOT NULL DEFAULT '',
  `position` int(3) NOT NULL DEFAULT '0',
  `visible` int(1) NOT NULL DEFAULT '0'
) ENGINE=InnoDB DEFAULT CHARSET=utf8;

--
-- Dumping data untuk tabel `profiles_fields`
--

INSERT INTO `profiles_fields` (`id`, `varname`, `title`, `field_type`, `field_size`, `field_size_min`, `required`, `match`, `range`, `error_message`, `other_validator`, `default`, `widget`, `widgetparams`, `position`, `visible`) VALUES
(1, 'lastname', 'Last Name', 'VARCHAR', '50', '3', 1, '', '', 'Incorrect Last Name (length between 3 and 50 characters).', '', '', '', '', 1, 3),
(2, 'firstname', 'First Name', 'VARCHAR', '50', '3', 1, '', '', 'Incorrect First Name (length between 3 and 50 characters).', '', '', '', '', 0, 3);

-- --------------------------------------------------------

--
-- Struktur dari tabel `rights`
--

CREATE TABLE `rights` (
  `itemname` varchar(64) NOT NULL,
  `type` int(11) NOT NULL,
  `weight` int(11) NOT NULL
) ENGINE=InnoDB DEFAULT CHARSET=latin1;

-- --------------------------------------------------------

--
-- Struktur dari tabel `running_news`
--

CREATE TABLE `running_news` (
  `id` int(11) NOT NULL,
  `running_name` varchar(100) NOT NULL,
  `running_title` varchar(100) NOT NULL
) ENGINE=InnoDB DEFAULT CHARSET=latin1;

--
-- Dumping data untuk tabel `running_news`
--

INSERT INTO `running_news` (`id`, `running_name`, `running_title`) VALUES
(1, 'Momon', ''),
(2, 'Speak', ''),
(3, 'pipa', ''),
(4, 'pipo', ''),
(5, 'Jokowi Naik Pitam', ''),
(6, '5', ''),
(7, 'Jokowow', ''),
(8, 'running_name', ''),
(9, 'Saudara', ''),
(10, 'Lumajang Berdendang', ''),
(11, 'HUT Harian Bangsa', ''),
(12, 'Surabaya Luar Biasa', ''),
(13, 'Running Kategori 4', ''),
(14, 'Sub Berita pagin', ''),
(15, 'Tasyakuran HUT ke-14 HARIAN BANGSA', 'Tasyakuran HUT ke-14 HARIAN BANGSA'),
(16, 'sambang-desa', 'Sambang Desa'),
(17, '15-siswa-smk-di-mojokerto-dicoret-ikut-unas', '15 Siswa SMK di Mojokerto Dicoret Ikut Unas'),
(18, 'persiapan-dindik-jatim-jelang-un', 'Persiapan Dindik Jatim Jelang UN'),
(19, 'derita-mantan-petani-di-bojonegoro', 'Derita Mantan Petani Di Bojonergoro'),
(20, 'bungkam-milan', 'Bungkam Milan'),
(21, 'korupsi-gedung-bea-cukai-jatim', 'Korupsi Gedung Bea Cukai Jatim'),
(22, 'bupati-lumajang', 'Buptai Lumajang'),
(23, 'polres-pamer', 'Polres Pamer'),
(24, 'nana-caleg', 'nana caleg'),
(25, 'kesbang-jember', 'Kesbang Jember'),
(26, 'pedagang-pasar', 'Pedagang Pasar'),
(27, 'nyaris-mirip-sama-dengan-uang-asli', 'Nyaris Mirip Sama dengan Uang Asli '),
(28, 'perebaya-bonek', 'Perebaya bonek'),
(29, 'timnas-indonesia', 'Timnas Indonesia'),
(30, 'resepsi-hut-ke-14-harian-bangsa', 'resepsi-hut-ke-14-harian-bangsa'),
(31, 'kereta-api', 'Kereta Api'),
(32, 'kpu-probolinggo', 'KPU PROBOLINGGO'),
(33, 'mayat-perempuan-dalam-drum', 'mayat perempuan dalam drum'),
(34, 'tewasnya-janda-di-kediri-terungkap', 'Tewasnya Janda di Kediri Terungkap'),
(35, 'penyelundupan-sabu-lewat-juanda-digagalkan', 'Penyelundupan Sabu Lewat Juanda Digagalkan'),
(36, 'korupsi-bjb-surabaya-rp-58-m', 'korupsi-bjb-surabaya-rp-58-m'),
(37, 'pr-iii-rebut-mik-dan-tendang-mahasiswa', 'PR III Rebut Mik dan Tendang Mahasiswa'),
(38, 'wacana-poltek-kediri-jadi-ptn', 'wacana Poltek Kediri jadi PTN'),
(39, 'bandar-udara', 'Bandar Udara '),
(40, 'kecelakaan-lumajang', 'Kecelakaan Lumajang'),
(41, 'uniba-tiutup', 'Uniba Tiutup'),
(42, 'nasdem-partai', 'nasdem partai'),
(43, 'pengadilan-bondowoso', 'pengadilan bondowoso'),
(44, 'banyuwangi-anas', 'banyuwangi-anas'),
(45, 'panwaslu-mojokerto', 'Panwaslu Mojokerto'),
(46, 'bupati-mojokerto', 'Bupati Mojokerto'),
(47, 'industri-ngajuk', 'Industri ngajuk'),
(48, 'kantor-desa', 'Kantor Desa'),
(49, 'kediri-smartfrend', 'Kediri smartfrend'),
(50, 'kantor-lurah', 'kantor lurah'),
(51, 'japung-surabaya', 'Japung Surabaya'),
(52, 'apk-satpol', 'APK satpol'),
(53, 'siswa-miskin', 'siswa miskin'),
(54, 'ssc-japung', 'SSC Japung'),
(55, 'pks-surabaya', 'PKS Surabaya'),
(56, 'pkb-kampanye', 'PKB Kampanye'),
(57, 'japung-pemot', 'Japung Pemot'),
(58, 'pelajar-thailand', 'Pelajar Thailand'),
(59, 'kemkominfo-pemilih', 'Kemkominfo pemilih'),
(60, 'unas-tuban', 'Unas Tuban'),
(61, 'k2-mojokerto', 'K2 Mojokerto'),
(62, 'panwaslu-banyuwangi', 'panwaslu banyuwangi'),
(63, 'demo-ppk', 'Demo PPK'),
(64, 'liga-champions', 'Liga Champions'),
(65, 'pemeriksaan-senpi', 'Pemeriksaan Senpi'),
(66, 'unjukrasa-pmii', 'Unjukrasa PMII'),
(67, 'umkm-surabaya', 'UMKM Surabaya'),
(68, 'hari-air-internasional', 'Hari Air Internasional'),
(69, 'pmii-unjukrasa', 'PMII Unjukrasa'),
(70, 'erosi-kali-marmoyo', 'Erosi Kali Marmoyo'),
(71, 'korupsi-perdin', 'Korupsi Perdin'),
(72, 'erosi-kali-di-mojokerto', 'erosi kali di Mojokerto'),
(73, 'puting-beliung', 'puting beliung'),
(74, 'pns-k2', 'PNS K2'),
(75, 'tragedi-perampokan-pegadaian-yang-diotaki-orang-dalam', 'Tragedi Perampokan Pegadaian yang Diotaki Orang Dalam'),
(76, 'bahwa-keberadaan-mini-bar-dan-tempat-karaoke-ilegal-milik-yulianto-bisa-aman', 'bahwa keberadaan mini bar dan tempat karaoke ilegal milik Yulianto bisa aman'),
(77, 'sehingga-bisa-eksis-selama-dua-tahun', 'sehingga bisa eksis selama dua tahun'),
(78, 'karena-ada-oknum-pns-pegawai-negeri-sipil-dan-thl-pegawai-harian-lepas-yang-bertugas-selaku-penegak-', ''),
(79, 'karena-ada-oknum-pns-di-pemkab-yang-membeckingi', 'karena ada oknum PNS di pemkab yang membeckingi'),
(80, 'bukti-kalau-tempat-hiburan-ilegal-itu-dibeckingi-oknum-aparatur-pemkab-gresik', 'Bukti kalau tempat hiburan ilegal itu dibeckingi oknum aparatur Pemkab Gresik'),
(81, 'setiap-akan-dilakukan-razia', 'setiap akan dilakukan razia'),
(82, 'selalu-bocor-sehingga', 'selalu bocor. Sehingga'),
(83, 'petugas-yang-lakukan-razia-tidak-pernah-menemukan-barang-bukti-miras-jadi-begini-modusnya-jika-akan-', ''),
(84, 'oknum-pns-itu-kontak-pemilik-mini-bar-agar-semua-miras-disingkirkan-makanya', 'oknum PNS itu kontak pemilik mini bar agar semua miras disingkirkan. Makanya'),
(85, 'petugas-tidak-pernah-menemukan-miras-saat-razia', 'petugas tidak pernah menemukan miras saat razia'),
(86, 'darmawan-dan-kasi-binum-pembinaan-umum-dan-pengembangan-kapasitas', 'Darmawan dan Kasi Binum (Pembinaan Umum) dan Pengembangan Kapasitas'),
(87, 'agung-endro-karena-itu', 'Agung Endro. Karena itu'),
(88, 'pihaknya-sekarang-tengah-mengembangkan-informasi-tersebut-ya-benar', 'pihaknya sekarang tengah mengembangkan informasi tersebut. Ya benar'),
(89, 'saya-juga-mendapatkan-informasi-seperti-itu-makanya-tengah-kami-selidiki', 'saya juga mendapatkan informasi seperti itu. Makanya tengah kami selidiki'),
(90, 'pemkab-gresik-tutup-paksa-mini-bar-ilegal', 'Pemkab Gresik Tutup Paksa Mini Bar Ilegal'),
(91, 'aksi-damai-panwascam-se-kabupaten-sumenep', 'Aksi Damai Panwascam se-Kabupaten Sumenep'),
(92, 'minimarket-bondowoso', 'Minimarket Bondowoso'),
(93, 'bbm-masalembu', 'BBM Masalembu'),
(94, 'petani-bentul', 'Petani Bentul'),
(95, 'kabel-optik', 'Kabel Optik'),
(96, 'penyeberangan-ketapang', 'Penyeberangan Ketapang'),
(97, 'laka-lantas', 'LAKA LANTAS'),
(98, 'rencana-beroperasinya-bandara-trunojoyo-sumenep', 'Rencana Beroperasinya Bandara Trunojoyo Sumenep'),
(99, 'mui-lumajang', 'MUI Lumajang'),
(100, 'banyuwangi-dpk', 'Banyuwangi DPK'),
(101, 'wisata-industri', 'Wisata Industri'),
(102, 'hendak-dikirim-ke-surabaya', 'Hendak Dikirim ke Surabaya'),
(103, 'coblosan-kurang-17-hari', 'Coblosan Kurang 17 Hari'),
(104, 'banyuwangi-cabai', 'banyuwangi cabai'),
(105, 'panwaslu-pela', 'panwaslu pela'),
(106, 'kades-langgar', 'kades langgar'),
(107, 'jember-kpu', 'Jember Kpu'),
(108, 'aset-jember', 'ASet Jember'),
(109, 'penghargaan-wtp', 'Penghargaan WTP'),
(110, 'ketua-dprd', 'Ketua DPRD'),
(111, 'kriminalitas', 'kriminalitas'),
(112, 'kampanye-pemilu', 'Kampanye Pemilu'),
(113, 'pelantikan-ketua-dprd', 'Pelantikan Ketua DPRD '),
(114, 'penjualan-aset-pemkab', 'Penjualan Aset Pemkab'),
(115, 'kpu-jember', 'KPU Jember'),
(116, 'pelanggaran-kampanye', 'Pelanggaran Kampanye'),
(117, 'panwaslu-lumajang', 'Panwaslu Lumajang'),
(118, 'produk-pertanian', 'Produk Pertanian'),
(119, 'hearing-k2-di-mojokerto', 'hearing-k2-di-mojokerto'),
(120, 'usai-pesta-ss', 'Usai Pesta SS'),
(121, 'panwaslu-dinilai-tak-berdaya', 'Panwaslu Dinilai Tak Berdaya'),
(122, 'temuan-bayi-di-sumenep', 'Temuan Bayi di Sumenep'),
(123, 'konferensi-ulama-internasional-di-ponpes-salafiyah-syafiiyah-sukorejo', 'Konferensi Ulama Internasional di Ponpes Salafiyah-Syafiiyah Sukorejo'),
(124, 'ditentang-gp-ansor-sidoarjo', 'Ditentang GP Ansor Sidoarjo'),
(125, 'air-pdam-mampet', 'air pdam mampet'),
(126, 'korupsi-bank-jatim-dan-bank-jabar', 'Korupsi Bank Jatim dan Bank Jabar'),
(127, 'mafia-un-berkeliaran', 'Mafia UN Berkeliaran'),
(128, 'avanza-vs-ka-di-bojonegoro', 'Avanza vs KA di Bojonegoro'),
(129, 'dugaan-korupsi-alkes-di-rs-gambiran', 'dugaan korupsi alkes di RS Gambiran'),
(130, 'dugaan-korupsi-di-rs-gambiran', 'dugaan korupsi di RS Gambiran'),
(131, 'dugaan-korupsi-rs-gambiran', 'dugaan korupsi RS Gambiran'),
(132, 'laporan-pileg', 'laporan pileg'),
(133, 'tanpa-sosialisasi-raih-suara-tinggi', 'Tanpa Sosialisasi Raih Suara Tinggi'),
(134, 'kpu-jatim-gelar-penghitungan-suara', 'KPU Jatim Gelar Penghitungan Suara'),
(135, 'pemilu-ulang-batal-digelar', 'Pemilu Ulang Batal Digelar'),
(136, 'atm-bank-muamalat-dibobol-rp-379-juta', 'ATM Bank Muamalat Dibobol Rp 379 Juta'),
(137, 'tips-dan-trik', 'tips-dan-trik'),
(138, 'tafsir-aktual-surat-al-rad', 'tafsir aktual surat al-Rad'),
(139, 'gempa-kedunglo', 'Gempa Kedunglo'),
(140, 'pelanggaran-pemilu-di-sampang-terus-diungkap', 'Pelanggaran Pemilu di Sampang terus Diungkap'),
(141, 'kerap-nonton-video-porno', 'Kerap Nonton Video Porno'),
(142, '45-anggota-dewan-kembalikan-uang-bimtek', '45 Anggota Dewan Kembalikan Uang Bimtek'),
(143, 'penyelundupan-shabu-di-bandara-juanda', 'Penyelundupan Shabu di Bandara Juanda'),
(144, 'peringatan-delapan-tahun-semburan-lumpur-lapindo', 'Peringatan Delapan Tahun Semburan Lumpur Lapindo'),
(145, 'mengembalikan-kejayaan-unsuri', 'Mengembalikan Kejayaan Unsuri'),
(146, 'mengembalikan-kejayaan-unsuri-unsuri-2', 'Mengembalikan Kejayaan Unsuri Unsuri (2)'),
(147, 'jelang-penutupan-lokalisasi-dolly', 'Jelang Penutupan Lokalisasi Dolly'),
(148, 'jelang-piala-dunia-2014', 'Jelang Piala Dunia 2014'),
(149, 'penjual-nasgor-tewas-tertusuk', 'Penjual Nasgor Tewas Tertusuk'),
(150, 'terkait-pemilihan-ketua-stkip-bangkalan', 'Terkait Pemilihan Ketua STKIP Bangkalan'),
(151, 'piala-dunia-grup-h', 'Piala Dunia Grup H'),
(152, 'piala-dunia-grup-a', 'PIALA DUNIA GRUP A'),
(153, 'penutupan-lokalisasi-dolly-dan-jarak', 'Penutupan Lokalisasi Dolly dan Jarak'),
(154, 'piala-dunia-grup-b', 'PIALA DUNIA GRUP B'),
(155, 'piala-dunia-grup-f', 'Piala Dunia Grup F'),
(156, 'piala-dunia-grup-e', 'Piala Dunia Grup E'),
(157, 'masjid-bersejarah', 'masjid-bersejarah'),
(158, 'hari-ini-coblosan-pilpres-2014', 'Hari Ini Coblosan Pilpres 2014'),
(159, 'pesta-demokrasi-memilih-presiden-dan-wakil-presiden', 'Pesta Demokrasi Memilih Presiden dan Wakil Presiden'),
(160, 'menjelang-lebaran-2014', 'Menjelang Lebaran 2014'),
(161, 'mudik-lebaran-menuju-kampung-halaman', 'Mudik Lebaran Menuju Kampung Halaman'),
(162, 'arus-mudik-lebaran-2014', 'Arus Mudik Lebaran 2014'),
(163, 'waspadai-gerakan-isis-di-indonesia', 'Waspadai Gerakan ISIS di Indonesia'),
(164, 'isis', 'isis'),
(165, 'sepak-terjang-isis', 'sepak-terjang-isis'),
(166, 'manchester-united', 'Manchester United'),
(167, 'cegah-isis-kembangkan-sayap-di-indonesia', 'Cegah ISIS Kembangkan Sayap di Indonesia'),
(168, 'muktamar-pkb', 'muktamar-pkb'),
(169, 'sidang-sengketa-pilpres', 'Sidang Sengketa Pilpres'),
(170, 'sidang-kasus-korupsi-hambalang', ' Sidang Kasus Korupsi Hambalang'),
(171, 'upacara-hari-kemerdekaan-ri-ke-69', 'Upacara Hari Kemerdekaan RI ke-69'),
(172, 'buru-pelaku-perampokan-di-garasi', 'Buru Pelaku Perampokan di Garasi'),
(173, 'geliat-dprd-sidoarjo-2014-2019-usai-resmi-huni-gedung-dewan', 'Geliat DPRD Sidoarjo 2014-2019 Usai Resmi Huni Gedung Dewan'),
(174, 'geliat-anggota-dprd-sidoarjo-2014-2019-usai-resmi-huni-gedung-dewan', 'Geliat Anggota DPRD Sidoarjo 2014-2019 Usai Resmi Huni Gedung Dewan'),
(175, 'ushuluddin', 'ushuluddin'),
(176, 'laga-ujicoba-timnas-indonesia-lawan-malaysia', 'Laga Ujicoba Timnas Indonesia Lawan Malaysia'),
(177, 'laga-uji-coba-timnas-indonesia-lawan-malaysia', 'Laga Uji Coba Timnas Indonesia Lawan Malaysia'),
(178, 'unsur-pimpinan-dprd-surabaya-dilantik', 'Unsur Pimpinan DPRD Surabaya Dilantik'),
(179, 'pembongkaran-setail-batal', 'Pembongkaran Setail Batal'),
(180, 'syahrini', 'Syahrini'),
(181, 'mayang', 'Mayang'),
(182, 'mayang-wni-korban-mutilasi-di-australia', 'Mayang WNI Korban Mutilasi di Australia'),
(183, 'soft-launching-dinilai-abal-abal', 'Soft Launching Dinilai Abal-abal '),
(184, 'kasus-fee-proyek-infrastruktur', 'Kasus Fee Proyek Infrastruktur'),
(185, 'berdayakan-paud-di-bumi-mojopahit', 'Berdayakan PAUD di Bumi Mojopahit'),
(186, 'festival-budaya-banyuwangi', 'festival budaya banyuwangi'),
(187, 'provinsi-madura', 'Provinsi Madura'),
(188, 'ipnu', 'IPNU'),
(189, 'lahan-garam', 'lahan garam'),
(190, 'janjikan-pekerjaan-satpam', 'janjikan pekerjaan satpam '),
(191, 'membongkar-carut-marut-aktivitas-kendaraan-besar-di-gresik4habis', 'Membongkar Carut Marut Aktivitas Kendaraan Besar di Gresik(4/habis).'),
(192, 'menakar-cabup-cawabup-pilkada-gresik-2020-4', 'Menakar Cabup-Cawabup Pilkada Gresik 2020 (4)'),
(193, 'pemkab-pacitan-pariwisata', 'pemkab-pacitan-pariwisata'),
(194, 'beasiswa-prestasi', 'beasiswa prestasi'),
(195, 'seleksi-prestasi-uinsa-surabaya', 'seleksi-prestasi-UINSA-Surabaya'),
(196, 'perjuangkan-keadilan-karyawan-temui-gus-ipul', 'perjuangkan-keadilan-karyawan-temui-gus ipul '),
(197, 'cuaca-ikan-nelayan-pacitan', 'cuaca-ikan-nelayan-pacitan'),
(198, 'dubes-ceko', 'dubes ceko '),
(199, 'dprd-pasuruan-fraksi-demokrat', 'DPRD-Pasuruan-Fraksi-Demokrat'),
(200, 'lazizn', 'lazizn  '),
(201, 'tenis', 'tenis '),
(202, 'pacitan', 'pacitan'),
(203, 'pendidikan', 'pendidikan'),
(204, 'bakalan', 'bakalan'),
(205, 'mahasiswa-bangkalan', 'mahasiswa bangkalan'),
(206, 'nganjuk', 'nganjuk'),
(207, 'jombang', 'jombang'),
(208, 'pilgub', 'pilgub'),
(209, 'petrokimia-gresik', 'petrokimia-gresik'),
(210, 'keracunan-massal-di-doko', 'Keracunan massal di Doko');

-- --------------------------------------------------------

--
-- Struktur dari tabel `running_news_relationship`
--

CREATE TABLE `running_news_relationship` (
  `post_id` int(11) NOT NULL,
  `running_id` int(11) NOT NULL
) ENGINE=InnoDB DEFAULT CHARSET=latin1;

--
-- Dumping data untuk tabel `running_news_relationship`
--

INSERT INTO `running_news_relationship` (`post_id`, `running_id`) VALUES
(131, 17),
(140, 18),
(170, 19),
(171, 19),
(172, 19),
(234, 22),
(278, 23),
(280, 24),
(281, 25),
(283, 26),
(289, 27),
(296, 28),
(323, 29),
(325, 30),
(327, 30),
(341, 31),
(344, 30),
(349, 32),
(351, 33),
(373, 34),
(407, 35),
(413, 36),
(415, 37),
(416, 36),
(421, 38),
(423, 36),
(427, 39),
(428, 40),
(429, 41),
(430, 42),
(526, 70),
(538, 73),
(540, 74),
(549, 75),
(550, 90),
(575, 91),
(589, 92),
(590, 93),
(593, 94),
(594, 95),
(596, 96),
(600, 39),
(601, 97),
(608, 98),
(737, 119),
(742, 119),
(745, 119),
(765, 120),
(924, 124),
(1072, 126),
(1073, 127),
(1115, 128),
(1188, 129),
(1190, 130),
(1193, 131),
(1240, 132),
(1358, 133),
(1515, 134),
(1517, 135),
(1694, 136),
(1737, 137),
(1738, 137),
(1739, 137),
(1741, 137),
(1743, 137),
(1745, 137),
(1747, 137),
(1763, 138),
(2052, 139),
(2062, 140),
(2115, 141),
(2195, 142),
(2316, 143),
(2465, 144),
(2471, 144),
(2472, 144),
(2473, 144),
(2474, 144),
(2519, 145),
(2539, 146),
(2572, 145),
(2614, 145),
(2616, 147),
(2620, 148),
(2677, 149),
(2746, 150),
(2888, 153),
(2889, 153),
(2890, 151),
(2891, 152),
(2892, 151),
(2896, 153),
(2921, 154),
(2922, 152),
(3022, 155),
(3023, 156),
(3155, 157),
(3156, 157),
(3157, 157),
(3158, 157),
(3159, 157),
(3165, 157),
(3193, 157),
(3211, 157),
(3239, 157),
(3306, 159),
(3307, 159),
(3308, 159),
(3309, 159),
(3310, 159),
(3312, 159),
(3324, 157),
(3325, 157),
(3331, 157),
(3342, 157),
(3361, 157),
(3373, 157),
(3455, 157),
(3516, 160),
(3530, 157),
(3570, 157),
(3574, 157),
(3700, 165),
(3711, 161),
(3712, 162),
(3721, 161),
(3722, 161),
(3763, 165),
(3764, 165),
(3769, 165),
(3770, 165),
(3771, 165),
(3774, 165),
(3779, 165),
(3781, 165),
(3790, 165),
(3791, 165),
(3792, 165),
(3794, 165),
(3819, 165),
(3826, 165),
(3838, 165),
(3857, 165),
(3860, 163),
(3862, 165),
(3863, 165),
(3864, 165),
(3872, 165),
(3876, 165),
(3893, 165),
(3895, 165),
(3898, 165),
(3904, 166),
(3905, 167),
(3907, 165),
(3925, 165),
(3926, 165),
(3929, 165),
(3945, 168),
(3959, 165),
(3971, 165),
(3983, 165),
(3990, 168),
(3993, 165),
(3995, 165),
(4004, 165),
(4029, 169),
(4040, 165),
(4054, 170),
(4074, 165),
(4119, 165),
(4120, 165),
(4128, 171),
(4164, 172),
(4178, 165),
(4184, 165),
(4282, 174),
(4285, 174),
(4362, 165),
(4474, 168),
(4492, 168),
(4496, 168),
(4534, 175),
(4559, 175),
(4901, 177),
(4904, 177),
(4908, 177),
(4915, 177),
(5015, 178),
(5066, 179),
(5251, 180),
(5658, 182),
(5683, 183),
(6348, 184),
(6357, 185),
(6375, 186),
(21490, 188),
(24763, 190),
(32452, 196),
(32534, 200),
(32786, 206),
(32787, 207),
(38575, 208),
(42068, 210);

-- --------------------------------------------------------

--
-- Struktur dari tabel `setting`
--

CREATE TABLE `setting` (
  `id` int(50) NOT NULL,
  `nama` varchar(225) NOT NULL,
  `tipe` varchar(225) NOT NULL,
  `value` varchar(225) NOT NULL,
  `gambar` varchar(225) NOT NULL,
  `url` varchar(225) DEFAULT NULL,
  `subtitle` varchar(225) DEFAULT NULL
) ENGINE=InnoDB DEFAULT CHARSET=latin1;

--
-- Dumping data untuk tabel `setting`
--

INSERT INTO `setting` (`id`, `nama`, `tipe`, `value`, `gambar`, `url`, `subtitle`) VALUES
(1, 'polling', 'banner polling', '2', 'e3583-banner-polling.jpg', '#', 'Test Subtitle Polling');

-- --------------------------------------------------------

--
-- Struktur dari tabel `tag`
--

CREATE TABLE `tag` (
  `id` int(11) NOT NULL,
  `tag_name` varchar(100) NOT NULL,
  `tag_title` varchar(100) NOT NULL
) ENGINE=InnoDB DEFAULT CHARSET=latin1;

--
-- Dumping data untuk tabel `tag`
--

INSERT INTO `tag` (`id`, `tag_name`, `tag_title`) VALUES
(5, 'mencari-suami', 'Mencari Suami'),
(6, 'sekolah', 'sekolah'),
(7, 'smkn-1-surabaya', 'smkn-1-surabaya'),
(8, 'deteksi', 'deteksi'),
(9, 'jurnalistik', 'jurnalistik'),
(10, 'kali-surabaya', 'kali-surabaya'),
(11, 'benih-ikan', 'benih ikan'),
(12, 'hari-air', 'hari-air'),
(13, 'slb', 'slb'),
(14, 'bakar', 'bakar'),
(15, 'banyuwangi', 'banyuwangi'),
(16, 'tipu', 'tipu'),
(17, 'pns', 'pns'),
(18, 'bondowoso', 'bondowoso'),
(19, 'pbb', 'pbb'),
(20, 'probolinggo', 'probolinggo'),
(21, 'tantri', 'tantri'),
(22, 'mui', 'mui'),
(23, 'haram', 'haram'),
(24, 'situbondo', 'situbondo'),
(25, 'besuki', 'besuki'),
(26, 'mobil-dinas', 'mobil-dinas'),
(27, 'gresik', 'gresik'),
(28, 'lamongan', 'lamongan'),
(29, 'kampanye', 'kampanye'),
(30, 'cukrik', 'cukrik'),
(31, 'gereja', 'gereja'),
(32, 'kpu', 'kpu'),
(33, 'maria-ratu-damai', 'Maria Ratu Damai '),
(34, 'cpns', 'cpns'),
(35, 'coret', 'coret'),
(36, 'k2', 'k2'),
(37, 'bkd', 'bkd'),
(38, 'kos', 'kos'),
(39, 'kumpul-kebo', 'kumpul-kebo'),
(40, 'jember', 'jember'),
(41, 'sumbersari', 'Sumbersari'),
(42, 'harun', ' Harun'),
(43, 'dindik', 'dindik'),
(44, 'un', 'un'),
(45, 'pileg', 'pileg'),
(46, 'sugiri-sancoko', 'Sugiri Sancoko'),
(47, 'ketua-dewan', 'ketua-dewan'),
(48, 'ijasah-palsu', 'ijasah-palsu'),
(49, 'pkb', 'pkb'),
(50, 'pemilu', 'pemilu'),
(51, 'surat-suara', 'surat-suara'),
(52, 'nelayan', 'nelayan'),
(53, 'cuaca-buruk', 'cuaca-buruk'),
(54, 'lumajang', 'lumajang'),
(55, 'pelanggaran-kampan-ye', 'pelanggaran-kampan-ye'),
(56, 'mojokerto', 'mojokerto'),
(57, 'gp-ansor-tolak-kafe-ponti', 'gp-ansor-tolak-kafe-ponti'),
(58, 'contoh', 'contoh'),
(59, 'unas', 'unas'),
(60, 'dinas-pendidikan', 'dinas-pendidikan'),
(61, '2014', '2014'),
(62, 'lomba', 'lomba'),
(63, 'pelajar-bugil', 'pelajar-bugil'),
(64, 'pelajar-mesum', 'pelajar-mesum'),
(65, 'pelajar-situbondo', 'pelajar-situbondo'),
(66, 'bugil', 'bugil'),
(67, 'walikota-kediri', 'walikota-kediri'),
(68, 'ujian', 'ujian'),
(69, 'kecurangan-unas', 'kecurangan-unas'),
(70, 'jawa-timur', 'jawa-timur'),
(71, 'lumjanglohisktikpemilu', 'lumjanglohisktikpemilu'),
(72, 'wartawanpenipu', 'wartawanpenipu'),
(73, 'sms', 'sms'),
(74, 'penipu', 'penipu'),
(75, 'situbondobangsa-online', 'situbondobangsa-online'),
(76, 'fatwa', 'fatwa'),
(77, 'panwaslu', 'panwaslu'),
(78, 'pelanggaran', 'pelanggaran'),
(79, 'apk', 'apk'),
(80, 'penertiban', 'penertiban'),
(81, 'mobdin', 'mobdin'),
(82, 'dprd', 'dprd'),
(83, 'ditarik', 'ditarik'),
(84, 'ispa', 'ISPA'),
(85, 'penyakit-menular', 'penyakit-menular'),
(86, 'tahun', 'tahun '),
(87, 'caleg', 'caleg'),
(88, 'upal', 'upal'),
(89, 'peredaran', 'peredaran'),
(90, 'korupsi', 'korupsi'),
(91, 'bank-jatim', 'bank-jatim'),
(92, 'pengadilan', 'pengadilan'),
(93, 'koruptor', 'koruptor'),
(94, 'kunci-jawaban-un', 'kunci-jawaban-un'),
(95, 'dewan-mangkir', 'dewan-mangkir'),
(96, 'dewan-bolos', 'dewan bolos'),
(97, 'dprd-surabaya', 'dprd-surabaya'),
(98, 'kunjungan-kerja', 'kunjungan-kerja'),
(99, 'bedah-buku', 'bedah-buku'),
(100, 'arzeti', 'arzeti'),
(101, 'bilbina', 'bilbina'),
(102, 'kempanye', 'kempanye'),
(103, 'pasha', 'pasha'),
(104, 'hipnotis', 'Hipnotis'),
(105, 'pan', 'pan'),
(106, 'ultah', 'ultah'),
(107, 'harian', 'harian'),
(108, 'bangsa', 'bangsa'),
(109, 'bojonegoro', 'bojonegoro'),
(110, 'panwascam', 'panwascam'),
(111, 'korupsi-hibah', 'korupsi-hibah'),
(112, 'koni', 'koni'),
(113, 'surabaya', 'surabaya'),
(114, 'pedagang-keliling', 'pedagang keliling'),
(115, 'pinjaman', 'pinjaman'),
(116, 'lbh-pers', 'LBH pers'),
(117, 'alat-pembersih-sampah', 'alat-pembersih-sampah'),
(118, 'walikota', 'walikota'),
(119, 'tsunami', 'tsunami'),
(120, 'alat-deteksi', 'alat deteksi'),
(121, 'pancer', 'pancer'),
(122, 'raskin', 'raskin'),
(123, 'beruat', 'beru;at'),
(124, 'terbakar', 'terbakar'),
(125, 'madura', 'madura'),
(126, 'konsleting', 'konsleting'),
(127, 'tabrakan', 'tabrakan'),
(128, 'bambang-dh', 'bambang-dh'),
(129, 'japung', 'japung'),
(130, 'kejati', 'Kejati'),
(131, 'panwaskab', 'panwaskab'),
(132, 'tabrakan-ka', 'tabrakan-ka'),
(133, 'avanza', 'avanza'),
(134, 'klinik', 'klinik'),
(135, 'mwc-nu', 'mwc-nu'),
(136, 'jombang', 'jombang'),
(137, 'politik-uang', 'Politik Uang'),
(138, 'deklarasi', 'deklarasi'),
(139, 'pemilu-2014', 'pemilu-2014'),
(140, 'dapil-1-jatim', 'dapil-1-jatim'),
(141, 'pk', 'PK'),
(142, 'alat-peraga', 'Alat peraga'),
(143, 'logistik-pemilu', 'logistik-pemilu'),
(144, 'golkar-jatim', 'golkar-jatim'),
(145, 'pbs', 'PBS'),
(146, 'lumbung-suara', 'Lumbung suara'),
(147, 'cile', 'cile'),
(148, 'nelayan-banyuwangi', 'nelayan-banyuwangi'),
(149, 'mengungsi', 'mengungsi'),
(150, 'trauma', 'trauma'),
(151, 'cabul', 'cabul'),
(152, 'blitar', 'blitar'),
(153, 'polres', 'polres'),
(154, 'kediri', 'kediri'),
(155, 'desa', 'desa'),
(156, 'irigasi', 'irigasi'),
(157, 'gambiran', 'gambiran'),
(158, 'mega-proyek', 'mega-proyek'),
(159, 'sidoarjo', 'sidoarjo'),
(160, 'madiun', 'madiun'),
(161, 'asrama-mahasiswa', 'asrama mahasiswa'),
(162, 'soekarwo', 'soekarwo'),
(163, 'kacung-marijan', 'kacung marijan'),
(164, 'mapel-sejarah', 'mapel sejarah'),
(165, 'pendidikan', 'pendidikan'),
(166, 'fathorrasjid', 'fathorrasjid'),
(167, 'p2sem', 'p2sem'),
(168, 'jamkesmas', 'jamkesmas'),
(169, 'tunggakan', 'tunggakan'),
(170, 'bpjs', 'bpjs'),
(171, 'pdam', 'pdam'),
(172, 'surya-sembada', 'surya sembada'),
(173, 'ganti-nama', 'ganti-nama'),
(174, 'risma', 'risma'),
(175, 'maling-rumah-sakit', 'maling-rumah-sakit'),
(176, 'polres-kediri', 'polres-kediri'),
(177, 'maling-motor', 'maling-motor'),
(178, 'glagah', 'glagah'),
(179, 'pasar-sobo', 'pasar sobo'),
(180, 'golput', 'golput'),
(181, 'digusur', 'digusur'),
(182, 'mulyadi', 'mulyadi'),
(183, 'dprd-kota-mojokerto', 'dprd-kota-mojokerto'),
(184, 'jujur', 'jujur'),
(185, 'pelajar', 'pelajar'),
(186, 'pdip', 'pdip'),
(187, 'kecurangan', 'kecurangan'),
(188, 'sirmadji', 'sirmadji'),
(189, 'siswa-smp', 'siswa-smp'),
(190, 'temukan-tas', 'temukan tas'),
(191, 'iphi', 'IPHI'),
(192, 'muslim', 'muslim'),
(193, 'siswa-surabaya', 'siswa-surabaya'),
(194, 'dprd-mojokerto', 'dprd-mojokerto'),
(195, 'pelatihan', 'pelatihan'),
(196, 'hypnoseft', 'hypnoseft'),
(197, 'gus-sholah', 'gus-sholah'),
(198, 'tebu-ireng', 'tebu ireng'),
(199, 'gmni', 'gmni'),
(200, 'tuban', 'tuban'),
(201, 'puting-beliung', 'puting-beliung'),
(202, 'kota-surabaya', 'kota-surabaya'),
(203, 'sumenep', 'sumenep'),
(204, 'jalan', 'jalan'),
(205, 'infrastuktur', 'infrastuktur'),
(206, 'kepala-dinas-pu-bina-marga', 'Kepala Dinas PU Bina Marga'),
(207, 'sakera', 'sakera'),
(208, 'aktivis', 'aktivis'),
(209, 'tausiah', 'tausiah'),
(210, 'dr-soetomo', 'dr soetomo'),
(211, 'pasien', 'pasien'),
(212, 'dodo-anando', 'dodo anando'),
(213, 'gerindra', 'gerindra'),
(214, 'kader', 'kader'),
(215, 'demo', 'demo'),
(216, 'banom-nu', 'banom-nu'),
(217, 'coblos', 'coblos'),
(218, 'ibadah', 'ibadah'),
(219, 'tps', 'tps'),
(220, 'prona', 'prona'),
(221, 'densus-88', 'densus-88'),
(222, 'teroris', 'teroris'),
(223, 'hiburan-malam', 'hiburan-malam'),
(224, 'aptr', 'APTR'),
(225, 'presiden-baru', 'presiden-baru'),
(226, 'mobil-mewah', 'mobil-mewah'),
(227, 'kejari', 'kejari'),
(228, 'stain-kediri', 'stain-kediri'),
(229, 'demo-tuntut-dosen-mundur', ' Demo Tuntut Dosen Mundur'),
(230, 'tps-drakula', 'TPS Drakula'),
(231, 'knpi-kabupaten-sidoarjo', 'KNPI Kabupaten Sidoarjo'),
(232, 'pileg-2014', 'Pileg 2014'),
(233, 'tahanan-tipikor-surabaya', 'tahanan Tipikor Surabaya'),
(234, 'rsud-bojonegoro', 'rsud-bojonegoro'),
(235, 'ketapang', 'ketapang'),
(236, 'mudik', 'mudik'),
(237, 'bali', 'bali'),
(238, 'petani', 'petani'),
(239, 'puso', 'puso'),
(240, 'dadapan', 'dadapan'),
(241, 'alkes', 'alkes'),
(242, 'pengamanan', 'pengamanan'),
(243, 'gakumdu', 'gakumdu'),
(244, 'sebar-uang', 'sebar uang'),
(245, 'orisinil', ' orisinil'),
(246, 'miras', 'miras'),
(247, 'bobol-rumah', 'bobol-rumah'),
(248, 'hanura', 'hanura'),
(249, 'bangkalan', 'bangkalan'),
(250, 'saksi', 'saksi'),
(251, 'polisi', 'polisi'),
(252, 'batik', 'batik'),
(253, 'sidorajo', 'sidorajo'),
(254, 'laboraturium', 'laboraturium'),
(255, 'panti-asuhan', 'panti asuhan'),
(256, 'lapindo', 'lapindo'),
(257, 'pailit', 'Pailit'),
(258, 'tipikor', 'tipikor'),
(259, 'wabup-sidoarjo', 'wabup-sidoarjo'),
(260, 'relawan', 'relawan'),
(261, 'salah-cetak', 'salah cetak'),
(262, 'badrut-tamam', 'badrut-tamam'),
(263, 'penghitungan-suara', 'penghitungan-suara'),
(264, 'bupati', 'bupati'),
(265, 'dadang-wigiarto', 'dadang wigiarto'),
(266, 'kades', 'kades'),
(267, 'pensiun', 'pensiun'),
(268, 'coblos-2-kali', 'coblos-2-kali'),
(269, 'suara-tambahan', 'suara-tambahan'),
(270, 'balongpanggang', 'balongpanggang'),
(271, 'moh-syafi', 'moh syafi'),
(272, 'tps-gua', 'TPS gua'),
(273, 'gunungsari', 'Gunungsari'),
(274, 'pelebaran-sungai', 'pelebaran-sungai'),
(275, 'asem-rowo', 'asem rowo'),
(276, 'dewan-kecewa', 'dewan kecewa'),
(277, 'ditolak-nyoblos', 'ditolak nyoblos'),
(278, 'pelatihan-otomotif', 'pelatihan-otomotif'),
(279, 'tersangka', 'tersangka'),
(280, 'meleset', 'meleset'),
(281, 'rsud-dr-soetomo', 'rsud-dr-soetomo'),
(282, 'persi', 'persi'),
(283, 'saleh-mukadar', 'saleh mukadar'),
(284, 'money-politics', 'money-politics'),
(285, 'gus-ipul', 'gus-ipul'),
(286, 'nyoblos', 'nyoblos'),
(287, 'sambari', 'sambari'),
(288, 'qosim', 'Qosim'),
(289, 'benjeng', 'benjeng'),
(290, 'banjir', 'banjir'),
(291, 'istri-caleg', 'istri caleg'),
(292, 'coblos-dua-kali', 'coblos-dua-kali'),
(293, 'syiaful-ilah', 'syiaful ilah'),
(294, 'prajurit', 'prajurit'),
(295, 'djarot', 'djarot'),
(296, 'mantan-walikota', 'mantan walikota'),
(297, 'arzetti', 'arzetti'),
(298, 'kecewa', 'kecewa'),
(299, 'tinta', 'tinta '),
(300, 'tiga-kursi', 'tiga kursi'),
(301, 'kejati-jatim', 'kejati-jatim'),
(302, 'kasus-korupsi-p2se', 'kasus-korupsi-p2se'),
(303, 'kasus-korupsi-p2sem', 'kasus-korupsi-p2sem'),
(304, 'kabupaten-lamongan', 'kabupaten-lamongan'),
(305, 'ujian-nasional-un', 'ujian-nasional-un'),
(306, 'egy-sudjanam', 'Egy Sudjanam'),
(307, 'egy-sudjana', 'Egy Sudjana'),
(308, 'konggres-advokat-indonesia', 'Konggres Advokat Indonesia'),
(309, 'panwaskab-lamongan', 'panwaskab-lamongan'),
(310, 'rekapitulasi-penghitungan-suara', 'rekapitulasi-penghitungan-suara'),
(311, 'gedung-olahraga-tuban', 'gedung-olahraga-tuban'),
(312, 'kecamatan-bancar-kabupaten-tuban', ' Kecamatan Bancar Kabupaten Tuban'),
(313, 'gula', 'gula'),
(314, 'tebu', 'tebu'),
(315, 'dinas-perkebunan', 'dinas-perkebunan'),
(316, 'taiwan', 'taiwan'),
(317, 'bisnis', 'bisnis'),
(318, 'tuntut', 'tuntut'),
(319, 'kpu-surabaya', 'kpu-surabaya'),
(320, 'probowo', 'probowo'),
(321, 'dundul', 'dundul'),
(322, 'simpatisan', 'simpatisan'),
(323, 'camat', 'camat'),
(324, 'dana-caleg', ' dana caleg'),
(325, 'figur', 'figur'),
(326, 'miras-oplosan', 'miras-oplosan'),
(327, 'siswa-tewas', 'Siswa Tewas'),
(328, 'lapas', 'lapas'),
(329, 'coblosan', 'coblosan'),
(330, 'caleg-nasdem-dan-gerindra-carok', 'caleg-nasdem-dan-gerindra-carok'),
(331, 'coblosan-ulang', 'coblosan-ulang'),
(332, 'kepala-desa-tlagah-kecamatan-galis-kabupaten-bangkalan', 'Kepala Desa Tlagah Kecamatan Galis Kabupaten Bangkalan'),
(333, 'massa-pendukung-caleg', 'massa-pendukung-caleg'),
(334, 'panwaslu-kabupaten-sidoarjo', 'Panwaslu Kabupaten Sidoarjo'),
(335, 'tps-18-desa-pabean-kecamatan-sedati-kabupaten-sidoarjo', 'TPS 18 Desa Pabean Kecamatan Sedati Kabupaten Sidoarjo'),
(336, 'jalan-raya-kletek-kecamatan-taman-sidoarjo', 'Jalan Raya Kletek Kecamatan Taman Sidoarjo'),
(337, 'rem-truk-blong', 'rem-truk-blong'),
(338, 'polsek-taman', 'polsek-taman'),
(339, 'disnakertrans-surabaya', 'disnakertrans-surabaya'),
(340, 'korupsi-pelatihan-otomotif', 'Korupsi Pelatihan Otomotif'),
(341, 'sdn-rangkh', 'sdn-rangkh'),
(342, 'kasus-korupsi', 'kasus-korupsi'),
(343, 'perolehan-suara', 'perolehan suara'),
(344, 'caleg-stres', 'caleg stres'),
(345, 'surabaya-memilih', 'surabaya memilih'),
(346, 'stres', 'Stres'),
(347, 'surabayapilegperolehn-suara', 'surabayapilegperolehn suara '),
(348, 'lokalisasi-dolly', 'lokalisasi-dolly'),
(349, 'lokalisasi-jaraklokalisasi-tutup', 'lokalisasi-jaraklokalisasi-tutup'),
(350, 'surabaya-lokalisasi', 'surabaya lokalisasi'),
(351, 'unas-jatim', 'unas-jatim'),
(352, 'hasil-un', 'hasil UN'),
(353, 'pemkot-surabaya', 'pemkot-surabaya'),
(354, 'anggaran', 'anggaran'),
(355, 'korupsi-surabaya', 'korupsi-surabaya'),
(356, 'sertifikat-palsu', 'sertifikat-palsu'),
(357, 'kejari-tanjung-perak', 'kejari-tanjung-perak'),
(358, 'habib-syech', 'habib syech'),
(359, 'dander', 'dander'),
(360, 'syecher', 'syecher'),
(361, 'polres-bojonegoro', 'polres-bojonegoro'),
(362, 'rsud', 'rsud'),
(363, 'pagar-seng', 'pagar seng'),
(364, 'daging-sapi', 'daging-sapi'),
(365, 'harga-naik', 'harga-naik'),
(366, 'paskah', 'paskah'),
(367, 'katolik', 'katolik'),
(368, 'mahal', 'mahal'),
(369, 'un-kecurangan', 'UN Kecurangan'),
(370, 'curang-un', 'curang UN'),
(371, 'kpu-jembercurang', 'kpu-jembercurang'),
(372, 'kpu-jember', 'kpu-jember'),
(373, 'sidak', 'sidak'),
(374, 'pasar-turi', 'pasar-turi'),
(375, 'investor', 'investor'),
(376, 'blacklist', 'blacklist'),
(377, 'shs', 'SHS'),
(378, 'gowes', 'gowes'),
(379, 'penghargaan', 'penghargaan'),
(380, 'socrates', 'socrates'),
(381, 'prostitusi', 'prostitusi'),
(382, 'bdh', 'bdh'),
(383, 'lift', 'lift'),
(384, 'ma', 'MA'),
(385, 'its', 'its'),
(386, 'merr-ii-c', 'merr-ii-c'),
(387, 'pu', 'PU'),
(388, 'kb', 'kb'),
(389, 'dumas', 'Dumas'),
(390, 'gelang', 'gelang'),
(391, 'karwo', 'karwo'),
(392, 'cctv', 'CCTV'),
(393, 'ujian-nasional-sma-2014', 'Ujian Nasional SMA 2014'),
(394, 'kepala-kemenag-jatim-mahfudh-shodar', 'Kepala Kemenag Jatim Mahfudh Shodar'),
(395, 'un-sma-2014', 'UN SMA 2014'),
(396, 'kota-mojokerto', 'kota-mojokerto'),
(397, 'kotakediri', 'kotakediri'),
(398, 'peserta-un-sma-2014', 'Peserta UN SMA 2014'),
(399, 'pasuruan', 'pasuruan'),
(400, 'erupsi-kelud', 'erupsi-kelud'),
(401, 'hotel', 'hotel'),
(402, 'jokowi', 'jokowi'),
(403, 'buchori', 'buchori'),
(404, 'pemilu-ulang', 'Pemilu Ulang'),
(405, 'kursi-dewan', 'kursi-dewan'),
(406, 'bem', 'bem'),
(407, 'caleg-lolos', 'caleg-lolos'),
(408, 'demokrat', 'demokrat'),
(409, 'timnas-u-19', 'timnas-u-19'),
(410, 'un-absen', ' UN absen'),
(411, 'unej', 'unej'),
(412, 'sidang-etik', 'sidang-etik'),
(413, 'caleg-kalah', 'caleg kalah'),
(414, 'kpps', 'kpps'),
(415, 'kotak-suara', 'kotak suara'),
(416, 'dprd-jatim', 'dprd-jatim'),
(417, 'soal-un', 'soal UN'),
(418, 'buruh', 'buruh'),
(419, 'seleksi', 'seleksi'),
(420, 'pn-mogok', 'PN mogok'),
(421, 'la-mania', 'la mania'),
(422, 'mogok', 'mogok'),
(423, 'dokter-spesialis', 'dokter-spesialis'),
(424, 'pulua-galang', 'pulua galang'),
(425, 'curang', 'curang'),
(426, 'jalan-poros-lamongan-surabaya', 'Jalan Poros Lamongan-Surabaya'),
(427, 'mobil-terguling', 'mobil-terguling'),
(428, 'harlah-ke-54-pmii', 'harlah-ke-54-pmii'),
(429, 'pmii-cabang-bojonegoro', ' PMII Cabang Bojonegoro'),
(430, 'mobil-rombongan-wisata-siswa-tk-terguling', 'mobil rombongan wisata siswa TK terguling'),
(431, 'kpu-sidoarjo', 'kpu-sidoarjo'),
(432, 'sekretaris-kpu-sidoarjo-sulaiman', 'Sekretaris KPU Sidoarjo Sulaiman'),
(433, 'kpu-situbondo', 'kpu-situbondo'),
(434, 'perkara-dugaan-korupsi-dana-p2sem', 'perkara-dugaan-korupsi-dana-p2sem'),
(435, 'blki-sidoarjo', 'BLKI Sidoarjo'),
(436, 'blki-lombok-timur', 'BLKI Lombok Timur'),
(437, 'kabag-humas-pemkab-sidoarjo-mahmudi-ali', 'kabag-humas-pemkab-sidoarjo-mahmudi-ali'),
(438, 'polres-lamongan', 'polres-lamongan'),
(439, 'pengungsi-afghanistan', 'pengungsi-afghanistan'),
(440, 'pemkab-gresik', 'pemkab-gresik'),
(441, 'wabup-gresik-moch-qosim', 'wabup-gresik-moch-qosim'),
(442, 'panitera-mogok', 'panitera-mogok'),
(443, 'pn-surabaya', 'pn-surabaya'),
(444, 'netralitas-pns', 'netralitas PNS'),
(445, 'penggelapan', 'penggelapan'),
(446, 'panwaslu-pamekasan', 'panwaslu-pamekasan'),
(447, 'caleg-partai-bulan-bintang', 'Caleg Partai Bulan Bintang'),
(448, 'pileg-curang', 'pileg-curang'),
(449, 'terminal-ceguk', 'terminal-ceguk'),
(450, 'pamekasan', 'pamekasan'),
(451, 'siswa-sma', 'siswa-sma'),
(452, 'shalat-jumat', 'Shalat Jumat'),
(453, 'hari-jumat', 'Hari Jumat'),
(454, 'hadits', 'Hadits'),
(455, 'alquran', 'alquran'),
(456, 'parpol', 'parpol'),
(457, 'dana-kampanye', 'dana-kampanye'),
(458, 'penggelembungan-suara', 'penggelembungan suara'),
(459, 'sanksi', 'sanksi'),
(460, 'revitalisasi', 'revitalisasi'),
(461, 'pasar-tunjungan', 'pasar-tunjungan'),
(462, 'surabaya-terbakar', 'surabaya terbakar'),
(463, 'murah', 'murah'),
(464, 'mahfud-md', 'mahfud-md'),
(465, 'kiai', 'kiai'),
(466, 'maling', 'maling'),
(467, 'the-raid', 'the Raid'),
(468, 'tol-tengah', 'tol-tengah'),
(469, 'amc', 'AMC'),
(470, 'musik', 'musik'),
(471, 'aswaja', 'aswaja'),
(472, 'kajian', 'kajian'),
(473, 'kiai-sepuh', 'kiai-sepuh'),
(474, 'komoditi', 'komoditi'),
(475, 'sembako', 'sembako'),
(476, 'lombok', 'lombok'),
(477, 'cabe', 'cabe'),
(478, 'tenggelam', 'tenggelam'),
(479, 'bengawan-solo', 'bengawan-solo'),
(480, 'bencana', 'bencana'),
(481, 'asi', 'asi'),
(482, 'kecurangan-pileg', 'kecurangan-pileg'),
(483, 'umrah', 'umrah'),
(484, 'persik', 'persik'),
(485, 'ppdb', 'ppdb'),
(486, 'pkl', 'pkl'),
(487, 'dispendik-pamekasan', 'dispendik-pamekasan'),
(488, 'moh-tarsun', ' Moh Tarsun'),
(489, 'rehabilitasi', 'rehabilitasi'),
(490, 'psk', 'psk'),
(491, 'satpol-pp-sumenep', 'satpol-pp-sumenep'),
(492, 'kasatreskrim-polres-bangkalan', 'Kasatreskrim Polres Bangkalan'),
(493, 'malam-mingguan', 'Malam Mingguan'),
(494, 'pemuda-dibacok', 'pemuda-dibacok'),
(495, 'sampang', 'sampang'),
(496, 'kpu-sampang', 'kpu-sampang'),
(497, 'rekapitulasi-suara-pileg-2014', 'Rekapitulasi Suara Pileg 2014'),
(498, 'komisioner-kpu-sampang-dedi-kusuma-hadi', 'Komisioner KPU Sampang Dedi Kusuma Hadi'),
(499, 'ketua-panwaskab-sampang-addy-imansyah', 'Ketua Panwaskab Sampang Addy Imansyah'),
(500, 'caleg-dpr-ri-dapil-xi-madura', 'Caleg DPR RI Dapil XI Madura'),
(501, 'kecamatan-palengaan', 'Kecamatan Palengaan'),
(502, 'mantan-bupati-pamekasan-kholilurrahman', 'mantan-bupati-pamekasan-kholilurrahman'),
(503, 'pkb-pamekasan', 'pkb-pamekasan'),
(504, 'pileg-2014-di-pamekasan', 'Pileg 2014 di Pamekasan'),
(505, 'ricuh-pileg', 'ricuh pileg'),
(506, 'kadin', 'kadin'),
(507, 'kabupaten-bojonegoro', 'kabupaten-bojonegoro'),
(508, 'hari-kartini', 'hari kartini'),
(509, 'aliansi-jurnalis-indonesia', 'aliansi-jurnalis-indonesia'),
(510, 'koni-surabaya', 'koni-surabaya'),
(511, 'korupsi-dana-hibah', 'korupsi-dana-hibah'),
(512, 'kabupaten-pamekasan', 'kabupaten-pamekasan'),
(513, 'kpu-pamekasan', 'kpu-pamekasan'),
(514, 'massa-caleg-pbb-pamekasan', 'Massa Caleg PBB Pamekasan'),
(515, 'korupsi-koni-surabaya', 'korupsi-koni-surabaya'),
(516, 'dana-hibah', 'dana-hibah'),
(517, 'tni', 'tni'),
(518, 'latihan-menembak', 'latihan-menembak'),
(519, 'lebanon', 'lebanon'),
(520, 'tentara-prancis', 'Tentara Prancis'),
(521, 'rekapitulasi', 'rekapitulasi'),
(522, 'suara-pemilu', 'suara pemilu'),
(523, 'kpu-jatim', 'kpu-jatim'),
(524, 'rekapitulasi-sidoarjo', 'rekapitulasi sidoarjo'),
(525, 'pelanggaran-kampanye', 'pelanggaran-kampanye'),
(526, 'kriminal', 'kriminal'),
(527, 'penjahat', 'penjahat'),
(528, 'kejaksaan', 'kejaksaan'),
(529, 'toko-modern', 'toko-modern'),
(530, 'musrenbang', 'musrenbang'),
(531, 'stadion', 'stadion'),
(532, 'bpr', 'bpr'),
(533, 'kawin', 'kawin'),
(534, 'narkoba', 'narkoba'),
(535, 'catur', 'catur'),
(536, 'kejurda', 'kejurda'),
(537, 'kpbbc-juanda', 'kpbbc-juanda'),
(538, 'bandara-internasional-juanda', 'bandara-internasional-juanda'),
(539, 'wna-china', 'wna-china'),
(540, 'rekapitulasi-perolehan-suara-pileg-2014', 'rekapitulasi perolehan suara Pileg 2014'),
(541, 'kpu-kabupaten-sidoarjo', 'KPU Kabupaten Sidoarjo'),
(542, 'dprd-kabupaten-sidoarjo', 'dprd-kabupaten-sidoarjo'),
(543, 'bimtek', 'bimtek'),
(544, 'kpu-kediri', 'kpu-kediri'),
(545, 'tahanan-kabur', 'tahanan-kabur'),
(546, 'tahanan-kejari-tanjung-perak-kabur', 'tahanan-kejari-tanjung-perak-kabur'),
(547, 'mortir', 'mortir'),
(548, 'perpustakaan', 'perpustakaan'),
(549, 'isnu', 'isnu'),
(550, 'ibt', 'IBT'),
(551, 'k3', 'k3'),
(552, 'dwp', 'dwp'),
(553, 'hibah', 'hibah'),
(554, 'tewas', 'tewas'),
(555, 'perpuda-pamekasan', 'Perpuda Pamekasan'),
(556, 'perpusda-sumenep', 'perpusda-sumenep'),
(557, 'kabupaten-bangkalan', 'kabupaten-bangkalan'),
(558, 'tewas-dikeroyok-massa', 'tewas-dikeroyok-massa'),
(559, 'kabupaten-sampang', 'kabupaten-sampang'),
(560, 'ulama-nu-sampang', 'Ulama NU Sampang'),
(561, 'balita', 'balita'),
(562, 'unik', 'unik'),
(563, 'kpu-bondowoso', 'kpu-bondowoso'),
(564, 'atm-bank-bri', 'atm-bank-bri'),
(565, 'polsek-rungkut-surabaya', 'polsek-rungkut-surabaya'),
(566, 'rusak-bilik-atm', 'rusak-bilik-atm'),
(567, 'demo-buruh', 'demo-buruh'),
(568, 'polsek-sukolilo', 'Polsek Sukolilo'),
(569, 'pelaku-curanmor', 'pelaku-curanmor'),
(570, 'polsek-kota-sidoarjo', ' polsek Kota Sidoarjo'),
(571, 'walikota-mojokerto', 'walikota-mojokerto'),
(572, 'beras-miskin-raskin', 'beras-miskin-raskin'),
(573, 'situs-majapahit', 'situs-majapahit'),
(574, 'bos-pabrik-baja', ' bos pabrik baja'),
(575, 'walikota-surabaya-tri-rismaharini', 'walikota-surabaya-tri-rismaharini'),
(576, 'target-kb-2014', 'target-kb-2014'),
(577, 'samsat-surabaya-utara', 'samsat-surabaya-utara'),
(578, 'kartu-tamu', ' kartu Tamu'),
(579, 'lkpj-akhir-ta-2013', 'LKPj Akhir TA 2013'),
(580, 'bupati-sumenep', 'bupati-sumenep'),
(581, 'penumpang-ka-telantar', 'penumpang KA telantar'),
(582, 'stasiun-ka-bojonegoro', 'stasiun-ka-bojonegoro'),
(583, 'kejaksaan-negeri-sumenep', 'kejaksaan-negeri-sumenep'),
(584, 'pwi-sumenep', 'pwi-sumenep'),
(585, 'wapres-boediono', 'wapres-boediono'),
(586, 'tambak-sawah', 'tambak sawah'),
(587, 'polda-jatim', 'polda-jatim'),
(588, 'anang', 'anang'),
(589, 'itung-ulang', 'itung-ulang'),
(590, 'ub', 'UB'),
(591, 'kejari-perak', 'kejari-perak'),
(592, 'aswas-kejati-jatim', 'Aswas Kejati Jatim'),
(593, 'polrestabes-surabaya', 'polrestabes-surabaya'),
(594, 'disnsosnakertrans', 'Disnsosnakertrans'),
(595, 'tenaga-kerja', 'tenaga-kerja'),
(596, 'blk', 'blk'),
(597, 'mabes-tni', 'mabes-tni'),
(598, 'jenderal-moeldoko', 'jenderal-moeldoko'),
(599, 'sertijab', 'sertijab'),
(600, 'caleg-gagal', 'caleg gagal'),
(601, 'jalan-dirusak', 'jalan-dirusak'),
(602, 'dprd-sampang', 'dprd-sampang'),
(603, 'panwaslu-bangkalan', 'Panwaslu Bangkalan'),
(604, 'dprd-bangkalan', 'dprd-bangkalan'),
(605, 'kecamatan-saronggi', 'Kecamatan Saronggi'),
(606, 'kabupaten-sumenep', 'kabupaten-sumenep'),
(607, 'pemkab-sumenep', 'pemkab-sumenep'),
(608, 'jalan-rusak', 'jalan-rusak'),
(609, 'wanita-tanpa-identitas', 'wanita-tanpa-identitas'),
(610, 'rsud-sampang', 'rsud-sampang'),
(611, 'vedeo-mesum', 'vedeo-mesum'),
(612, 'bnn', 'bnn'),
(613, 'nu', 'nu'),
(614, 'muhammadiyah', 'muhammadiyah'),
(615, 'rekrutmen', ' rekrutmen'),
(616, 'gaji-dewan', 'gaji-dewan'),
(617, 'teluk-lamong', 'teluk-lamong'),
(618, 'kecantikan', 'kecantikan'),
(619, 'indobatt', 'indobatt'),
(620, 'kali-gandong', 'kali-gandong'),
(621, 'ansor', 'ansor'),
(622, 'talango', 'talango'),
(623, 'kali-gadong', 'kali gadong'),
(624, 'coblos-ulang', 'coblos-ulang'),
(625, 'galian-optik', 'galian optik'),
(626, 'bocah', 'bocah'),
(627, 'sejarah', 'sejarah'),
(628, 'tanah-haram', 'tanah haram'),
(629, 'makkah', 'makkah'),
(630, 'dyah-katarina', ' dyah katarina'),
(631, 'pendaftaran', 'pendaftaran'),
(632, 'kbs', 'kbs'),
(633, 'ponpes', 'ponpes'),
(634, 'memancing-nila', 'memancing-nila'),
(635, 'jatim', 'jatim'),
(636, 'kebakaran', 'kebakaran'),
(637, 'muslimat', 'muslimat'),
(638, 'musyafak', 'musyafak'),
(639, 'tafsir', 'tafsir'),
(640, 'al-rad', 'al-rad'),
(641, 'opini', 'opini'),
(642, 'korban-lumpur-lapindo', 'korban-lumpur-lapindo'),
(643, 'pansus-lumpur-dprd-sidoarjo', 'pansus-lumpur-dprd-sidoarjo'),
(644, 'ketua-pansus-lumpur-dprd-sidoarjo-emir-firdaus', 'Ketua Pansus Lumpur DPRD Sidoarjo Emir Firdaus'),
(645, 'buruh-sidoarjo', 'buruh-sidoarjo'),
(646, 'kantor-pemkab-sidoarjo', 'kantor-pemkab-sidoarjo'),
(647, 'perda-perlindungan-pekerja', ' perda perlindungan pekerja'),
(648, 'dik-doank', 'dik doank'),
(649, 'ydsf-sidoarjo', ' YDSF Sidoarjo'),
(650, 'puspen-mabes-tni', 'puspen-mabes-tni'),
(651, 'kontingen-garuda', 'Kontingen Garuda'),
(652, 'satpol-pp-situbondo', 'satpol-pp-situbondo'),
(653, 'kesetrum-listrik', 'kesetrum-listrik'),
(654, 'pencuri-motor', 'pencuri-motor'),
(655, 'dihajar-massa', 'dihajar-massa'),
(656, 'polisi-tuban', 'polisi-tuban'),
(657, 'kabupaten-jombang', 'kabupaten-jombang'),
(658, 'pemkab-jombang', 'pemkab-jombang'),
(659, 'bantuan-mobil-operasional', 'bantuan-mobil-operasional'),
(660, 'tahanan-narkoba-kabur', 'tahanan narkoba kabur'),
(661, 'agung-prasetya', 'agung prasetya'),
(662, 'kejari-tanjung-perak-surabaya', 'kejari-tanjung-perak-surabaya'),
(663, 'tpid-jatim', 'tpid-jatim'),
(664, 'kemarau-panjang', 'kemarau-panjang'),
(665, 'ketahanan-pangan', 'ketahanan-pangan'),
(666, 'el-nino', 'El Nino'),
(667, 'jadi-mayat', 'jadi-mayat'),
(668, 'polsek-karanggeneng', 'Polsek Karanggeneng'),
(669, 'nelayan-gresik', 'nelayan-gresik'),
(670, 'pt-bsm', 'PT BSM'),
(671, 'pelabuhan-internasional', 'pelabuhan-internasional'),
(672, 'gunung-kelud', 'gunung-kelud'),
(673, 'petani-kelud', 'Petani Kelud'),
(674, 'kabupaten-kediri', 'kabupaten-kediri'),
(675, 'demo-kantor-bupati-kediri', 'demo-kantor-bupati-kediri'),
(676, 'pt-semen-indonesia-gresik', 'pt-semen-indonesia-gresik'),
(677, 'kebutuhan-semen-di-kalimantan-timur', 'Kebutuhan Semen di Kalimantan Timur'),
(678, 'seminar-beton', 'Seminar Beton'),
(679, 'anggota-ppk-batang-batang', 'anggota-ppk-batang-batang'),
(680, 'kpu-sumenep', 'kpu sumenep'),
(681, 'caleg-pan', 'Caleg PAN'),
(682, 'panwaslu-sumenep', 'Panwaslu Sumenep'),
(683, 'mabes-polri', 'mabes-polri'),
(684, 'samsat-manyar', 'samsat-manyar'),
(685, 'caleg-dprd-lamongan', 'Caleg DPRD Lamongan'),
(686, 'anggota-dprd-lamongan', 'Anggota DPRD Lamongan'),
(687, 'caleg-incumbent', 'Caleg Incumbent'),
(688, 'gus-ali', 'gus-ali'),
(689, 'prabowo-subianto', 'prabowo-subianto'),
(690, 'gerhana', 'gerhana'),
(691, 'pungli', 'pungli'),
(692, 'semeru', 'semeru'),
(693, 'daki', 'daki'),
(694, 'seleksi-kpu', 'seleksi-kpu'),
(695, 'mualaf', 'mualaf'),
(696, 'gubernur-jatim-h-soekarwo', 'gubernur-jatim-h-soekarwo'),
(697, 'walikota-madiun-bambang-irianto', 'walikota-madiun-bambang-irianto'),
(698, 'kpu-kota-mojokerto', 'kpu-kota-mojokerto'),
(699, 'timsel-calon-kpu-kota-mojokerto', 'Timsel Calon KPU Kota Mojokerto'),
(700, 'bea-cukai', 'bea-cukai'),
(701, 'bupati-jombang-nyono-suharli-wihandoko', 'bupati-jombang-nyono-suharli-wihandoko'),
(702, 'pn-jombang', 'pn-jombang'),
(703, 'dwi-mawarti-istri-caleg-golkar-jombang', ' Dwi Mawarti Istri Caleg Golkar Jombang'),
(704, 'un-smp-di-mojokerto', 'UN SMP di Mojokerto'),
(705, 'dindik-kabupaten-mojokerto', 'dindik-kabupaten-mojokerto'),
(706, 'mapolres-mojokerto', 'mapolres-mojokerto'),
(707, 'bus-kencono', 'bus-kencono'),
(708, 'timsel-calon-anggota-kpu-sidoarjo', 'Timsel Calon Anggota KPU Sidoarjo'),
(709, 'polres-kediri-kota', 'polres-kediri-kota'),
(710, 'naskah-un-smp', ' naskah UN SMP'),
(711, 'kpu-kota-surabaya', 'KPU Kota Surabaya'),
(712, 'dprd-situbondo', 'dprd-situbondo'),
(713, 'ketua-dprd-situbondo-zeiniye-sag', 'Ketua DPRD Situbondo Zeiniye Sag'),
(714, 'caleg-ppp-gede-widiadie', 'caleg PPP Gede Widiadie'),
(715, 'dapil-jatim-i', ' Dapil Jatim I'),
(716, 'timsel-kpu', 'timsel-kpu'),
(717, 'dpp-pkb', 'dpp-pkb'),
(718, 'ketua-umum-dpp-pkb-muhaimin-iskandar', 'ketua-umum-dpp-pkb-muhaimin-iskandar'),
(719, 'kpu-lamongan', 'kpu-lamongan'),
(720, 'lomba-dokter-cilik', 'lomba dokter cilik'),
(721, 'muhaimin-iskandar', 'muhaimin-iskandar'),
(722, 'menakertrans', 'menakertrans'),
(723, 'hari-buruh', 'hari-buruh'),
(724, 'unifil', 'unifil'),
(725, 'jembatan-putus', 'jembatan-putus'),
(726, 'polres-sidoarjo', 'polres-sidoarjo'),
(727, 'satpol-pp-lamongan', 'satpol-pp-lamongan'),
(728, 'operasi-kasih-sayang', 'operasi kasih sayang'),
(729, 'pmii-bojonegoro', 'pmii-bojonegoro'),
(730, 'kabupaten-mojokerto', 'kabupaten-mojokerto'),
(731, 'bupati-mkp', 'bupati-mkp'),
(732, 'fams', 'FAMS'),
(733, 'pt-garam', 'pt-garam'),
(734, 'buruh-surabaya', 'buruh-surabaya'),
(735, 'pln', 'pln'),
(736, 'ttl', 'ttl'),
(737, 'listrik', 'listrik'),
(738, 'may-day', 'may-day'),
(739, 'tiket', 'tiket'),
(740, 'palsu', 'palsu'),
(741, 'cak-imin', 'cak-imin'),
(742, 'cawapres', 'cawapres'),
(743, 'honorer', 'honorer'),
(744, 'garuda', 'Garuda'),
(745, 'belerang', 'belerang'),
(746, 'bromo', 'bromo'),
(747, 'elpiji', 'elpiji'),
(748, 'pabrik', 'pabrik'),
(749, 'doble-track', 'doble track'),
(750, 'lebaran', 'lebaran'),
(751, 'cb', 'cb'),
(752, 'fatayat', 'fatayat'),
(753, 'kematian', 'kematian '),
(754, 'drainase', 'drainase'),
(755, 'bos', 'bos'),
(756, 'joki-unas', 'joki-unas'),
(757, 'tembak-mati', 'tembak-mati'),
(758, 'destinasi', 'destinasi'),
(759, 'belanja', 'belanja'),
(760, 'kapal', 'kapal'),
(761, 'cipta-karya', 'cipta-karya'),
(762, 'opick', 'Opick'),
(763, 'koplo', 'koplo'),
(764, 'hardiknas', 'hardiknas'),
(765, 'gunung-raung', 'gunung-raung'),
(766, 'buta-aksara', 'buta-aksara'),
(767, 'apbd', 'apbd'),
(768, 'unas-smp', 'unas-smp'),
(769, 'nelayan-tewas', 'nelayan-tewas'),
(770, 'kopassus', 'kopassus'),
(771, 'garam', 'garam'),
(772, 'pahlawan', 'pahlawan'),
(773, 'balap-liar', 'balap-liar'),
(774, 'mutasi', 'mutasi'),
(775, 'pajak', 'pajak'),
(776, 'pupuk', 'pupuk'),
(777, 'jati', 'jati'),
(778, 'un-smp', 'un-smp'),
(779, 'harga', 'harga'),
(780, 'beras', 'beras'),
(781, 'sodomi', 'sodomi'),
(782, 'budaya', 'budaya'),
(783, 'tari', 'tari'),
(784, 'nganjuk', 'nganjuk'),
(785, 'deflasi', 'deflasi'),
(786, 'ijazah-palsu', 'ijazah-palsu'),
(787, 'hukum', 'hukum'),
(788, 'dewan-surabaya', 'dewan-surabaya'),
(789, 'kesehatan', 'kesehatan'),
(790, 'kusta', 'kusta'),
(791, 'pacet', 'pacet'),
(792, 'longsor', 'longsor'),
(793, 'kebun-teh', 'kebun-teh'),
(794, 'siup', 'siup'),
(795, 'sekdes', 'sekdes'),
(796, 'partai-demokrat', 'partai-demokrat'),
(797, 'ldii', 'ldii'),
(798, 'korupsi-bjb-surabaya', 'Korupsi BJB Surabaya'),
(799, 'mantan-kepala-bjb-surabaya-ahmad-faqih', 'Mantan Kepala BJB Surabaya Ahmad Faqih'),
(800, 'pt-cip', 'PT CIP'),
(801, 'yudi-setiawan', 'Yudi Setiawan'),
(802, 'demo-kejati-jatim', 'Demo Kejati Jatim'),
(803, 'sabhara-polda', 'Sabhara Polda'),
(804, 'majelis-taklim-jamiyah-tajul-muslimin', 'Majelis Taklim Jamiyah Tajul Muslimin'),
(805, 'mobil-box', 'Mobil Box'),
(806, 'liponsos', 'Liponsos'),
(807, 'gunung-ijen', 'gunung-ijen'),
(808, 'pemkab-banyuwangi', 'pemkab-banyuwangi'),
(809, 'pemprov-jatim', 'pemprov-jatim'),
(810, 'mutasi-jabatan', 'mutasi-jabatan'),
(811, 'retribusi', 'retribusi'),
(812, 'gus-hamid', 'gus hamid'),
(813, 'tiket-ka', 'tiket-ka'),
(814, 'birkorasi', 'birkorasi'),
(815, 'mobil-listrik', 'mobil-listrik'),
(816, 'kodim', 'kodim'),
(817, 'prigen', 'prigen'),
(818, 'pt-sampang-mandiri-perkasa', 'PT Sampang Mandiri Perkasa'),
(819, 'wartawan', 'wartawan'),
(820, 'dishubkominfo-sampang', 'dishubkominfo-sampang'),
(821, 'caleg-pdip', 'caleg-pdip'),
(822, 'dprd-sumenep', 'dprd-sumenep'),
(823, 'polres-mojokerto', 'polres-mojokerto'),
(824, 'man-ii-pamekasan', 'MAN II Pamekasan'),
(825, 'kepala-man', 'Kepala MAN'),
(826, 'daop-7-pt-kai-madiun', 'daop-7-pt-kai-madiun'),
(827, 'frontage-road', 'frontage-road'),
(828, 'sambang-desa', 'sambang desa'),
(829, 'nikah-massal', 'nikah-massal'),
(830, 'kali-sosok', 'kali sosok'),
(831, 'sabu', 'sabu'),
(832, 'pelni', 'pelni'),
(833, 'ubaya', 'ubaya'),
(834, 'kecelakaan', 'kecelakaan'),
(835, 'pkk', 'pkk'),
(836, 'kpk', 'kpk'),
(837, 'bupati-bogor', ' Bupati Bogor'),
(838, 'upt-llaj-lamongan', 'UPT LLAJ Lamongan'),
(839, 'kantor-kemenag-jatim', 'kantor-kemenag-jatim'),
(840, 'mahfudh-shodar', 'Mahfudh Shodar'),
(841, 'sekkota-mojokerto', 'Sekkota Mojokerto'),
(842, 'bea-cukai-tanjung-perak-surabaya', 'bea cukai tanjung perak surabaya'),
(843, 'gubernur-jawa-timur-h-soekarwo', 'gubernur-jawa-timur-h-soekarwo'),
(844, 'virus-mer', 'virus-mer'),
(845, 'gubernur-jatim-soekarwo', 'gubernur-jatim-soekarwo'),
(846, 'ki', 'KI'),
(847, 'sekdaprov', 'sekdaprov'),
(848, 'p2bj', 'p2bj'),
(849, 'agama', 'agama'),
(850, 'perlemen-elementer', 'perlemen elementer'),
(851, 'dprd-kabupaten-mojokerto', ' DPRD Kabupaten Mojokerto'),
(852, 'pgn', 'pgn'),
(853, 'pt-gudang-garam', 'pt-gudang-garam'),
(854, 'bappeda-lam', 'Bappeda Lam'),
(855, 'bappeda-lamongan', ' Bappeda Lamongan'),
(856, 'kejari-bojonegoro', 'kejari-bojonegoro'),
(857, 'dolly', 'dolly'),
(858, 'bidan-delima', 'Bidan Delima'),
(859, 'ibi', ' IBI'),
(860, 'kabupaten-situbondo', 'kabupaten-situbondo'),
(861, 'kadin-sidoarjo', 'Kadin Sidoarjo'),
(862, 'kabupaten-sidoarjo', 'Kabupaten Sidoarjo'),
(863, 'kabupaten-gresik', 'kabupaten-gresik'),
(864, 'bupati-gresik-sambari-halim-radianto', 'bupati-gresik-sambari-halim-radianto'),
(865, 'pu-bina-marga-sidoarjo', 'pu-bina-marga-sidoarjo'),
(866, 'polres-situbondo', 'polres-situbondo'),
(867, 'guru', 'guru'),
(868, 'polsek-gedangan', 'polsek-gedangan'),
(869, 'expo', 'expo'),
(870, 'advocat', 'advocat'),
(871, 'dprd-sidoarjo', 'dprd-sidoarjo'),
(872, 'dinkes', 'dinkes'),
(873, 'bungkul', 'bungkul'),
(874, 'taman', 'taman'),
(875, 'off-road', 'off-road'),
(876, 'majapahit', 'majapahit'),
(877, 'pemkab-bojonegoro', 'pemkab-bojonegoro'),
(878, 'elpiji-3-kg', 'elpiji-3-kg'),
(879, 'krisis-elpiji', 'krisis-elpiji'),
(880, 'tabung-elpiji', 'tabung elpiji'),
(881, 'ritel', 'ritel'),
(882, 'petani-tembakau', 'petani-tembakau'),
(883, 'krisis-air-bersih', 'krisis-air-bersih'),
(884, 'ipnu-ippnu-tuban', 'ipnu-ippnu-tuban'),
(885, 'kabupaten-tuban', 'kabupaten-tuban'),
(886, 'pesantren', 'pesantren'),
(887, 'pbnu', 'pbnu'),
(888, 'bbm', 'bbm'),
(889, 'sampoerna', 'sampoerna'),
(890, 'kerajinan', 'kerajinan'),
(891, 'mojowarno', 'mojowarno'),
(892, 'tilang', 'tilang'),
(893, 'persetu', 'persetu'),
(894, 'sopir', 'sopir'),
(895, 'mobil-sehat', 'mobil sehat'),
(896, 'lulus', 'lulus'),
(897, 'tafsir-alquran', 'tafsir-alquran'),
(898, 'insan-kamil', 'insan kamil'),
(899, 'filsafat', 'filsafat'),
(900, 'harlah-nu', 'harlah-nu'),
(901, 'hadrah', 'hadrah'),
(902, 'medaeng', 'medaeng'),
(903, 'magang', 'magang'),
(904, 'workshop', 'workshop'),
(905, 'kekerasan', 'kekerasan'),
(906, 'karaoke', 'karaoke'),
(907, 'imb', 'imb'),
(908, 'paradiso', 'paradiso'),
(909, 'tata-pkl', 'tata-pkl'),
(910, 'ujian-sekola-sd', 'ujian-sekola-sd'),
(911, 'konvoi-kelulusan-un', 'konvoi-kelulusan-un'),
(912, 'lapas-kelas-iib-kota-mojokerto', 'lapas-kelas-iib-kota-mojokerto'),
(913, 'kabupaten-magetan', 'Kabupaten Magetan'),
(914, 'pn-mojokerto', 'PN mojokerto'),
(915, 'penipuan', 'penipuan'),
(916, 'konvoi-siswa-lulus', 'konvoi-siswa-lulus'),
(917, 'kiai-sahal', 'Kiai Sahal'),
(918, 'buruh-migran', 'buruh-migran'),
(919, 'nahdliyin', 'nahdliyin'),
(920, 'un-sma', 'UN SMA'),
(921, 'pemkot-mojokerto', 'pemkot-mojokerto'),
(922, 'lapter', 'lapter'),
(923, 'dhbct', 'dhbct'),
(924, 'dishub', 'dishub'),
(925, 'bsm', 'bsm'),
(926, 'salak', 'salak'),
(927, 'wayan-titip', 'wayan titip'),
(928, 'sengketa', 'sengketa'),
(929, 'bunuh-diri', 'bunuh diri'),
(930, 'mtq', 'mtq'),
(931, 'masjid', 'masjid'),
(932, 'alun-alun', 'alun-alun'),
(933, 'mers', 'mers'),
(934, 'ombudsman', 'ombudsman'),
(935, 'bptpm', 'bptpm'),
(936, 'ppp', 'ppp'),
(937, 'surya-darma-ali', 'surya-darma-ali'),
(938, 'sda', 'SDA'),
(939, 'ular', 'ular'),
(940, 'harganas', 'harganas'),
(941, 'mpv', 'mpv'),
(942, 'bayi', 'bayi'),
(943, 'kereta-api', 'kereta-api'),
(944, 'jadwal', 'jadwal'),
(945, 'ganja', 'ganja'),
(946, 'air-minum', 'air-minum'),
(947, 'peradi', 'peradi'),
(948, 'dispendik-sumenep', 'Dispendik Sumenep'),
(949, 'korupsi-dak', 'korupsi-dak'),
(950, 'pasar-modern', 'Pasar Modern'),
(951, 'korupsi-tpa-bindeng', 'Korupsi TPA Bindeng'),
(952, 'pelantikan-kades', 'pelantikan-kades'),
(953, 'surfing', 'surfing'),
(954, 'olahraga', 'olahraga'),
(955, 'polres-jombang', 'polres-jombang'),
(956, 'razia-tempat-karaoke', 'razia-tempat-karaoke'),
(957, 'polres-ponorogo', 'polres-ponorogo'),
(958, 'kabupaten-pasuruan', 'kabupaten-pasuruan'),
(959, 'jk', 'jk'),
(960, 'semburan-lumpur-lapindo', 'semburan-lumpur-lapindo'),
(961, 'pupuk-langka', 'pupuk-langka'),
(962, 'latgab-tni-2014', 'Latgab TNI 2014'),
(963, 'puspen-tni', 'puspen-tni'),
(964, 'wisata', 'wisata'),
(965, 'wtp', 'wtp'),
(966, 'sexy', 'sexy'),
(967, 'penari', 'Penari'),
(968, 'erotis', 'erotis'),
(969, 'koperasi', 'koperasi'),
(970, 'lumpur-lapindo', 'lumpur-lapindo'),
(971, 'peringatan-delapan-tahun-semburan-lumpur-lapindo', ' peringatan delapan tahun semburan lumpur Lapindo'),
(972, 'peringatan-delapan-tahun-lumpur-lapindo', ' Peringatan Delapan Tahun Lumpur Lapindo'),
(973, 'lumpur-lap', 'lumpur Lap'),
(974, 'pilpres', 'pilpres'),
(975, 'ekonomi', 'ekonomi'),
(976, 'pembunuhan', 'pembunuhan'),
(977, 'perampokan', 'perampokan'),
(978, 'penghijauan', 'penghijauan'),
(979, 'unsuri', 'Unsuri'),
(980, 'lbh', 'lbh'),
(981, 'selingkuh', 'selingkuh'),
(982, 'judi', 'judi'),
(983, 'isra-miraj', 'isra-miraj'),
(984, 'zikir', 'zikir'),
(985, 'baitul-mal', 'baitul mal'),
(986, 'rumput-laut', 'rumput laut'),
(987, 'pengedar-ganja', 'pengedar-ganja'),
(988, 'pacar-kembang', 'pacar-kembang'),
(989, 'komisi-informasi', 'komisi-informasi'),
(990, 'galian-c', 'galian c'),
(991, 'pelecehan-seksual', 'pelecehan-seksual'),
(992, 'bangunan-liar', 'bangunan-liar'),
(993, 'senpi', 'senpi'),
(994, 'beasiswa', 'beasiswa'),
(995, 'xl', 'xl'),
(996, 'inspektorat', 'inspektorat'),
(997, 'goptki', 'goptki'),
(998, 'tk', 'tk'),
(999, 'robot', 'robot'),
(1000, 'prajurit-tni', 'prajurit-tni'),
(1001, 'masa-kampanye-pilpres', 'masa-kampanye-pilpres'),
(1002, 'panwaslu-sidoarjo', 'panwaslu-sidoarjo'),
(1003, 'unibraw-malang', 'unibraw-malang'),
(1004, 'pkk-kabupaten-sidoarjo', 'PKK Kabupaten Sidoarjo'),
(1005, 'dukun', 'dukun'),
(1006, 'pendaki', 'pendaki'),
(1007, 'prahara', 'prahara'),
(1008, 'ubhara', 'ubhara'),
(1009, 'mza-jalal', 'mza jalal'),
(1010, 'adipura', 'adipura'),
(1011, 'pilkada', 'pilkada'),
(1012, 'job-fair', 'job-fair'),
(1013, 'paud', 'paud'),
(1014, 'aec', 'aec'),
(1015, 'aniaya', 'aniaya'),
(1016, 'ternak', 'ternak'),
(1017, 'gor', 'gor'),
(1018, 'pertanian', 'pertanian'),
(1019, 'mural', 'mural'),
(1020, 'tulungagung', 'tulungagung'),
(1021, 'budidaya', 'budidaya'),
(1022, 'kolam', 'kolam'),
(1023, 'tki', 'tki'),
(1024, 'dekranasda', 'dekranasda'),
(1025, 'koblen', 'koblen'),
(1026, 'kembar-siam', 'kembar-siam'),
(1027, 'rogojampi', 'rogojampi'),
(1028, 'fkub', 'fkub'),
(1029, 'ruko', 'ruko'),
(1030, 'samarinda', 'samarinda'),
(1031, 'khofifah', 'khofifah'),
(1032, 'jokowi-jk', 'jokowi-jk'),
(1033, 'mojopahit', 'mojopahit'),
(1034, 'makam', 'makam'),
(1035, 'tewas-ditusuk', 'tewas-ditusuk'),
(1036, 'polsek-taman-sidoarjo', 'Polsek Taman Sidoarjo'),
(1037, 'tewas-tertusuk', 'tewas tertusuk'),
(1038, 'lintas-iman-sidoarjo', 'lintas-iman-sidoarjo'),
(1039, 'deklarasi-perdamaian', 'deklarasi-perdamaian'),
(1040, 'deklarasi-dukung-jokowi-jk', 'deklarasi-dukung-jokowi-jk'),
(1041, 'audisi', 'audisi'),
(1042, 'nina', 'nina'),
(1043, 'aset', 'aset'),
(1044, 'adyaksa', 'adyaksa'),
(1045, 'futsal', 'futsal'),
(1046, 'asintel', 'asintel'),
(1047, 'mesum', 'mesum'),
(1048, 'jambret', 'jambret'),
(1049, 'perdagangan', 'perdagangan'),
(1050, 'pasar', 'pasar'),
(1051, 'pwri', 'PWRI'),
(1052, 'rencana-penutupan-dolly', 'rencana-penutupan-dolly'),
(1053, 'pemprov-jawa-timur', 'pemprov-jawa-timur'),
(1054, 'wayang-kertas-koran', 'wayang-kertas-koran'),
(1055, 'khittah', 'khittah'),
(1056, 'cukai', 'cukai'),
(1057, 'rokok', 'rokok'),
(1058, 'calhaj', 'calhaj'),
(1059, 'cjh', 'cjh'),
(1060, 'sindikat', 'sindikat'),
(1061, 'samsat', 'samsat'),
(1062, 'korsel', 'korsel'),
(1063, 'kdrt', 'kdrt'),
(1064, 'apoteker', 'apoteker'),
(1065, 'pusura', 'pusura'),
(1066, 'debat', 'debat'),
(1067, 'bola', 'bola'),
(1068, 'piala-dunia', 'piala-dunia'),
(1069, 'dolly-jarak', 'dolly-jarak'),
(1070, 'haji', 'haji'),
(1071, 'pemerasan', 'pemerasan'),
(1072, 'akad-nikah', 'akad-nikah'),
(1073, 'proyek-mangkrak', 'proyek-mangkrak'),
(1074, 'klenteng-terbakar', 'Klenteng terbakar'),
(1075, 'bank', 'bank'),
(1076, 'pantai', 'pantai'),
(1077, 'muzadi', 'muzadi'),
(1078, 'sunan', 'sunan'),
(1079, 'ampel', 'ampel'),
(1080, 'haul', 'haul'),
(1081, 'perda', 'perda'),
(1082, 'pikap', 'pikap'),
(1083, 'pemuda-pancasila', 'pemuda-pancasila'),
(1084, 'razia', 'razia'),
(1085, 'tulangan', 'tulangan'),
(1086, 'tito', 'tito'),
(1087, 'bungurasih', 'bungurasih'),
(1088, 'gani', ' gani'),
(1089, 'cni', 'cni'),
(1090, 'selebriti', 'selebriti'),
(1091, 'artis', 'artis'),
(1092, 'lemhanas', 'lemhanas'),
(1093, 'bengkok', 'bengkok'),
(1094, 'kbk', 'kbk'),
(1095, 'hotman', 'hotman'),
(1096, 'polres-gresik', 'polres-gresik'),
(1097, 'emisi', 'emisi'),
(1098, 'glonggong', 'glonggong'),
(1099, 'bpn', 'bpn'),
(1100, 'black-campaign', 'black campaign'),
(1101, 'museum', 'museum'),
(1102, 'bts', 'bts'),
(1103, 'tower', 'tower'),
(1104, 'uu-desa', 'uu-desa'),
(1105, 'indayati', 'indayati'),
(1106, 'jrp', 'jrp'),
(1107, 'kdi', 'kdi'),
(1108, 'komnas-ham', 'komnas-ham'),
(1109, 'timah', 'timah'),
(1110, 'por', 'por'),
(1111, 'jatim-timur', 'jatim timur'),
(1112, 'kejagung', 'kejagung'),
(1113, 'pildacil', 'pildacil'),
(1114, 'banjir-sidoarjo', 'banjir-sidoarjo'),
(1115, 'penutupan-dolly', 'penutupan-dolly'),
(1116, 'pwnu-jawa-timur', 'pwnu-jawa-timur'),
(1117, 'penutupan-dolly-dan-jarak', 'penutupan-dolly-dan-jarak'),
(1118, 'aksi-warga-dolly', 'aksi-warga-dolly'),
(1119, 'khitan', 'khitan'),
(1120, 'obor-rakyat', 'obor-rakyat'),
(1121, 'bsps', 'BSPS'),
(1122, 'semen-indonesia', 'semen-indonesia'),
(1123, 'mayat', 'mayat'),
(1124, 'mabuk', 'mabuk'),
(1125, 'pasung', 'pasung'),
(1126, 'ponorogo', 'ponorogo'),
(1127, 'anjal', 'anjal'),
(1128, 'outbond', 'outbond'),
(1129, 'busana', 'busana'),
(1130, 'ramadan', 'ramadan'),
(1131, 'uinsa', 'uinsa'),
(1132, 'iain', 'iain'),
(1133, 'pulau-galang', 'pulau galang'),
(1134, 'tumpang', 'tumpang'),
(1135, 'keuangan', 'keuangan'),
(1136, 'humas', 'humas'),
(1137, 'dewan-pers', 'dewan-pers'),
(1138, 'buron', 'buron'),
(1139, 'santri', 'santri'),
(1140, 'busuk', 'busuk'),
(1141, 'jl-kenari', 'jl kenari'),
(1142, 'perkosa', 'perkosa'),
(1143, 'unesa', 'unesa'),
(1144, 'waduk', 'waduk'),
(1145, 'bagir-manan', 'bagir manan'),
(1146, 'jimat', 'jimat'),
(1147, 'mini-market', 'mini market'),
(1148, 'kasus-korupsi-bimtek', 'kasus-korupsi-bimtek'),
(1149, 'bnn-sidoarjo', 'bnn-sidoarjo'),
(1150, 'penutupan-lokalisasi-dolly-dan-jarak', 'penutupan-lokalisasi-dolly-dan-jarak'),
(1151, 'pemkot-kediri', 'pemkot-kediri'),
(1152, 'eks-lokalisasi-semampir-kediri', 'eks-lokalisasi-semampir-kediri'),
(1153, 'pilpres-2014', ' Pilpres 2014'),
(1154, 'kpu-jawatimur', 'kpu-jawatimur'),
(1155, 'minimarket', 'minimarket'),
(1156, 'pemprov-jawatimur', 'pemprov-jawatimur'),
(1157, 'pelipatan-kertas-suara', 'pelipatan-kertas-suara'),
(1158, 'kpu-bojonegoro', 'kpu-bojonegoro'),
(1159, 'ketoprak', 'ketoprak'),
(1160, 'pecat', 'pecat'),
(1161, 'kekeringan', 'kekeringan'),
(1162, 'lingkungan', 'lingkungan'),
(1163, 'hidup', 'hidup'),
(1164, 'kurikulum', 'kurikulum'),
(1165, 'astrofotografi', 'astrofotografi'),
(1166, 'mucikari', 'mucikari'),
(1167, 'togel', 'togel'),
(1168, 'blbi', 'blbi'),
(1169, 'utang-negara', 'utang negara'),
(1170, 'rukyat', 'rukyat'),
(1171, 'disbun', 'Disbun'),
(1172, 'afta', 'afta'),
(1173, 'knpi-sidoarjo', 'knpi-sidoarjo'),
(1174, 'hutan', 'hutan'),
(1175, 'tambang', 'tambang'),
(1176, 'pilbup', 'pilbup'),
(1177, 'rtrw', 'rtrw'),
(1178, 'kejari-mojokerto', 'kejari-mojokerto'),
(1179, 'semar', 'semar'),
(1180, 'ijazah', 'ijazah'),
(1181, 'solar', 'solar'),
(1182, 'pusat-data', 'pusat data'),
(1183, 'parkir', 'parkir'),
(1184, 'penduduk', 'penduduk'),
(1185, 'paripurna', 'paripurna'),
(1186, 'kali-anget', 'kali anget'),
(1187, 'vonis', 'Vonis'),
(1188, 'akreditasi', 'akreditasi'),
(1189, 'dewan-jatim', 'dewan-jatim'),
(1190, 'kampung', 'kampung'),
(1191, 'uang-palsu', 'uang-palsu'),
(1192, 'aids', 'aids'),
(1193, 'hiv', 'hiv'),
(1194, 'pelantikan', 'pelantikan'),
(1195, 'masjid-bersejarah', 'masjid-bersejarah'),
(1196, 'sipir', 'sipir'),
(1197, 'sedekah', 'sedekah'),
(1198, 'berkelahi', 'berkelahi'),
(1199, 'gepeng', 'gepeng'),
(1200, 'pmk', 'pmk'),
(1201, 'mercon', 'mercon'),
(1202, 'bawaslu', 'bawaslu'),
(1203, 'pks', 'pks'),
(1204, 'pengungsi-syiah', 'pengungsi-syiah'),
(1205, 'kaligrafi', 'kaligrafi'),
(1206, 'ukir', 'ukir'),
(1207, 'operasi', 'operasi'),
(1208, 'apel', 'apel'),
(1209, 'dak', 'dak'),
(1210, 'golkar', 'golkar'),
(1211, 'obrak', 'obrak'),
(1212, 'gus-dur', 'gus-dur'),
(1213, 'megawati', 'megawati'),
(1214, 'nusa-kambangan', 'nusa kambangan'),
(1215, 'mamin', 'mamin'),
(1216, 'kadaluarsa', 'kadaluarsa'),
(1217, 'kuliner', 'kuliner'),
(1218, 'kapur', 'kapur'),
(1219, 'otomotif', 'otomotif'),
(1220, 'hti', 'hti'),
(1221, 'takjil', 'takjil'),
(1222, 'atm', 'atm'),
(1223, 'fkppi', 'fkppi'),
(1224, 'bpk', 'bpk'),
(1225, 'waru', 'waru'),
(1226, 'yatim', 'yatim'),
(1227, 'sawah', 'sawah'),
(1228, 'satpol', 'satpol'),
(1229, 'majelis-permusyawaratan-pengasuh-pesantren-indonesia-mp3i', 'Majelis Permusyawaratan Pengasuh Pesantren Indonesia (MP3I)'),
(1230, 'ketua-kpps-di-jombang', ' Ketua KPPS di Jombang'),
(1231, 'lapas-kelas-iia-sidoarjo', 'lapas-kelas-iia-sidoarjo'),
(1232, 'panwaslu-kediri', 'panwaslu-kediri'),
(1233, 'bupati-sidoarjo-h-saiful-ilah', 'bupati-sidoarjo-h-saiful-ilah'),
(1234, 'operasi-cipkon', 'operasi-cipkon'),
(1235, 'prt', 'prt'),
(1236, 'jokowi-menang', 'jokowi-menang'),
(1237, 'bude-karwo', 'bude-karwo'),
(1238, 'sakit', 'sakit'),
(1239, 'tumor', 'tumor'),
(1240, 'pileg-madura', 'pileg madura'),
(1241, 'pakan', 'pakan'),
(1242, 'bazaar', 'bazaar'),
(1243, 'posko-ramadan', 'Posko Ramadan'),
(1244, 'gp-ansor-sidoarjo', 'gp-ansor-sidoarjo'),
(1245, 'mos', 'mos'),
(1246, 'psn', 'psn'),
(1247, 'phbs', 'phbs'),
(1248, 'gn-ota', 'gn-ota'),
(1249, 'reptil', 'reptil'),
(1250, 'ricoper', 'ricoper'),
(1251, 'perhiasan', 'perhiasan'),
(1252, 'emas', 'emas'),
(1253, 'portal', 'portal'),
(1254, 'pd-pasar', 'pd pasar'),
(1255, 'tradisi', 'tradisi'),
(1256, 'ppk', 'ppk'),
(1257, 'anak-hilang', 'anak hilang'),
(1258, 'dinsos', 'dinsos'),
(1259, 'lira', 'lira'),
(1260, 'ukm', 'ukm'),
(1261, 'bk', 'bk'),
(1262, 'palestina', 'palestina'),
(1263, 'mabes', 'mabes'),
(1264, 'thr', 'thr'),
(1265, 'duduk-sampeyan', 'duduk-sampeyan'),
(1266, 'macet', 'macet'),
(1267, 'bocor', 'bocor'),
(1268, 'spam', 'spam'),
(1269, 'israel', 'israel'),
(1270, 'pmii', 'pmii'),
(1271, 'gelonggong', 'gelonggong'),
(1272, 'darah', 'darah'),
(1273, 'pmi', 'pmi'),
(1274, 'saur', 'saur'),
(1275, 'grebeg', 'grebeg'),
(1276, 'kerjasama', 'Kerjasama'),
(1277, 'tangerang', 'tangerang'),
(1278, 'autis', 'autis'),
(1279, 'dpt', 'dpt'),
(1280, 'tonase', 'tonase'),
(1281, 'pilkades', 'pilkades'),
(1282, 'pilpres-curang', 'pilpres curang'),
(1283, 'akp-samsuil-hadi', 'AKP Samsuil Hadi'),
(1284, 'operasi-ketupat-semeru-2014', 'Operasi Ketupat Semeru 2014'),
(1285, 'polres-bondowoso', 'polres-bondowoso'),
(1286, 'parcel', 'parcel'),
(1287, 'gaji', 'gaji'),
(1288, 'bhakti', 'bhakti'),
(1289, 'rapat-pleno-rekapitulasi-suara', 'rapat-pleno-rekapitulasi-suara'),
(1290, 'bumbu', 'bumbu'),
(1291, 'bus', 'bus'),
(1292, 'diklatpim', 'diklatpim'),
(1293, 'bajing-loncat', 'bajing-loncat'),
(1294, 'abg', 'abg'),
(1295, 'cinta', 'cinta'),
(1296, 'minggat', 'minggat'),
(1297, 'pad', 'pad'),
(1298, 'usaha', 'usaha'),
(1299, 'sk', 'sk'),
(1300, 'watimpres', 'watimpres'),
(1301, 'balik', 'balik'),
(1302, 'pengrajin-parcel', 'pengrajin parcel'),
(1303, 'penandatanganan-mou', 'penandatanganan-mou'),
(1304, 'pemkab-sidoarjo', 'pemkab-sidoarjo'),
(1305, 'kejaksaan-negeri-sidoarjo', 'kejaksaan-negeri-sidoarjo'),
(1306, 'operasi-ketupat-sem', 'operasi-ketupat-sem'),
(1307, 'esek-esek', 'esek-esek'),
(1308, 'spg', 'SPG'),
(1309, 'bingkisan', 'bingkisan'),
(1310, 'baliho', 'baliho'),
(1311, 'tadarus', 'tadarus'),
(1312, 'ayam', 'ayam'),
(1313, 'posko-ansor', 'Posko Ansor'),
(1314, 'sinta-nuriyah', 'sinta-nuriyah'),
(1315, 'thionghoa', 'thionghoa'),
(1316, 'zakat', 'zakat'),
(1317, 'mejayan', 'mejayan'),
(1318, 'dolopo', 'dolopo'),
(1319, 'lazis', 'lazis'),
(1320, 'balongsari', 'balongsari'),
(1321, 'puskesmas', 'puskesmas'),
(1322, 'sungai', 'sungai'),
(1323, 'nol', 'nol'),
(1324, 'pidana', 'pidana'),
(1325, 'khataman', 'khataman'),
(1326, 'cemburu', 'cemburu'),
(1327, 'k13', 'k13'),
(1328, 'pengajian', 'pengajian'),
(1329, 'bukber', 'bukber'),
(1330, 'buka', 'buka'),
(1331, 'jajanan-khas', 'jajanan-khas'),
(1332, 'tes', 'tes'),
(1333, 'patroli', 'patroli'),
(1334, 'mpu', 'mpu'),
(1335, 'tape', 'tape'),
(1336, 'asia', 'asia'),
(1337, 'bansos', 'bansos'),
(1338, 'kangean', 'kangean'),
(1339, 'hilal', 'hilal'),
(1340, 'idul-fitri', 'idul-fitri'),
(1341, 'syawal', 'syawal'),
(1342, 'sumo', 'sumo'),
(1343, 'hari-raya', 'hari raya'),
(1344, 'copet', 'copet'),
(1345, 'janda', 'janda'),
(1346, 'anak-tiri', 'anak tiri'),
(1347, 'ayah-tiri', 'ayah tiri'),
(1348, 'purabaya', 'purabaya'),
(1349, 'dahlan-iskan', 'dahlan-iskan'),
(1350, 'indofood', 'Indofood'),
(1351, 'franciscus-welirang', 'Franciscus Welirang'),
(1352, 'ayelet-shaked', 'Ayelet Shaked'),
(1353, 'hatta-rajasa', 'Hatta rajasa'),
(1354, 'pasar-tumpah', 'Pasar Tumpah'),
(1355, 'murid', 'murid'),
(1356, 'raperda', 'raperda'),
(1357, 'kapolres-bojonegoro', 'kapolres-bojonegoro'),
(1358, 'mekah', 'mekah'),
(1359, 'masjidil-haram', 'masjidil haram'),
(1360, 'abu-bakar-al-baghdadi', 'abu bakar al baghdadi'),
(1361, 'isis', 'isis'),
(1362, 'irak', 'Irak'),
(1363, 'suriah', 'suriah'),
(1364, 'bahai', 'bahai'),
(1365, 'menteri-agama', 'menteri-agama'),
(1366, 'mendagri', 'mendagri'),
(1367, 'pelindo', 'pelindo'),
(1368, 'kkn', 'kkn'),
(1369, 'takbiran', 'takbiran'),
(1370, 'onno-widodo-purbo', 'Onno Widodo Purbo'),
(1371, 'menkominfo', 'menkominfo'),
(1372, 'kabinet', 'kabinet'),
(1373, 'terminal-purabaya', 'terminal-purabaya'),
(1374, 'kepala-uptd-may-ronald', 'Kepala UPTD May Ronald'),
(1375, 'arus-mudik-lebaran', 'arus-mudik-lebaran'),
(1376, 'jalur-rel-ganda', 'jalur rel ganda'),
(1377, 'perlintasan-ka-tanpa-palang-pintu', 'perlintasan KA tanpa palang pintu'),
(1378, 'kasus-penipuan-dan-penggelapan', 'kasus penipuan dan penggelapan'),
(1379, 'saudi-arabia', 'saudi-arabia'),
(1380, 'amerika-serikat', 'amerika-serikat'),
(1381, 'gorong-gorong', 'gorong-gorong'),
(1382, 'religia', 'religia'),
(1383, 'kisah', 'kisah'),
(1384, 'cerpen', 'cerpen'),
(1385, 'rsud-bangil', 'rsud-bangil'),
(1386, 'tebang', 'tebang'),
(1387, 'pohon', 'pohon '),
(1388, 'bina-marga', 'bina-marga'),
(1389, 'bus-sumber-selamat', 'bus-sumber-selamat'),
(1390, 'mapolres-sidoarjo', 'mapolres-sidoarjo'),
(1391, 'm-nuh', 'm-nuh'),
(1392, 'unu', 'unu'),
(1393, 'islam-fundamentalis', 'Islam fundamentalis'),
(1394, 'menkumham', 'menkumham'),
(1395, 'panglima-tni', 'panglima-tni'),
(1396, 'mossad', 'Mossad'),
(1397, 'kapolri', 'kapolri'),
(1398, 'panglimat-tni', 'panglimat-tni'),
(1399, 'edward-snowden', 'edward snowden'),
(1400, 'deddy-mizwar', 'deddy-mizwar'),
(1401, 'pns-pemkab-gresik', 'pns-pemkab-gresik'),
(1402, 'panglima-tni-jendral-tni-dr-moeldoko', 'panglima-tni-jendral-tni-dr-moeldoko'),
(1403, 'halal-bihalal', 'halal bihalal'),
(1404, 'abu-muhammad-al-indunisy', 'Abu Muhammad al Indunisy'),
(1405, 'pemkab-lamongan', 'pemkab-lamongan'),
(1406, 'bupati-lamongan-fadeli', 'bupati-lamongan-fadeli'),
(1407, 'gus-solah', 'gus-solah'),
(1408, 'menteri', 'menteri'),
(1409, 'pemkab-bondowoso', 'pemkab-bondowoso'),
(1410, 'bupati-bondowoso-amin-said-husni', 'bupati-bondowoso-amin-said-husni'),
(1411, 'abu-bakar-baasyir', 'Abu Bakar Baasyir'),
(1412, 'dirjen-pas', 'Dirjen PAS'),
(1413, 'din-syamsuddin', 'din-syamsuddin'),
(1414, 'rsud-sidoarjo', 'rsud-sidoarjo'),
(1415, 'humas-rsud-sidoarjo-ahmad-zainuri', 'Humas RSUD Sidoarjo Ahmad Zainuri'),
(1416, 'poliklinik-rsud-sidoarjo', 'Poliklinik RSUD Sidoarjo'),
(1417, 'wakil-gubernur-jatim-h-saifullah-yusuf', 'wakil-gubernur-jatim-h-saifullah-yusuf'),
(1418, 'prabowo', 'prabowo'),
(1419, 'unu-sidoarjo', 'UNU Sidoarjo'),
(1420, 'mendikbud-m-nuh', 'mendikbud-m-nuh'),
(1421, 'wakil-gubernur-jawa-timur-h-saifullah-yusuf', 'wakil-gubernur-jawa-timur-h-saifullah-yusuf'),
(1422, 'bus-po-sumber-selamat', 'bus-po-sumber-selamat'),
(1423, 'wartawan-jawa-pos-rukin-firda', 'Wartawan Jawa Pos Rukin Firda'),
(1424, 'satlantas-polres-sidoarjo', 'satlantas-polres-sidoarjo'),
(1425, 'google', 'google'),
(1426, 'pemuda-muhammadiyah', 'pemuda-muhammadiyah'),
(1427, 'solo', 'Solo'),
(1428, 'rachmawati-soekarnoputri', 'rachmawati-soekarnoputri'),
(1429, 'nasdem', 'nasdem'),
(1430, 'kantor-transisi', 'Kantor Transisi'),
(1431, 'banleg', 'banleg'),
(1432, 'oli', 'oli'),
(1433, 'massa-prabowo', 'Massa Prabowo'),
(1434, 'inflasi', 'inflasi'),
(1435, 'tafsir-aktual', 'tafsir-aktual'),
(1436, 'tanya-jawab', 'tanya-jawab');

-- --------------------------------------------------------

--
-- Struktur dari tabel `tag_relationship`
--

CREATE TABLE `tag_relationship` (
  `post_id` int(11) NOT NULL,
  `tagId` int(11) NOT NULL
) ENGINE=InnoDB DEFAULT CHARSET=latin1;

--
-- Dumping data untuk tabel `tag_relationship`
--

INSERT INTO `tag_relationship` (`post_id`, `tagId`) VALUES
(598, 5),
(771, 18),
(771, 47),
(771, 48),
(771, 49),
(772, 15),
(772, 45),
(772, 50),
(772, 51),
(924, 57),
(1004, 58),
(1005, 58),
(1020, 24),
(1020, 59),
(1020, 60),
(1020, 61),
(1068, 40),
(1068, 84),
(1068, 85),
(1068, 86),
(1069, 18),
(1069, 45),
(1069, 50),
(1069, 61),
(1069, 87),
(1071, 29),
(1071, 40),
(1071, 50),
(1071, 88),
(1071, 89),
(1072, 90),
(1072, 91),
(1072, 92),
(1072, 93),
(1073, 44),
(1073, 59),
(1073, 94),
(1074, 29),
(1074, 95),
(1074, 96),
(1074, 97),
(1074, 98),
(1083, 49),
(1083, 99),
(1086, 103),
(1086, 104),
(1086, 105),
(1101, 106),
(1101, 107),
(1101, 108),
(1103, 29),
(1103, 55),
(1103, 109),
(1103, 110),
(1104, 111),
(1104, 112),
(1104, 113),
(1105, 109),
(1105, 114),
(1105, 115),
(1106, 15),
(1106, 116),
(1107, 56),
(1107, 117),
(1107, 118),
(1108, 15),
(1108, 119),
(1108, 120),
(1109, 15),
(1109, 52),
(1109, 119),
(1109, 121),
(1110, 28),
(1110, 122),
(1110, 123),
(1111, 124),
(1111, 125),
(1111, 126),
(1112, 109),
(1112, 127),
(1113, 128),
(1113, 129),
(1113, 130),
(1114, 28),
(1114, 79),
(1114, 131),
(1115, 109),
(1115, 132),
(1115, 133),
(1116, 134),
(1116, 135),
(1116, 136),
(1120, 49),
(1120, 137),
(1120, 138),
(1120, 139),
(1120, 140),
(1121, 32),
(1121, 79),
(1121, 141),
(1121, 142),
(1121, 143),
(1123, 29),
(1123, 144),
(1123, 145),
(1123, 146),
(1124, 119),
(1124, 147),
(1124, 148),
(1124, 149),
(1124, 150),
(1127, 151),
(1127, 152),
(1127, 153),
(1128, 29),
(1128, 154),
(1129, 155),
(1129, 156),
(1130, 67),
(1130, 157),
(1130, 158),
(1131, 29),
(1131, 159),
(1132, 160),
(1132, 161),
(1132, 162),
(1133, 163),
(1133, 164),
(1133, 165),
(1134, 130),
(1134, 166),
(1134, 167),
(1135, 168),
(1135, 169),
(1135, 170),
(1136, 29),
(1136, 77),
(1136, 79),
(1137, 171),
(1137, 172),
(1137, 173),
(1138, 44),
(1138, 59),
(1138, 60),
(1138, 174),
(1139, 67),
(1139, 175),
(1139, 176),
(1140, 27),
(1140, 177),
(1140, 178),
(1141, 179),
(1141, 180),
(1141, 181),
(1142, 182),
(1142, 183),
(1144, 44),
(1144, 159),
(1144, 184),
(1144, 185),
(1145, 45),
(1145, 186),
(1145, 187),
(1145, 188),
(1147, 28),
(1147, 189),
(1147, 190),
(1148, 28),
(1149, 87),
(1149, 191),
(1149, 192),
(1150, 44),
(1150, 193),
(1152, 194),
(1153, 137),
(1158, 104),
(1158, 195),
(1158, 196),
(1160, 45),
(1160, 197),
(1160, 198),
(1161, 137),
(1161, 199),
(1161, 200),
(1162, 201),
(1162, 202),
(1163, 203),
(1163, 204),
(1163, 205),
(1163, 206),
(1164, 207),
(1164, 208),
(1165, 22),
(1165, 180),
(1165, 209),
(1166, 210),
(1166, 211),
(1166, 212),
(1167, 213),
(1167, 214),
(1167, 215),
(1168, 136),
(1168, 180),
(1168, 216),
(1169, 197),
(1169, 217),
(1169, 218),
(1170, 15),
(1170, 153),
(1170, 219),
(1171, 28),
(1171, 90),
(1171, 155),
(1171, 220),
(1172, 221),
(1172, 222),
(1172, 223),
(1173, 162),
(1173, 224),
(1173, 225),
(1174, 137),
(1174, 199),
(1174, 200),
(1175, 109),
(1175, 226),
(1175, 227),
(1176, 228),
(1176, 229),
(1177, 230),
(1178, 231),
(1178, 232),
(1179, 233),
(1179, 234),
(1183, 15),
(1183, 235),
(1183, 236),
(1183, 237),
(1184, 15),
(1184, 156),
(1184, 238),
(1184, 239),
(1184, 240),
(1185, 154),
(1185, 157),
(1185, 227),
(1185, 241),
(1186, 28),
(1186, 139),
(1186, 153),
(1186, 242),
(1187, 87),
(1187, 154),
(1187, 243),
(1187, 244),
(1188, 157),
(1188, 241),
(1188, 245),
(1189, 246),
(1189, 247),
(1190, 90),
(1190, 157),
(1190, 241),
(1191, 248),
(1191, 249),
(1191, 250),
(1192, 44),
(1192, 251),
(1192, 252),
(1192, 253),
(1193, 90),
(1193, 157),
(1193, 241),
(1193, 254),
(1194, 15),
(1194, 151),
(1194, 255),
(1195, 256),
(1195, 257),
(1196, 258),
(1196, 259),
(1197, 28),
(1197, 260),
(1198, 203),
(1198, 261),
(1198, 262),
(1199, 50),
(1199, 125),
(1199, 203),
(1213, 154),
(1213, 263),
(1214, 28),
(1214, 264),
(1215, 24),
(1215, 265),
(1220, 28),
(1220, 266),
(1221, 17),
(1221, 109),
(1221, 267),
(1222, 243),
(1222, 268),
(1222, 269),
(1223, 27),
(1223, 270),
(1223, 271),
(1224, 113),
(1224, 272),
(1224, 273),
(1225, 274),
(1225, 275),
(1225, 276),
(1226, 113),
(1226, 277),
(1227, 17),
(1227, 278),
(1227, 279),
(1229, 168),
(1229, 212),
(1229, 280),
(1229, 281),
(1229, 282),
(1230, 87),
(1230, 283),
(1230, 284),
(1231, 207),
(1231, 285),
(1231, 286),
(1234, 287),
(1234, 288),
(1234, 289),
(1234, 290),
(1235, 136),
(1235, 291),
(1235, 292),
(1236, 293),
(1236, 294),
(1237, 152),
(1237, 295),
(1237, 296),
(1238, 159),
(1238, 297),
(1239, 298),
(1239, 299),
(1240, 56),
(1240, 213),
(1240, 300),
(1241, 301),
(1241, 302),
(1241, 303),
(1242, 304),
(1242, 305),
(1243, 307),
(1243, 308),
(1244, 309),
(1244, 310),
(1247, 311),
(1247, 312),
(1248, 313),
(1248, 314),
(1248, 315),
(1249, 316),
(1249, 317),
(1250, 215),
(1250, 257),
(1250, 318),
(1251, 319),
(1252, 90),
(1252, 91),
(1253, 162),
(1253, 213),
(1253, 320),
(1254, 186),
(1254, 321),
(1254, 322),
(1255, 27),
(1255, 270),
(1255, 323),
(1256, 154),
(1256, 324),
(1257, 18),
(1257, 325),
(1258, 125),
(1258, 203),
(1258, 326),
(1258, 327),
(1260, 40),
(1260, 328),
(1260, 329),
(1261, 125),
(1261, 232),
(1261, 249),
(1261, 330),
(1263, 27),
(1263, 331),
(1267, 44),
(1267, 159),
(1268, 332),
(1268, 333),
(1269, 232),
(1269, 334),
(1269, 335),
(1270, 336),
(1270, 337),
(1270, 338),
(1280, 339),
(1280, 340),
(1284, 7),
(1284, 341),
(1284, 342),
(1285, 232),
(1285, 343),
(1285, 344),
(1285, 345),
(1286, 344),
(1286, 346),
(1286, 347),
(1287, 348),
(1287, 349),
(1287, 350),
(1288, 44),
(1288, 59),
(1288, 351),
(1288, 352),
(1290, 353),
(1290, 354),
(1290, 355),
(1299, 356),
(1299, 357),
(1300, 9),
(1301, 28),
(1301, 177),
(1302, 109),
(1302, 358),
(1302, 359),
(1303, 109),
(1303, 358),
(1303, 360),
(1304, 44),
(1304, 59),
(1304, 361),
(1305, 56),
(1305, 362),
(1305, 363),
(1306, 15),
(1306, 364),
(1306, 365),
(1307, 15),
(1307, 366),
(1307, 367),
(1313, 364),
(1313, 368),
(1315, 20),
(1315, 44),
(1315, 59),
(1315, 351),
(1315, 369),
(1315, 370),
(1316, 50),
(1316, 331),
(1316, 371),
(1316, 372),
(1317, 331),
(1317, 373),
(1318, 374),
(1318, 375),
(1318, 376),
(1319, 174),
(1319, 377),
(1319, 378),
(1320, 174),
(1320, 379),
(1320, 380),
(1320, 381),
(1321, 382),
(1321, 383),
(1321, 384),
(1321, 385),
(1322, 104),
(1322, 195),
(1323, 386),
(1323, 387),
(1324, 285),
(1324, 388),
(1324, 389),
(1325, 152),
(1325, 331),
(1326, 159),
(1326, 390),
(1327, 331),
(1328, 28),
(1328, 44),
(1328, 392),
(1329, 44),
(1329, 391),
(1332, 393),
(1332, 394),
(1334, 395),
(1334, 396),
(1335, 67),
(1335, 397),
(1335, 398),
(1340, 399),
(1348, 400),
(1350, 374),
(1351, 97),
(1351, 401),
(1352, 20),
(1352, 402),
(1352, 403),
(1353, 40),
(1353, 331),
(1353, 404),
(1354, 213),
(1354, 405),
(1355, 162),
(1355, 406),
(1357, 32),
(1357, 331),
(1358, 407),
(1358, 408),
(1359, 44),
(1359, 56),
(1360, 136),
(1360, 177),
(1361, 409),
(1371, 24),
(1371, 124),
(1372, 40),
(1372, 410),
(1374, 411),
(1374, 412),
(1375, 24),
(1375, 413),
(1376, 18),
(1376, 414),
(1381, 319),
(1381, 415),
(1382, 402),
(1382, 416),
(1382, 417),
(1384, 257),
(1384, 418),
(1387, 32),
(1387, 419),
(1395, 420),
(1396, 421),
(1397, 127),
(1399, 422),
(1400, 44),
(1408, 423),
(1409, 424),
(1413, 97),
(1414, 425),
(1418, 426),
(1418, 427),
(1419, 428),
(1419, 429),
(1420, 430),
(1421, 431),
(1421, 432),
(1422, 24),
(1422, 433),
(1422, 434),
(1423, 435),
(1423, 436),
(1423, 437),
(1424, 438),
(1424, 439),
(1425, 440),
(1425, 441),
(1426, 442),
(1426, 443),
(1427, 440),
(1427, 441),
(1427, 444),
(1428, 443),
(1428, 445),
(1429, 88),
(1436, 446),
(1436, 447),
(1436, 448),
(1437, 449),
(1437, 450),
(1437, 451),
(1439, 452),
(1439, 453),
(1439, 454),
(1439, 455),
(1440, 456),
(1440, 457),
(1440, 458),
(1440, 459),
(1443, 88),
(1446, 460),
(1446, 461),
(1446, 462),
(1446, 463),
(1450, 464),
(1450, 465),
(1452, 466),
(1453, 16),
(1455, 400),
(1460, 467),
(1461, 468),
(1461, 469),
(1463, 470),
(1465, 471),
(1465, 472),
(1466, 464),
(1466, 473),
(1467, 474),
(1467, 475),
(1467, 476),
(1467, 477),
(1468, 466),
(1469, 478),
(1469, 479),
(1470, 109),
(1470, 480),
(1471, 136),
(1471, 481),
(1472, 27),
(1472, 47),
(1473, 482),
(1474, 27),
(1474, 483),
(1475, 466),
(1475, 484),
(1476, 154),
(1476, 485),
(1478, 154),
(1478, 486),
(1482, 448),
(1484, 395),
(1484, 487),
(1484, 488),
(1485, 203),
(1485, 489),
(1485, 490),
(1485, 491),
(1486, 249),
(1486, 492),
(1486, 493),
(1486, 494),
(1486, 495),
(1488, 496),
(1488, 497),
(1488, 498),
(1488, 499),
(1489, 500),
(1489, 501),
(1489, 502),
(1489, 503),
(1489, 504),
(1490, 402),
(1492, 505),
(1493, 379),
(1494, 448),
(1496, 44),
(1498, 469),
(1498, 506),
(1500, 507),
(1500, 508),
(1500, 509),
(1501, 353),
(1501, 510),
(1501, 511),
(1502, 512),
(1502, 513),
(1502, 514),
(1503, 353),
(1503, 515),
(1503, 516),
(1504, 517),
(1504, 518),
(1504, 519),
(1504, 520),
(1515, 55),
(1515, 521),
(1515, 522),
(1515, 523),
(1516, 458),
(1516, 524),
(1516, 525),
(1517, 69),
(1517, 404),
(1517, 495),
(1523, 348),
(1524, 526),
(1525, 527),
(1525, 528),
(1527, 47),
(1528, 44),
(1529, 529),
(1530, 530),
(1532, 74),
(1533, 531),
(1534, 532),
(1536, 533),
(1536, 534),
(1537, 535),
(1537, 536),
(1538, 537),
(1538, 538),
(1538, 539),
(1539, 540),
(1539, 541),
(1539, 542),
(1540, 303),
(1541, 543),
(1542, 544),
(1543, 544),
(1544, 545),
(1545, 543),
(1546, 545),
(1548, 546),
(1549, 20),
(1550, 433),
(1552, 54),
(1554, 54),
(1554, 547),
(1557, 20),
(1557, 548),
(1558, 15),
(1558, 549),
(1559, 15),
(1559, 180),
(1560, 40),
(1560, 213),
(1561, 40),
(1566, 530),
(1566, 550),
(1580, 551),
(1591, 552),
(1599, 153),
(1599, 553),
(1602, 443),
(1603, 554),
(1604, 125),
(1604, 450),
(1604, 555),
(1604, 556),
(1605, 348),
(1606, 557),
(1606, 558),
(1607, 348),
(1608, 404),
(1608, 559),
(1608, 560),
(1609, 551),
(1610, 170),
(1611, 24),
(1611, 561),
(1611, 562),
(1612, 331),
(1613, 563),
(1615, 466),
(1616, 564),
(1616, 565),
(1616, 566),
(1617, 443),
(1617, 567),
(1618, 568),
(1618, 569),
(1619, 569),
(1619, 570),
(1620, 571),
(1620, 572),
(1621, 573),
(1621, 574),
(1622, 575),
(1622, 576),
(1623, 577),
(1623, 578),
(1624, 579),
(1624, 580),
(1625, 575),
(1626, 581),
(1626, 582),
(1627, 583),
(1627, 584),
(1628, 582),
(1628, 585),
(1634, 545),
(1635, 374),
(1636, 44),
(1637, 586),
(1637, 587),
(1638, 248),
(1638, 482),
(1639, 40),
(1639, 105),
(1639, 588),
(1640, 431),
(1643, 15),
(1644, 186),
(1644, 589),
(1645, 154),
(1645, 590),
(1648, 17),
(1655, 301),
(1655, 545),
(1655, 591),
(1655, 592),
(1655, 593),
(1657, 304),
(1657, 594),
(1657, 595),
(1657, 596),
(1659, 597),
(1659, 598),
(1659, 599),
(1670, 232),
(1670, 559),
(1670, 600),
(1670, 601),
(1670, 602),
(1671, 232),
(1671, 557),
(1671, 603),
(1671, 604),
(1672, 605),
(1672, 606),
(1672, 607),
(1672, 608),
(1673, 559),
(1673, 609),
(1673, 610),
(1688, 611),
(1689, 612),
(1690, 612),
(1692, 613),
(1692, 614),
(1693, 32),
(1693, 615),
(1699, 616),
(1700, 44),
(1700, 59),
(1700, 69),
(1701, 617),
(1703, 600),
(1704, 374),
(1705, 618),
(1706, 619),
(1707, 57),
(1709, 620),
(1711, 621),
(1712, 517),
(1712, 519),
(1713, 44),
(1713, 59),
(1713, 69),
(1714, 28),
(1714, 252),
(1715, 203),
(1715, 622),
(1716, 109),
(1716, 290),
(1716, 623),
(1717, 225),
(1717, 464),
(1722, 152),
(1722, 585),
(1723, 152),
(1723, 624),
(1724, 159),
(1724, 625),
(1725, 466),
(1725, 626),
(1726, 545),
(1727, 627),
(1727, 628),
(1727, 629),
(1729, 47),
(1729, 113),
(1729, 630),
(1731, 431),
(1731, 631),
(1733, 632),
(1734, 515),
(1735, 44),
(1735, 59),
(1736, 109),
(1736, 290),
(1736, 633),
(1737, 634),
(1738, 634),
(1739, 634),
(1740, 109),
(1740, 290),
(1740, 633),
(1741, 634),
(1742, 162),
(1742, 635),
(1743, 634),
(1744, 634),
(1745, 634),
(1746, 27),
(1746, 466),
(1747, 634),
(1748, 304),
(1748, 631),
(1749, 636),
(1750, 109),
(1750, 290),
(1751, 165),
(1752, 109),
(1752, 290),
(1754, 613),
(1754, 637),
(1758, 113),
(1758, 202),
(1758, 468),
(1759, 44),
(1759, 59),
(1759, 69),
(1760, 466),
(1761, 90),
(1761, 543),
(1761, 638),
(1762, 636),
(1763, 639),
(1763, 640),
(1769, 641),
(1770, 642),
(1770, 643),
(1770, 644),
(1771, 645),
(1771, 646),
(1771, 647),
(1772, 648),
(1772, 649),
(1773, 19),
(1773, 519),
(1773, 597),
(1773, 650),
(1773, 651),
(1774, 24),
(1774, 652),
(1774, 653),
(1775, 654),
(1775, 655),
(1775, 656),
(1777, 657),
(1777, 658),
(1777, 659),
(1778, 660),
(1778, 661),
(1778, 662),
(1779, 663),
(1779, 664),
(1779, 665),
(1779, 666),
(1780, 304),
(1780, 667),
(1780, 668),
(1781, 669),
(1781, 670),
(1781, 671),
(1782, 672),
(1782, 673),
(1782, 674),
(1782, 675),
(1784, 676),
(1784, 677),
(1784, 678),
(1785, 137),
(1785, 679),
(1785, 680),
(1785, 681),
(1785, 682),
(1786, 587),
(1786, 683),
(1786, 684),
(1787, 685),
(1787, 686),
(1787, 687),
(1789, 402),
(1789, 688),
(1789, 689),
(1790, 690),
(1791, 691),
(1792, 18),
(1792, 482),
(1793, 692),
(1793, 693),
(1794, 466),
(1795, 694),
(1796, 695),
(1799, 62),
(1799, 385),
(1800, 696),
(1800, 697),
(1801, 357),
(1802, 698),
(1802, 699),
(1803, 700),
(1804, 658),
(1804, 701),
(1805, 49),
(1805, 402),
(1806, 702),
(1806, 703),
(1807, 704),
(1807, 705),
(1807, 706),
(1816, 707),
(1817, 711),
(1818, 431),
(1818, 716),
(1820, 709),
(1820, 710),
(1821, 431),
(1821, 432),
(1821, 716),
(1822, 712),
(1822, 713),
(1823, 714),
(1823, 715),
(1824, 544),
(1824, 716),
(1825, 717),
(1825, 718),
(1827, 716),
(1827, 719),
(1828, 396),
(1828, 720),
(1829, 721),
(1831, 24),
(1832, 650),
(1832, 724),
(1833, 109),
(1833, 725),
(1834, 109),
(1835, 44),
(1835, 59),
(1835, 69),
(1836, 567),
(1837, 567),
(1838, 443),
(1839, 645),
(1839, 726),
(1840, 727),
(1840, 728),
(1841, 507),
(1841, 729),
(1842, 645),
(1842, 726),
(1843, 645),
(1843, 726),
(1845, 396),
(1846, 730),
(1846, 731),
(1847, 606),
(1847, 732),
(1847, 733),
(1848, 353),
(1848, 575),
(1849, 353),
(1849, 734),
(1850, 735),
(1850, 736),
(1850, 737),
(1851, 56),
(1851, 418),
(1851, 567),
(1851, 738),
(1852, 74),
(1852, 739),
(1852, 740),
(1853, 636),
(1854, 320),
(1854, 741),
(1854, 742),
(1855, 136),
(1855, 743),
(1856, 744),
(1857, 745),
(1857, 746),
(1858, 18),
(1859, 20),
(1859, 266),
(1859, 747),
(1860, 636),
(1860, 748),
(1861, 725),
(1862, 18),
(1862, 563),
(1863, 131),
(1863, 304),
(1864, 749),
(1864, 750),
(1865, 636),
(1865, 751),
(1867, 418),
(1867, 729),
(1868, 752),
(1868, 753),
(1869, 62),
(1869, 159),
(1870, 154),
(1870, 567),
(1870, 738),
(1871, 754),
(1872, 203),
(1873, 203),
(1874, 44),
(1874, 59),
(1874, 203),
(1874, 351),
(1874, 755),
(1875, 495),
(1883, 757),
(1887, 758),
(1887, 759),
(1888, 538),
(1889, 44),
(1889, 59),
(1889, 69),
(1890, 90),
(1890, 93),
(1892, 62),
(1892, 385),
(1892, 760),
(1893, 636),
(1894, 761),
(1895, 165),
(1897, 374),
(1898, 136),
(1898, 762),
(1899, 763),
(1900, 44),
(1902, 764),
(1903, 30),
(1904, 215),
(1905, 201),
(1906, 765),
(1907, 766),
(1908, 567),
(1908, 738),
(1913, 67),
(1914, 636),
(1915, 767),
(1916, 768),
(1917, 768),
(1918, 769),
(1919, 770),
(1920, 402),
(1921, 402),
(1922, 771),
(1925, 402),
(1926, 402),
(1927, 402),
(1928, 402),
(1929, 772),
(1930, 773),
(1931, 216),
(1932, 216),
(1933, 402),
(1934, 28),
(1935, 54),
(1935, 301),
(1936, 400),
(1937, 18),
(1937, 50),
(1937, 448),
(1938, 27),
(1938, 774),
(1939, 301),
(1939, 775),
(1940, 109),
(1940, 543),
(1941, 109),
(1941, 776),
(1942, 777),
(1943, 44),
(1943, 59),
(1945, 44),
(1945, 351),
(1945, 778),
(1946, 779),
(1946, 780),
(1947, 44),
(1947, 59),
(1947, 778),
(1948, 781),
(1949, 357),
(1949, 546),
(1950, 44),
(1950, 59),
(1951, 268),
(1951, 292),
(1952, 304),
(1952, 782),
(1952, 783),
(1953, 357),
(1953, 545),
(1956, 159),
(1957, 200),
(1957, 781),
(1958, 784),
(1959, 203),
(1959, 785),
(1960, 545),
(1961, 125),
(1961, 786),
(1962, 228),
(1962, 590),
(1963, 402),
(1964, 781),
(1966, 466),
(1968, 44),
(1969, 189),
(1969, 787),
(1970, 781),
(1971, 348),
(1972, 788),
(1973, 374),
(1974, 789),
(1974, 790),
(1976, 44),
(1976, 59),
(1976, 768),
(1977, 672),
(1977, 765),
(1977, 791),
(1977, 792),
(1978, 793),
(1978, 794),
(1979, 44),
(1979, 768),
(1980, 17),
(1980, 34),
(1982, 768),
(1983, 155),
(1983, 795),
(1984, 92),
(1985, 486),
(1986, 180),
(1987, 32),
(1987, 152),
(1988, 768),
(1989, 495),
(1990, 18),
(1991, 183),
(1991, 396),
(1991, 796),
(1992, 495),
(1992, 797),
(1993, 798),
(1993, 799),
(1993, 800),
(1993, 801),
(1994, 15),
(1994, 53),
(1995, 466),
(1996, 519),
(1996, 782),
(1997, 519),
(1997, 782),
(1998, 593),
(1998, 802),
(1998, 803),
(1998, 804),
(1999, 136),
(1999, 805),
(2000, 353),
(2000, 806),
(2002, 807),
(2002, 808),
(2003, 809),
(2003, 810),
(2004, 606),
(2004, 778),
(2007, 177),
(2008, 24),
(2008, 811),
(2009, 372),
(2010, 18),
(2010, 260),
(2010, 812),
(2011, 44),
(2011, 351),
(2012, 813),
(2014, 765),
(2014, 807),
(2015, 776),
(2016, 24),
(2017, 24),
(2017, 760),
(2018, 342),
(2018, 355),
(2019, 34),
(2019, 814),
(2020, 56),
(2020, 263),
(2022, 144),
(2023, 144),
(2024, 174),
(2024, 385),
(2024, 815),
(2025, 517),
(2025, 816),
(2026, 154),
(2027, 399),
(2027, 817),
(2031, 559),
(2031, 818),
(2034, 819),
(2034, 820),
(2036, 786),
(2036, 821),
(2036, 822),
(2037, 730),
(2037, 823),
(2039, 606),
(2039, 778),
(2040, 512),
(2040, 824),
(2040, 825),
(2041, 657),
(2041, 826),
(2042, 657),
(2043, 396),
(2044, 730),
(2044, 823),
(2063, 231),
(2063, 517),
(2063, 597),
(2063, 827),
(2064, 608),
(2064, 828),
(2065, 829),
(2066, 44),
(2066, 756),
(2066, 768),
(2067, 44),
(2067, 69),
(2067, 768),
(2068, 90),
(2068, 93),
(2069, 348),
(2070, 353),
(2070, 830),
(2071, 466),
(2072, 831),
(2072, 832),
(2073, 833),
(2073, 834),
(2074, 835),
(2075, 32),
(2075, 186),
(2083, 18),
(2083, 563),
(2085, 836),
(2085, 837),
(2086, 304),
(2086, 838),
(2087, 674),
(2087, 778),
(2088, 443),
(2088, 662),
(2089, 507),
(2089, 729),
(2090, 839),
(2090, 840),
(2091, 507),
(2091, 729),
(2092, 730),
(2092, 841),
(2093, 587),
(2093, 842),
(2094, 843),
(2094, 844),
(2095, 507),
(2095, 729),
(2096, 809),
(2096, 845),
(2097, 136),
(2097, 468),
(2098, 835),
(2099, 151),
(2105, 177),
(2106, 348),
(2107, 846),
(2108, 696),
(2109, 405),
(2110, 844),
(2111, 847),
(2111, 848),
(2112, 380),
(2125, 177),
(2126, 154),
(2126, 849),
(2127, 109),
(2128, 850),
(2129, 466),
(2133, 507),
(2139, 319),
(2140, 304),
(2140, 438),
(2141, 730),
(2141, 851),
(2142, 608),
(2142, 730),
(2143, 852),
(2165, 674),
(2165, 853),
(2166, 304),
(2166, 854),
(2166, 855),
(2167, 507),
(2167, 856),
(2168, 438),
(2169, 507),
(2170, 353),
(2170, 857),
(2171, 304),
(2171, 858),
(2171, 859),
(2172, 712),
(2172, 860),
(2173, 861),
(2173, 862),
(2174, 304),
(2174, 305),
(2174, 438),
(2175, 863),
(2175, 864),
(2176, 862),
(2176, 865),
(2177, 304),
(2177, 438),
(2178, 338),
(2178, 862),
(2179, 860),
(2179, 866),
(2180, 266),
(2181, 784),
(2181, 867),
(2182, 90),
(2182, 91),
(2183, 862),
(2183, 868),
(2185, 165),
(2185, 869),
(2186, 789),
(2187, 870),
(2190, 862),
(2190, 871),
(2191, 862),
(2191, 871),
(2192, 862),
(2192, 871),
(2203, 437),
(2203, 872),
(2204, 151),
(2205, 246),
(2205, 326),
(2206, 348),
(2206, 857),
(2207, 186),
(2207, 821),
(2208, 374),
(2209, 90),
(2210, 873),
(2210, 874),
(2211, 90),
(2212, 44),
(2212, 59),
(2213, 62),
(2214, 730),
(2214, 875),
(2214, 876),
(2215, 507),
(2215, 877),
(2215, 878),
(2215, 879),
(2217, 109),
(2218, 875),
(2219, 154),
(2219, 881),
(2220, 597),
(2220, 650),
(2221, 597),
(2221, 650),
(2222, 587),
(2223, 507),
(2223, 882),
(2224, 863),
(2224, 883),
(2225, 884),
(2225, 885),
(2228, 688),
(2228, 886),
(2229, 135),
(2229, 216),
(2229, 549),
(2229, 613),
(2229, 887),
(2231, 683),
(2231, 888),
(2232, 42),
(2232, 44),
(2232, 59),
(2233, 42),
(2233, 44),
(2233, 59),
(2233, 351),
(2234, 748),
(2234, 889),
(2235, 246),
(2235, 326),
(2241, 890),
(2242, 7),
(2243, 7),
(2244, 657),
(2244, 891),
(2245, 650),
(2246, 650),
(2247, 650),
(2248, 136),
(2248, 185),
(2248, 892),
(2249, 136),
(2249, 419),
(2249, 694),
(2250, 203),
(2250, 419),
(2250, 694),
(2251, 200),
(2251, 311),
(2251, 893),
(2252, 28),
(2252, 894),
(2252, 895),
(2253, 154),
(2253, 853),
(2254, 154),
(2254, 176),
(2255, 44),
(2255, 59),
(2255, 896),
(2256, 27),
(2256, 440),
(2256, 852),
(2257, 897),
(2258, 641),
(2258, 898),
(2258, 899),
(2259, 597),
(2259, 650),
(2260, 428),
(2260, 900),
(2260, 901),
(2261, 44),
(2261, 59),
(2261, 902),
(2262, 545),
(2263, 694),
(2267, 873),
(2267, 874),
(2269, 6),
(2269, 7),
(2269, 903),
(2270, 904),
(2270, 905),
(2271, 906),
(2271, 907),
(2271, 908),
(2272, 909),
(2273, 348),
(2274, 910),
(2275, 911),
(2276, 730),
(2276, 912),
(2277, 913),
(2278, 730),
(2278, 914),
(2279, 900),
(2280, 915),
(2281, 916),
(2282, 917),
(2283, 918),
(2283, 919),
(2284, 920),
(2285, 921),
(2286, 44),
(2286, 304),
(2286, 438),
(2287, 18),
(2287, 896),
(2287, 911),
(2287, 916),
(2288, 18),
(2289, 24),
(2289, 75),
(2289, 712),
(2290, 40),
(2290, 922),
(2291, 20),
(2291, 923),
(2292, 409),
(2293, 18),
(2293, 563),
(2300, 24),
(2300, 65),
(2301, 24),
(2301, 65),
(2301, 896),
(2301, 911),
(2301, 916),
(2302, 325),
(2303, 873),
(2303, 874),
(2304, 42),
(2304, 44),
(2304, 59),
(2305, 776),
(2306, 162),
(2306, 696),
(2306, 845),
(2307, 924),
(2308, 787),
(2309, 659),
(2309, 925),
(2310, 112),
(2310, 510),
(2310, 515),
(2310, 787),
(2311, 74),
(2311, 466),
(2311, 915),
(2317, 159),
(2317, 608),
(2323, 348),
(2323, 857),
(2324, 348),
(2324, 857),
(2325, 348),
(2325, 857),
(2326, 112),
(2326, 510),
(2326, 515),
(2327, 88),
(2328, 847),
(2330, 873),
(2330, 874),
(2331, 74),
(2331, 915),
(2332, 416),
(2333, 386),
(2333, 787),
(2335, 9),
(2335, 185),
(2335, 884),
(2336, 733),
(2336, 771),
(2337, 109),
(2337, 315),
(2337, 926),
(2338, 251),
(2338, 810),
(2339, 650),
(2340, 130),
(2340, 301),
(2340, 771),
(2341, 301),
(2341, 927),
(2342, 159),
(2342, 231),
(2343, 28),
(2343, 69),
(2343, 94),
(2344, 154),
(2344, 928),
(2345, 28),
(2345, 929),
(2346, 28),
(2346, 930),
(2347, 109),
(2347, 931),
(2347, 932),
(2348, 374),
(2349, 831),
(2350, 127),
(2351, 348),
(2351, 857),
(2352, 844),
(2352, 933),
(2353, 419),
(2353, 694),
(2354, 934),
(2354, 935),
(2355, 56),
(2356, 936),
(2356, 937),
(2356, 938),
(2357, 939),
(2368, 348),
(2368, 857),
(2370, 348),
(2370, 857),
(2371, 348),
(2371, 857),
(2372, 348),
(2372, 490),
(2372, 857),
(2374, 416),
(2375, 416),
(2376, 97),
(2377, 940),
(2378, 30),
(2379, 941),
(2381, 942),
(2382, 943),
(2382, 944),
(2388, 534),
(2388, 945),
(2393, 348),
(2393, 857),
(2394, 348),
(2394, 857),
(2395, 174),
(2395, 290),
(2396, 174),
(2396, 946),
(2397, 30),
(2397, 246),
(2397, 326),
(2398, 870),
(2398, 947),
(2399, 128),
(2399, 129),
(2400, 782),
(2401, 466),
(2402, 948),
(2402, 949),
(2403, 950),
(2404, 951),
(2405, 952),
(2406, 15),
(2406, 953),
(2406, 954),
(2407, 657),
(2407, 955),
(2408, 956),
(2408, 957),
(2409, 730),
(2410, 958),
(2411, 958),
(2412, 730),
(2413, 402),
(2413, 959),
(2414, 144),
(2416, 364),
(2422, 862),
(2422, 960),
(2423, 507),
(2423, 961),
(2424, 962),
(2424, 963),
(2425, 964),
(2426, 20),
(2426, 965),
(2427, 964),
(2428, 964),
(2429, 24),
(2429, 220),
(2430, 15),
(2430, 402),
(2431, 964),
(2432, 964),
(2433, 348),
(2433, 857),
(2434, 348),
(2434, 857),
(2435, 834),
(2436, 162),
(2437, 966),
(2437, 967),
(2437, 968),
(2438, 408),
(2438, 796),
(2439, 466),
(2440, 177),
(2440, 466),
(2441, 90),
(2441, 969),
(2442, 24),
(2442, 449),
(2456, 970),
(2456, 971),
(2461, 183),
(2461, 485),
(2462, 934),
(2462, 935),
(2463, 174),
(2463, 575),
(2464, 348),
(2464, 857),
(2465, 970),
(2465, 972),
(2466, 42),
(2466, 44),
(2466, 59),
(2466, 768),
(2467, 285),
(2468, 32),
(2469, 301),
(2470, 301),
(2470, 342),
(2471, 970),
(2471, 972),
(2472, 970),
(2472, 972),
(2473, 970),
(2473, 972),
(2474, 970),
(2474, 972),
(2481, 587),
(2481, 974),
(2482, 348),
(2482, 857),
(2483, 174),
(2483, 575),
(2483, 632),
(2484, 534),
(2484, 593),
(2485, 689),
(2486, 49),
(2487, 154),
(2487, 975),
(2488, 109),
(2488, 976),
(2489, 24),
(2490, 24),
(2490, 365),
(2491, 203),
(2491, 882),
(2491, 975),
(2492, 109),
(2492, 819),
(2492, 905),
(2493, 365),
(2493, 477),
(2493, 779),
(2494, 28),
(2494, 69),
(2495, 650),
(2495, 963),
(2496, 597),
(2496, 650),
(2496, 963),
(2497, 154),
(2497, 165),
(2498, 109),
(2510, 977),
(2511, 978),
(2518, 56),
(2518, 165),
(2519, 979),
(2520, 226),
(2520, 571),
(2521, 698),
(2522, 784),
(2522, 980),
(2522, 981),
(2523, 957),
(2523, 982),
(2524, 983),
(2525, 170),
(2525, 789),
(2526, 633),
(2526, 984),
(2527, 632),
(2528, 203),
(2528, 772),
(2528, 985),
(2529, 965),
(2530, 241),
(2531, 982),
(2532, 402),
(2533, 266),
(2533, 816),
(2534, 986),
(2535, 986),
(2537, 109),
(2538, 726),
(2538, 987),
(2539, 979),
(2540, 988),
(2547, 789),
(2548, 755),
(2549, 989),
(2550, 990),
(2551, 991),
(2552, 348),
(2552, 857),
(2553, 992),
(2554, 632),
(2555, 534),
(2568, 988),
(2569, 993),
(2570, 676),
(2570, 994),
(2571, 995),
(2572, 979),
(2573, 130),
(2573, 301),
(2573, 996),
(2577, 997),
(2577, 998),
(2580, 833),
(2580, 999),
(2583, 963),
(2583, 1000),
(2584, 1001),
(2584, 1002),
(2585, 353),
(2585, 1003),
(2586, 862),
(2586, 1004),
(2587, 769),
(2588, 151),
(2588, 1005),
(2589, 692),
(2589, 1006),
(2590, 15),
(2590, 402),
(2590, 1007),
(2598, 177),
(2599, 386),
(2600, 1008),
(2601, 40),
(2601, 1009),
(2602, 1010),
(2603, 882),
(2604, 371),
(2604, 372),
(2604, 1011),
(2605, 40),
(2605, 1012),
(2606, 988),
(2607, 998),
(2607, 1013),
(2608, 679),
(2608, 974),
(2609, 7),
(2609, 1014),
(2610, 315),
(2610, 882),
(2611, 982),
(2612, 1015),
(2614, 979),
(2624, 1016),
(2625, 154),
(2625, 1017),
(2626, 90),
(2626, 241),
(2627, 776),
(2627, 961),
(2627, 1018),
(2628, 399),
(2628, 958),
(2629, 1019),
(2629, 1020),
(2630, 1021),
(2630, 1022),
(2631, 1023),
(2637, 348),
(2637, 857),
(2639, 1024),
(2640, 386),
(2641, 162),
(2642, 872),
(2643, 19),
(2643, 1025),
(2644, 246),
(2644, 466),
(2645, 593),
(2650, 833),
(2651, 1010),
(2652, 1026),
(2652, 1027),
(2653, 43),
(2653, 193),
(2654, 1028),
(2655, 1029),
(2655, 1030),
(2656, 348),
(2656, 857),
(2657, 348),
(2657, 857),
(2658, 831),
(2658, 867),
(2660, 1031),
(2661, 402),
(2665, 862),
(2665, 1032),
(2672, 782),
(2672, 1033),
(2673, 932),
(2674, 32),
(2674, 698),
(2675, 1034),
(2676, 1035),
(2676, 1036),
(2677, 1036),
(2677, 1037),
(2678, 1038),
(2678, 1039),
(2679, 1040),
(2681, 348),
(2681, 857),
(2682, 747),
(2682, 878),
(2683, 402),
(2683, 1040),
(2684, 1041),
(2685, 365),
(2686, 466),
(2693, 725),
(2694, 675),
(2695, 64),
(2697, 348),
(2697, 857),
(2698, 1042),
(2699, 466),
(2699, 757),
(2699, 977),
(2700, 348),
(2700, 857),
(2701, 386),
(2702, 374),
(2702, 1043),
(2703, 907),
(2704, 348),
(2704, 857),
(2705, 679),
(2705, 974),
(2706, 1044),
(2706, 1045),
(2707, 517),
(2709, 301),
(2709, 1046),
(2710, 64),
(2710, 151),
(2710, 611),
(2710, 1047),
(2711, 929),
(2712, 466),
(2712, 1048),
(2713, 301),
(2714, 95),
(2714, 965),
(2720, 835),
(2722, 683),
(2723, 1040),
(2724, 348),
(2724, 857),
(2725, 463),
(2725, 1049),
(2725, 1050),
(2726, 831),
(2727, 863),
(2727, 1051),
(2728, 353),
(2728, 1052),
(2728, 1053),
(2729, 304),
(2729, 1054),
(2730, 613),
(2730, 1055),
(2731, 1056),
(2731, 1057),
(2732, 20),
(2733, 18),
(2733, 34),
(2734, 18),
(2734, 1058),
(2734, 1059),
(2735, 40),
(2735, 77),
(2740, 534),
(2740, 1060),
(2741, 577),
(2741, 684),
(2741, 1061),
(2742, 246),
(2742, 587),
(2743, 1062),
(2743, 1063),
(2744, 980),
(2745, 833),
(2745, 1064),
(2761, 852),
(2762, 1024),
(2763, 1065),
(2764, 443),
(2765, 827),
(2766, 356),
(2767, 42),
(2767, 44),
(2767, 59),
(2769, 831),
(2771, 466),
(2772, 689),
(2773, 1066),
(2775, 982),
(2775, 1067),
(2775, 1068),
(2778, 1069),
(2779, 1070),
(2780, 1071),
(2781, 1072),
(2782, 1073),
(2783, 1074),
(2783, 6987),
(2791, 90),
(2791, 1075),
(2793, 402),
(2793, 1032),
(2793, 1040),
(2794, 177),
(2795, 1077),
(2796, 1078),
(2796, 1079),
(2796, 1080),
(2797, 1078),
(2797, 1079),
(2797, 1080),
(2809, 246),
(2809, 1081),
(2810, 246),
(2810, 326),
(2810, 1081),
(2812, 177),
(2812, 466),
(2812, 1082),
(2813, 1083),
(2814, 339),
(2815, 1084),
(2816, 40),
(2816, 637),
(2817, 274),
(2817, 1085),
(2818, 1086),
(2818, 1087),
(2819, 56),
(2819, 1088),
(2820, 698),
(2821, 1089),
(2822, 1090),
(2822, 1091),
(2823, 1092),
(2824, 1093),
(2825, 7),
(2825, 28),
(2825, 1094),
(2826, 412),
(2826, 1095),
(2827, 27),
(2827, 1096),
(2828, 1095),
(2829, 727),
(2830, 863),
(2830, 1097),
(2831, 485),
(2833, 32),
(2834, 637),
(2835, 18),
(2835, 364),
(2835, 1098),
(2836, 203),
(2836, 215),
(2837, 154),
(2837, 1099),
(2838, 200),
(2839, 676),
(2842, 1014),
(2843, 1100),
(2844, 781),
(2845, 1101),
(2846, 965),
(2847, 1102),
(2847, 1103),
(2848, 1095),
(2849, 1031),
(2850, 24),
(2851, 618),
(2852, 1031),
(2854, 662),
(2855, 402),
(2856, 606),
(2857, 1104),
(2858, 1105),
(2858, 1106),
(2858, 1107),
(2859, 28),
(2859, 1108),
(2859, 1109),
(2860, 573),
(2861, 1110),
(2861, 1111),
(2862, 20),
(2863, 372),
(2864, 203),
(2864, 959),
(2865, 77),
(2866, 348),
(2866, 857),
(2866, 1052),
(2866, 1069),
(2867, 227),
(2868, 290),
(2869, 1112),
(2870, 348),
(2870, 857),
(2870, 1052),
(2870, 1069),
(2874, 593),
(2876, 485),
(2877, 17),
(2879, 1104),
(2881, 1113),
(2882, 151),
(2882, 957),
(2883, 466),
(2884, 348),
(2884, 857),
(2884, 1052),
(2884, 1069),
(2885, 348),
(2885, 857),
(2885, 1052),
(2885, 1069),
(2886, 348),
(2886, 857),
(2886, 1052),
(2886, 1069),
(2887, 348),
(2887, 857),
(2887, 1052),
(2887, 1069),
(2888, 1118),
(2889, 1117),
(2894, 651),
(2894, 963),
(2895, 1114),
(2896, 1115),
(2896, 1116),
(2897, 290),
(2897, 1114),
(2898, 290),
(2898, 1114),
(2899, 1114),
(2900, 1119),
(2901, 20),
(2902, 40),
(2902, 959),
(2903, 24),
(2903, 633),
(2904, 372),
(2905, 54),
(2906, 1015),
(2907, 494),
(2908, 22),
(2909, 982),
(2910, 831),
(2911, 348),
(2911, 857),
(2911, 1052),
(2911, 1069),
(2911, 1115),
(2911, 1117),
(2911, 1118),
(2913, 348),
(2913, 857),
(2913, 1052),
(2913, 1069),
(2913, 1115),
(2913, 1117),
(2913, 1118),
(2914, 348),
(2914, 857),
(2914, 1052),
(2914, 1069),
(2914, 1115),
(2914, 1117),
(2914, 1118),
(2927, 517),
(2928, 1120),
(2929, 1121),
(2930, 1122),
(2931, 974),
(2932, 1123),
(2933, 1124),
(2934, 982),
(2935, 1120),
(2936, 1125),
(2936, 1126),
(2937, 788),
(2938, 1127),
(2938, 1128),
(2939, 831),
(2940, 348),
(2940, 857),
(2940, 1052),
(2940, 1069),
(2940, 1115),
(2940, 1117),
(2940, 1118),
(2941, 1050),
(2942, 109),
(2942, 348),
(2942, 490),
(2942, 857),
(2942, 1052),
(2942, 1069),
(2942, 1115),
(2942, 1117),
(2942, 1118),
(2943, 974),
(2943, 1001),
(2944, 1129),
(2944, 1130),
(2945, 1131),
(2945, 1132),
(2946, 466),
(2954, 1133),
(2955, 867),
(2956, 835),
(2957, 128),
(2957, 129),
(2958, 408),
(2958, 796),
(2959, 90),
(2959, 241),
(2960, 1130),
(2961, 348),
(2961, 857),
(2961, 1052),
(2961, 1069),
(2961, 1115),
(2961, 1117),
(2961, 1118),
(2962, 402),
(2962, 1032),
(2962, 1040),
(2963, 913),
(2963, 969),
(2964, 1134),
(2965, 18),
(2966, 15),
(2967, 943),
(2968, 1090),
(2969, 443),
(2970, 676),
(2970, 1122),
(2971, 676),
(2971, 1122),
(2972, 676),
(2972, 1122),
(2973, 989),
(2974, 246),
(2975, 1135),
(2976, 177),
(2977, 175),
(2978, 543),
(2978, 1135),
(2979, 847),
(2980, 676),
(2980, 1122),
(2981, 853),
(2982, 1136),
(2982, 1137),
(2983, 136),
(2983, 633),
(2984, 976),
(2984, 1047),
(2984, 1138),
(2985, 180),
(2985, 1139),
(2986, 554),
(2986, 1140),
(2987, 836),
(2987, 1141),
(2988, 534),
(2988, 612),
(2989, 1142),
(2989, 1143),
(2989, 1144),
(2990, 1137),
(2990, 1145),
(2991, 177),
(2991, 1146),
(2992, 587),
(2993, 1147),
(3000, 507),
(3000, 1148),
(3001, 1149),
(3002, 1150),
(3003, 1151),
(3003, 1152),
(3004, 1153),
(3004, 1154),
(3005, 1116),
(3005, 1155),
(3005, 1156),
(3006, 431),
(3006, 1153),
(3007, 1153),
(3007, 1157),
(3007, 1158),
(3008, 260),
(3008, 1159),
(3009, 1120),
(3010, 17),
(3010, 1160),
(3011, 15),
(3012, 1084),
(3012, 1130),
(3013, 54),
(3013, 1161),
(3016, 1162),
(3016, 1163),
(3017, 1164),
(3018, 1095),
(3027, 348),
(3027, 857),
(3027, 1052),
(3027, 1069),
(3027, 1115),
(3027, 1117),
(3027, 1118),
(3027, 1150),
(3028, 348),
(3028, 857),
(3028, 1052),
(3028, 1069),
(3028, 1115),
(3028, 1117),
(3028, 1118),
(3028, 1150),
(3029, 1165),
(3031, 246),
(3033, 1047),
(3036, 177),
(3037, 490),
(3037, 1166),
(3038, 831),
(3039, 1167),
(3040, 1120),
(3041, 27),
(3041, 1119),
(3042, 246),
(3042, 1130),
(3043, 1075),
(3044, 1168),
(3044, 1169),
(3045, 1170),
(3046, 1130),
(3047, 174),
(3047, 575),
(3048, 928),
(3048, 1171),
(3049, 982),
(3050, 1014),
(3050, 1172),
(3051, 348),
(3051, 857),
(3051, 1052),
(3051, 1069),
(3051, 1115),
(3051, 1117),
(3051, 1118),
(3051, 1150),
(3052, 348),
(3052, 857),
(3052, 1052),
(3052, 1069),
(3052, 1115),
(3052, 1117),
(3052, 1118),
(3052, 1150),
(3053, 490),
(3054, 982),
(3055, 1149),
(3055, 1173),
(3060, 125),
(3061, 17),
(3061, 1130),
(3062, 125),
(3062, 450),
(3063, 1032),
(3063, 1126),
(3064, 784),
(3064, 1174),
(3065, 1047),
(3067, 113),
(3068, 902),
(3069, 902),
(3070, 113),
(3071, 113),
(3071, 635),
(3072, 1175),
(3075, 194),
(3076, 485),
(3077, 731),
(3077, 1176),
(3078, 1177),
(3078, 1178),
(3079, 125),
(3079, 771),
(3080, 125),
(3080, 260),
(3080, 1179),
(3081, 125),
(3081, 495),
(3082, 773),
(3083, 125),
(3083, 203),
(3083, 532),
(3084, 125),
(3084, 495),
(3085, 159),
(3085, 726),
(3087, 786),
(3087, 1180),
(3088, 92),
(3089, 92),
(3089, 1181),
(3090, 1182),
(3091, 788),
(3091, 1183),
(3092, 1184),
(3093, 466),
(3094, 29),
(3094, 1185),
(3095, 6),
(3095, 60),
(3095, 165),
(3096, 834),
(3097, 364),
(3097, 750),
(3098, 18),
(3098, 354),
(3098, 965),
(3099, 613),
(3100, 125),
(3100, 203),
(3101, 125),
(3101, 450),
(3102, 249),
(3103, 125),
(3103, 450),
(3103, 485),
(3104, 125),
(3104, 495),
(3104, 1084),
(3105, 125),
(3105, 495),
(3105, 496),
(3112, 125),
(3112, 249),
(3112, 621),
(3113, 125),
(3113, 450),
(3114, 125),
(3114, 203),
(3114, 1186),
(3115, 125),
(3115, 495),
(3124, 348),
(3124, 857),
(3124, 1052),
(3124, 1069),
(3124, 1115),
(3124, 1117),
(3124, 1118),
(3124, 1150),
(3125, 976),
(3125, 1187),
(3126, 1188),
(3126, 1189),
(3127, 788),
(3128, 167),
(3128, 303),
(3128, 434),
(3129, 1130),
(3129, 1190),
(3130, 1191),
(3131, 466),
(3132, 466),
(3141, 136),
(3141, 942),
(3142, 396),
(3142, 485),
(3143, 485),
(3143, 705),
(3144, 6),
(3145, 789),
(3145, 1192),
(3145, 1193),
(3146, 1126),
(3147, 466),
(3148, 284),
(3149, 136),
(3149, 1194),
(3150, 125),
(3150, 249),
(3151, 125),
(3151, 450),
(3152, 125),
(3152, 495),
(3153, 125),
(3153, 450),
(3154, 125),
(3154, 495),
(3155, 1195),
(3156, 931),
(3156, 1195),
(3157, 931),
(3157, 1195),
(3158, 931),
(3158, 1195),
(3159, 931),
(3159, 1195),
(3160, 162),
(3160, 391),
(3161, 125),
(3161, 450),
(3162, 125),
(3162, 249),
(3163, 125),
(3163, 495),
(3164, 125),
(3164, 450),
(3165, 931),
(3165, 1195),
(3166, 127),
(3166, 834),
(3167, 831),
(3167, 1196),
(3168, 223),
(3168, 1130),
(3169, 1197),
(3169, 1198),
(3170, 17),
(3171, 1199),
(3172, 1173),
(3173, 1139),
(3174, 399),
(3175, 543),
(3176, 1200),
(3177, 56),
(3178, 1201),
(3179, 365),
(3181, 1201),
(3182, 27),
(3182, 760),
(3183, 964),
(3184, 1202),
(3185, 1201),
(3186, 17),
(3189, 1139),
(3189, 1203),
(3190, 49),
(3190, 717),
(3190, 718),
(3191, 431),
(3191, 1153),
(3191, 1204),
(3192, 24),
(3192, 49),
(3193, 931),
(3193, 1195),
(3194, 49),
(3195, 125),
(3195, 495),
(3196, 109),
(3196, 1205),
(3196, 1206),
(3197, 1028),
(3201, 125),
(3201, 450),
(3201, 1207),
(3202, 125),
(3202, 450),
(3203, 125),
(3203, 203),
(3204, 136),
(3205, 136),
(3205, 1208),
(3206, 485),
(3207, 1126),
(3208, 136),
(3209, 183),
(3210, 1209),
(3211, 1195),
(3212, 1210),
(3213, 902),
(3214, 162),
(3215, 831),
(3216, 246),
(3217, 974),
(3219, 152),
(3220, 1211),
(3222, 1139),
(3223, 477),
(3224, 27),
(3226, 109),
(3229, 200),
(3230, 974),
(3231, 136),
(3232, 418),
(3233, 32),
(3234, 485),
(3239, 1195),
(3240, 1212),
(3241, 587),
(3242, 348),
(3242, 857),
(3242, 1052),
(3242, 1069),
(3242, 1115),
(3242, 1117),
(3242, 1118),
(3242, 1150),
(3244, 1213),
(3245, 534),
(3245, 1214),
(3246, 976),
(3247, 127),
(3248, 506),
(3249, 348),
(3250, 127),
(3251, 780),
(3252, 1215),
(3252, 1216),
(3253, 974),
(3254, 238),
(3255, 211),
(3256, 485),
(3257, 241),
(3258, 342),
(3259, 1126),
(3260, 974),
(3261, 1217),
(3261, 9538),
(3262, 260),
(3263, 1218),
(3264, 90),
(3265, 1219),
(3266, 1130),
(3267, 34),
(3268, 1130),
(3269, 125),
(3269, 203),
(3271, 402),
(3272, 200),
(3273, 32),
(3274, 170),
(3275, 17),
(3276, 613),
(3276, 1220),
(3277, 125),
(3277, 495),
(3278, 125),
(3278, 450),
(3279, 125),
(3279, 495),
(3280, 125),
(3280, 450),
(3281, 125),
(3281, 203),
(3282, 1221),
(3283, 974),
(3284, 1222),
(3285, 1223),
(3286, 632),
(3287, 1224),
(3288, 1225),
(3289, 165),
(3290, 1226),
(3291, 159),
(3292, 1227),
(3293, 747),
(3294, 136),
(3296, 485),
(3297, 942),
(3298, 942),
(3299, 545),
(3300, 32),
(3301, 24),
(3302, 1199),
(3302, 1228),
(3303, 40),
(3304, 1153),
(3304, 1229),
(3305, 974),
(3305, 1230),
(3306, 431),
(3306, 1153),
(3306, 1231),
(3307, 137),
(3307, 1153),
(3307, 1232),
(3308, 1153),
(3308, 1231),
(3308, 1233),
(3309, 845),
(3309, 1153),
(3310, 329),
(3310, 606),
(3310, 1153),
(3311, 593),
(3311, 1234),
(3312, 587),
(3312, 593),
(3312, 1153),
(3319, 1032),
(3320, 1032),
(3321, 1032),
(3322, 357),
(3323, 763),
(3324, 1195),
(3325, 1195),
(3326, 921),
(3327, 485),
(3328, 1215),
(3329, 249),
(3329, 1084),
(3329, 1130),
(3330, 203),
(3331, 1195),
(3332, 466),
(3332, 1235),
(3333, 1236),
(3334, 1237),
(3335, 301),
(3336, 633),
(3337, 834),
(3338, 1238),
(3338, 1239),
(3339, 1240),
(3340, 974),
(3341, 125),
(3341, 249),
(3342, 1195),
(3343, 1241),
(3344, 171),
(3345, 1242),
(3346, 485),
(3347, 774),
(3347, 810),
(3348, 1164),
(3349, 151),
(3350, 1189),
(3351, 587),
(3352, 689),
(3353, 74),
(3353, 915),
(3354, 1123),
(3359, 1243),
(3359, 1244),
(3361, 1195),
(3362, 6),
(3362, 485),
(3363, 268),
(3363, 292),
(3363, 331),
(3363, 624),
(3364, 127),
(3364, 132),
(3365, 236),
(3366, 1245),
(3367, 1246),
(3367, 1247),
(3368, 1248),
(3369, 1249),
(3369, 1250),
(3370, 731),
(3371, 125),
(3371, 495),
(3371, 1251),
(3371, 1252),
(3372, 203),
(3372, 252),
(3373, 1195),
(3374, 989),
(3375, 1028),
(3377, 982),
(3380, 1177),
(3383, 1253),
(3385, 1050),
(3385, 1254),
(3386, 632),
(3387, 1083),
(3388, 18),
(3389, 1255),
(3390, 180),
(3391, 1130),
(3392, 773),
(3393, 1256),
(3394, 517),
(3394, 597),
(3394, 650),
(3394, 963),
(3394, 1000),
(3395, 1257),
(3396, 1258),
(3396, 1259),
(3397, 485),
(3398, 1242),
(3398, 1260),
(3399, 480),
(3400, 1261),
(3401, 867),
(3402, 755),
(3403, 331),
(3404, 215),
(3404, 1262),
(3409, 249),
(3410, 203),
(3411, 154),
(3411, 750),
(3412, 331),
(3412, 404),
(3412, 589),
(3412, 624),
(3413, 1215),
(3414, 597),
(3414, 650),
(3414, 724),
(3414, 1263),
(3415, 1264),
(3416, 1262),
(3417, 1130),
(3418, 1242),
(3419, 834),
(3419, 1265),
(3419, 1266),
(3420, 69),
(3420, 94),
(3420, 1267),
(3421, 946),
(3421, 1268),
(3422, 1262),
(3422, 1269),
(3424, 423),
(3425, 495),
(3426, 203),
(3427, 1262),
(3427, 1270),
(3428, 364),
(3428, 1271),
(3429, 203),
(3429, 760),
(3430, 203),
(3431, 249),
(3431, 1272),
(3431, 1273),
(3432, 1274),
(3432, 1275),
(3433, 251),
(3433, 750),
(3434, 1276),
(3434, 1277),
(3435, 1187),
(3436, 99),
(3437, 833),
(3437, 1278),
(3438, 236),
(3439, 186),
(3440, 788),
(3441, 331),
(3441, 1279),
(3442, 331),
(3443, 152),
(3443, 1280),
(3444, 18),
(3445, 20),
(3446, 54),
(3446, 1281),
(3447, 24),
(3448, 1262),
(3452, 331),
(3454, 1282),
(3455, 1195),
(3457, 726),
(3457, 1283),
(3457, 1284),
(3458, 1284),
(3458, 1285),
(3459, 862),
(3459, 1233),
(3465, 177),
(3466, 177),
(3467, 177),
(3468, 260),
(3469, 236),
(3470, 1130),
(3471, 26),
(3471, 1286),
(3472, 750),
(3472, 1287),
(3473, 236),
(3474, 1181),
(3475, 521),
(3476, 1050),
(3476, 1254),
(3477, 168),
(3477, 281),
(3477, 282),
(3478, 587),
(3479, 203),
(3479, 1288),
(3480, 125),
(3480, 974),
(3481, 1032),
(3481, 1153),
(3481, 1289),
(3482, 125),
(3482, 249),
(3482, 771),
(3483, 203),
(3483, 1201),
(3484, 1059),
(3486, 975),
(3486, 1290),
(3487, 892),
(3487, 1291),
(3488, 1292),
(3489, 466),
(3489, 1293),
(3491, 402),
(3493, 1264),
(3497, 1294),
(3497, 1295),
(3497, 1296),
(3498, 784),
(3498, 1297),
(3498, 1298),
(3499, 17),
(3499, 34),
(3499, 1299),
(3500, 554),
(3501, 534),
(3502, 285),
(3502, 1300),
(3503, 88),
(3504, 847),
(3505, 1192),
(3505, 1193),
(3506, 466),
(3507, 202),
(3507, 1062),
(3508, 127),
(3508, 132),
(3509, 127),
(3509, 132),
(3510, 1059),
(3511, 236),
(3511, 1301),
(3512, 1286),
(3513, 152),
(3514, 888),
(3515, 521),
(3516, 507),
(3516, 1302),
(3517, 1303),
(3517, 1304),
(3517, 1305),
(3518, 1284),
(3518, 1285),
(3518, 1306),
(3519, 249),
(3519, 782),
(3520, 982),
(3521, 1166),
(3521, 1307),
(3521, 1308),
(3522, 1226),
(3522, 1309),
(3523, 466),
(3524, 408),
(3524, 796),
(3525, 81),
(3526, 632),
(3527, 236),
(3528, 236),
(3529, 177),
(3529, 466),
(3530, 1195),
(3531, 1305),
(3532, 1226),
(3533, 1310),
(3534, 1311),
(3535, 1260),
(3536, 1266),
(3537, 236),
(3537, 1266),
(3538, 1050),
(3539, 466),
(3540, 40),
(3541, 236),
(3542, 1264),
(3543, 354),
(3544, 236),
(3545, 534),
(3546, 27),
(3547, 364),
(3547, 1312),
(3548, 177),
(3549, 466),
(3550, 1070),
(3551, 402),
(3552, 402),
(3556, 1244),
(3556, 1313),
(3558, 1212),
(3558, 1314),
(3559, 236),
(3560, 1315),
(3560, 1316),
(3561, 241),
(3561, 1317),
(3561, 1318),
(3563, 1319),
(3565, 194),
(3565, 1320),
(3565, 1321),
(3566, 1264),
(3567, 90),
(3567, 266),
(3568, 495),
(3568, 1322),
(3569, 402),
(3569, 495),
(3569, 1323),
(3569, 1324),
(3570, 1195),
(3571, 1325),
(3572, 6),
(3572, 7),
(3573, 977),
(3574, 1195),
(3575, 1326),
(3576, 1215),
(3577, 385),
(3578, 1164),
(3578, 1327),
(3579, 1116),
(3580, 485),
(3581, 974),
(3582, 152),
(3582, 984),
(3583, 1028),
(3584, 1328),
(3585, 834),
(3586, 1275),
(3587, 1329),
(3587, 1330),
(3588, 238),
(3588, 477),
(3589, 1331),
(3590, 236),
(3590, 894),
(3590, 1332),
(3591, 251),
(3591, 1333),
(3592, 1023),
(3593, 177),
(3594, 1334),
(3595, 18),
(3595, 1335),
(3596, 1124),
(3599, 1201),
(3600, 1201),
(3601, 697),
(3603, 957),
(3604, 236),
(3605, 1314),
(3606, 117),
(3607, 1311),
(3608, 1286),
(3609, 1039),
(3611, 750),
(3613, 1336),
(3614, 151),
(3615, 385),
(3616, 826),
(3617, 587),
(3618, 374),
(3620, 236),
(3621, 236),
(3622, 1199),
(3623, 18),
(3623, 1337),
(3624, 1215),
(3625, 1338),
(3632, 90),
(3633, 781),
(3634, 833),
(3635, 1008),
(3636, 171),
(3637, 236),
(3638, 978),
(3639, 154),
(3639, 894),
(3640, 256),
(3641, 81),
(3641, 236),
(3642, 81),
(3642, 236),
(3643, 364),
(3650, 77),
(3650, 495),
(3652, 475),
(3653, 455),
(3654, 776),
(3654, 961),
(3655, 741),
(3655, 1236),
(3656, 717),
(3656, 1236),
(3657, 1339),
(3657, 1340),
(3657, 1341),
(3658, 468),
(3658, 1342),
(3659, 1091),
(3660, 81),
(3660, 750),
(3660, 1340),
(3660, 1343),
(3661, 1344),
(3661, 1345),
(3662, 1346),
(3662, 1347),
(3663, 1031),
(3664, 1070),
(3665, 247),
(3666, 1020),
(3667, 219),
(3668, 942),
(3669, 1087),
(3669, 1348),
(3670, 1031),
(3670, 1349),
(3671, 888),
(3671, 1350),
(3671, 1351),
(3672, 1262),
(3672, 1269),
(3672, 1352),
(3675, 974),
(3675, 1353),
(3682, 365),
(3683, 571),
(3684, 1180),
(3686, 1172),
(3687, 177),
(3688, 466),
(3689, 534),
(3689, 537),
(3689, 538),
(3690, 1354),
(3691, 81),
(3692, 475),
(3693, 867),
(3693, 1015),
(3693, 1355),
(3696, 1357),
(3697, 364),
(3698, 1358),
(3698, 1359),
(3699, 650),
(3699, 963),
(3700, 1360),
(3700, 1361),
(3700, 1362),
(3700, 1363),
(3701, 849),
(3701, 1364),
(3701, 1365),
(3701, 1366),
(3702, 782),
(3703, 1367),
(3704, 1368),
(3705, 1201),
(3706, 1369),
(3707, 1264),
(3708, 857),
(3710, 1370),
(3710, 1371),
(3710, 1372),
(3711, 1373),
(3711, 1374),
(3711, 1375),
(3712, 304),
(3712, 1376),
(3712, 1377),
(3713, 587),
(3713, 1378),
(3715, 132),
(3717, 236),
(3717, 750),
(3718, 750),
(3719, 750),
(3720, 1343),
(3720, 1379),
(3720, 1380),
(3721, 236),
(3721, 750),
(3721, 1373),
(3722, 236),
(3722, 750),
(3723, 853),
(3723, 1309),
(3724, 750),
(3724, 1309),
(3725, 236),
(3725, 587),
(3725, 750),
(3726, 200),
(3726, 1381),
(3727, 236),
(3727, 750),
(3728, 534),
(3729, 1382),
(3729, 1383),
(3735, 964),
(3736, 636),
(3737, 964),
(3738, 964),
(3739, 1384),
(3740, 1061),
(3741, 362),
(3741, 1385),
(3742, 636),
(3743, 399),
(3744, 1386),
(3744, 1387),
(3744, 1388),
(3745, 636),
(3746, 621),
(3746, 886),
(3747, 1061),
(3748, 399),
(3749, 975),
(3750, 348),
(3750, 857),
(3750, 1052),
(3750, 1069),
(3750, 1115),
(3750, 1117),
(3750, 1118),
(3750, 1150),
(3751, 348),
(3751, 857),
(3751, 1052),
(3751, 1069),
(3751, 1115),
(3751, 1117),
(3751, 1118),
(3751, 1150),
(3753, 1373),
(3753, 1389),
(3753, 1390),
(3754, 1031),
(3755, 1391),
(3755, 1392),
(3756, 636),
(3757, 636),
(3758, 964),
(3759, 200),
(3760, 1373),
(3760, 1389),
(3760, 1390),
(3763, 222),
(3763, 1361),
(3763, 1393),
(3766, 90),
(3767, 17),
(3768, 964),
(3769, 1361),
(3769, 1371),
(3769, 1394),
(3769, 1395),
(3770, 1396),
(3770, 1397),
(3770, 1398),
(3770, 1399),
(3771, 1361),
(3771, 1400),
(3772, 440),
(3772, 864),
(3772, 1401),
(3773, 963),
(3773, 1402),
(3773, 1403),
(3774, 1361),
(3774, 1397),
(3774, 1404),
(3775, 1403),
(3775, 1405),
(3775, 1406),
(3776, 402),
(3776, 1407),
(3776, 1408),
(3777, 1403),
(3777, 1409),
(3777, 1410),
(3778, 1361),
(3778, 1411),
(3778, 1412),
(3779, 1361),
(3779, 1413),
(3780, 1414),
(3780, 1415),
(3780, 1416),
(3781, 809),
(3781, 1361),
(3781, 1417),
(3782, 32),
(3782, 974),
(3782, 1418),
(3783, 784),
(3784, 373),
(3785, 636),
(3786, 468),
(3787, 1233),
(3787, 1419),
(3787, 1420),
(3787, 1421),
(3788, 1373),
(3788, 1422),
(3788, 1423),
(3788, 1424),
(3790, 1361),
(3790, 1371),
(3790, 1425),
(3791, 621),
(3791, 1361),
(3791, 1426),
(3792, 1019),
(3792, 1361),
(3792, 1427),
(3793, 1428),
(3793, 1429),
(3794, 159),
(3794, 162),
(3794, 1361),
(3795, 402),
(3795, 959),
(3795, 1430),
(3796, 1431),
(3797, 1375),
(3798, 1432),
(3799, 466),
(3800, 373),
(3801, 125),
(3802, 399),
(3803, 399),
(3804, 399),
(3805, 213),
(3805, 523),
(3805, 1433),
(3806, 399),
(3807, 53),
(3807, 203),
(3808, 203),
(3808, 1434),
(3809, 495),
(3810, 249),
(3811, 170),
(3812, 554),
(3812, 558),
(3813, 834),
(3815, 636),
(3816, 1435),
(3817, 1436),
(3818, 641),
(3819, 1244),
(3819, 1361),
(3820, 862),
(3820, 1437),
(3820, 1438),
(3820, 1439),
(3821, 1418),
(3821, 1440),
(3821, 1441),
(3822, 1442),
(3823, 1418),
(3823, 1443),
(3823, 1444),
(3824, 921),
(3824, 1445),
(3824, 1446),
(3825, 342),
(3825, 1447),
(3825, 1448),
(3826, 361),
(3826, 1361),
(3835, 1361),
(3835, 1449),
(3835, 1450),
(3836, 1449),
(3836, 1451),
(3836, 1452),
(3837, 402),
(3837, 1430),
(3837, 1453),
(3838, 1361),
(3838, 1395),
(3838, 1411),
(3839, 385),
(3839, 1454),
(3839, 1455),
(3840, 385),
(3840, 1454),
(3840, 1455),
(3841, 1076),
(3841, 1456),
(3842, 215),
(3843, 42),
(3844, 227),
(3845, 632),
(3846, 348),
(3846, 857),
(3846, 1052),
(3846, 1069),
(3846, 1115),
(3846, 1117),
(3846, 1118),
(3846, 1150),
(3847, 775),
(3848, 1457),
(3849, 151),
(3850, 1224),
(3851, 1458),
(3852, 1048),
(3853, 831),
(3854, 494),
(3855, 977),
(3856, 349),
(3856, 1152),
(3857, 862),
(3857, 1304),
(3857, 1361),
(3858, 1436),
(3859, 1459),
(3860, 304),
(3860, 438),
(3860, 1361),
(3861, 1459),
(3862, 1361),
(3863, 113),
(3863, 621),
(3863, 1361),
(3864, 304),
(3864, 1361),
(3865, 6),
(3866, 994),
(3868, 323),
(3869, 1237),
(3870, 1260),
(3870, 1460),
(3871, 24),
(3872, 1461),
(3872, 1462),
(3874, 1361),
(3874, 1463),
(3876, 1361),
(3876, 1464),
(3876, 1465),
(3876, 1466),
(3878, 399),
(3879, 125),
(3879, 495),
(3880, 888),
(3881, 676),
(3881, 1122),
(3882, 1337),
(3883, 1467),
(3884, 836),
(3884, 1468),
(3884, 1469),
(3885, 863),
(3885, 1474),
(3886, 402),
(3886, 1472),
(3886, 1473),
(3887, 1475),
(3887, 1476),
(3889, 1479),
(3890, 27),
(3890, 1210),
(3890, 1480),
(3891, 1459),
(3892, 782),
(3893, 1361),
(3893, 1461),
(3894, 1481),
(3895, 1361),
(3895, 1461),
(3896, 1459),
(3898, 1361),
(3898, 1461),
(3899, 1233),
(3899, 1304),
(3899, 1482),
(3900, 1483),
(3900, 1484),
(3900, 1485),
(3901, 1486),
(3901, 1487),
(3902, 70),
(3902, 1488),
(3902, 1489),
(3903, 683),
(3903, 1490),
(3903, 1491),
(3905, 1361),
(3905, 1492),
(3905, 1493),
(3905, 1494),
(3906, 862),
(3906, 1002),
(3906, 1153),
(3906, 1233),
(3907, 726),
(3907, 1361),
(3907, 1495),
(3910, 1496),
(3911, 1436),
(3912, 789),
(3913, 90),
(3913, 836),
(3913, 1497),
(3914, 1498),
(3914, 1499),
(3917, 990),
(3918, 194),
(3921, 1500),
(3922, 113),
(3922, 1501),
(3922, 1502),
(3923, 1503),
(3923, 1504),
(3924, 379),
(3924, 1505),
(3924, 1506),
(3924, 1507),
(3925, 1361),
(3925, 1362),
(3925, 1363),
(3926, 22),
(3926, 1361),
(3926, 1461),
(3927, 636),
(3929, 1361),
(3929, 1461),
(3931, 220),
(3932, 1192),
(3932, 1193),
(3933, 665),
(3934, 402),
(3934, 1508),
(3934, 1509),
(3934, 1510),
(3935, 1511),
(3936, 1292),
(3936, 1512),
(3937, 70),
(3937, 170),
(3937, 1513),
(3938, 90),
(3938, 517),
(3938, 836),
(3939, 964),
(3940, 1514),
(3940, 1515),
(3940, 1516),
(3941, 958),
(3942, 1380),
(3942, 1517),
(3942, 1518),
(3942, 1519),
(3943, 1520),
(3943, 1521),
(3944, 49),
(3944, 203),
(3945, 49),
(3945, 113),
(3945, 1522),
(3946, 122),
(3946, 495),
(3946, 572),
(3947, 495),
(3947, 1523),
(3948, 1210),
(3948, 1524),
(3948, 1525),
(3949, 639),
(3949, 897),
(3949, 1435),
(3951, 416),
(3951, 1526),
(3951, 1527),
(3952, 1528),
(3954, 789),
(3955, 1459),
(3955, 1529),
(3955, 1530),
(3955, 1531),
(3956, 1532),
(3956, 1533),
(3957, 1534),
(3958, 49),
(3958, 248),
(3958, 402),
(3958, 1372),
(3959, 1361),
(3959, 1535),
(3959, 1536),
(3961, 1537),
(3961, 1538),
(3962, 1539),
(3962, 1540),
(3962, 1541),
(3963, 767),
(3963, 1542),
(3964, 1013),
(3964, 1543),
(3965, 125),
(3965, 203),
(3967, 1544),
(3968, 1484),
(3968, 1545),
(3968, 1546),
(3968, 1547),
(3969, 1304),
(3969, 1548),
(3969, 1549),
(3969, 1550),
(3970, 642),
(3970, 643),
(3970, 871),
(3975, 402),
(3975, 1372),
(3975, 1551),
(3978, 1013),
(3979, 1552),
(3980, 839),
(3981, 1126),
(3981, 1553),
(3982, 495),
(3982, 636),
(3983, 1361),
(3983, 1461),
(3984, 399),
(3986, 399),
(3986, 969),
(3987, 399),
(3988, 639),
(3988, 897),
(3988, 1435),
(3992, 18),
(3992, 1554),
(3993, 40),
(3993, 621),
(3993, 1361),
(3994, 40),
(3994, 934),
(3994, 1541),
(3994, 1555),
(3995, 1361),
(3995, 1461),
(3996, 54),
(3997, 1556),
(3997, 1557),
(3998, 40),
(3998, 1058),
(3999, 1558),
(3999, 1559),
(3999, 1560),
(4000, 1561),
(4000, 1562),
(4001, 867),
(4001, 1563),
(4001, 1564),
(4002, 587),
(4002, 1565),
(4002, 1566),
(4003, 162),
(4003, 1567),
(4003, 1568),
(4003, 1569),
(4004, 1361),
(4004, 1461),
(4005, 1496),
(4006, 1570),
(4006, 1571),
(4007, 1174),
(4007, 1572),
(4008, 1131),
(4008, 1573),
(4009, 1131),
(4009, 1536),
(4010, 1131),
(4011, 833),
(4011, 1574),
(4011, 1575),
(4012, 24),
(4012, 1576),
(4013, 1367),
(4013, 1577),
(4013, 1578),
(4013, 1579),
(4013, 1580),
(4013, 1581),
(4014, 1291),
(4014, 1582),
(4014, 1583),
(4014, 1584),
(4015, 1585),
(4016, 399),
(4016, 1586),
(4017, 495),
(4018, 495),
(4019, 1436),
(4020, 639),
(4020, 897),
(4020, 1435),
(4021, 6987),
(4033, 831),
(4033, 1587),
(4033, 1588),
(4034, 1589),
(4034, 1590),
(4035, 1591),
(4036, 1592),
(4036, 1593),
(4036, 1594),
(4037, 1595),
(4037, 1596),
(4039, 1597),
(4039, 1598),
(4040, 1361),
(4040, 1461),
(4041, 844),
(4041, 1599),
(4041, 1600),
(4042, 1601),
(4042, 1602),
(4043, 455),
(4043, 1603),
(4043, 1604),
(4043, 1605),
(4043, 1606),
(4044, 214),
(4044, 613),
(4044, 887),
(4044, 1372),
(4044, 1408),
(4044, 1607),
(4045, 554),
(4045, 906),
(4046, 650),
(4046, 963),
(4047, 1592),
(4047, 1608),
(4047, 1609),
(4047, 1610),
(4047, 1611),
(4047, 1612),
(4048, 1207),
(4048, 1613),
(4048, 1614),
(4048, 1615),
(4048, 1616),
(4049, 28),
(4049, 1361),
(4049, 1617),
(4049, 1618),
(4049, 1619),
(4050, 203),
(4051, 203),
(4052, 1620),
(4052, 1621),
(4052, 1622),
(4053, 1623),
(4055, 836),
(4055, 1116),
(4055, 1624),
(4057, 416),
(4058, 177),
(4060, 1023),
(4060, 1565),
(4061, 1625),
(4062, 278),
(4062, 1626),
(4065, 1627),
(4065, 1628),
(4065, 1629),
(4066, 1630),
(4067, 348),
(4067, 857),
(4067, 1052),
(4067, 1069),
(4067, 1115),
(4067, 1117),
(4067, 1118),
(4067, 1150),
(4067, 1587),
(4069, 639),
(4069, 897),
(4069, 1435),
(4070, 1631),
(4070, 1632),
(4070, 1633),
(4070, 1634),
(4074, 1361),
(4074, 1461),
(4076, 1635),
(4077, 1295),
(4078, 1636),
(4078, 1637),
(4079, 124),
(4079, 636),
(4079, 1638),
(4079, 1639),
(4079, 1640),
(4079, 1654),
(4080, 1641),
(4080, 1642),
(4080, 1643),
(4082, 402),
(4082, 1644),
(4082, 1645),
(4084, 125),
(4084, 450),
(4084, 1646),
(4085, 636),
(4085, 1654),
(4087, 787),
(4087, 1647),
(4088, 1648),
(4088, 1649),
(4088, 1650),
(4089, 974),
(4089, 1651),
(4089, 1652),
(4090, 1643),
(4090, 1647),
(4090, 1653),
(4091, 636),
(4091, 1654),
(4092, 636),
(4092, 1654),
(4093, 636),
(4093, 1654),
(4099, 495),
(4100, 639),
(4100, 897),
(4100, 1435),
(4102, 1436),
(4103, 1500),
(4104, 1655),
(4104, 1656),
(4105, 1657),
(4105, 1658),
(4106, 1127),
(4106, 1659),
(4106, 1660),
(4107, 1661),
(4107, 1662),
(4108, 1663),
(4112, 1543),
(4112, 1664),
(4113, 358),
(4113, 1665),
(4113, 1666),
(4114, 49),
(4115, 1667),
(4115, 1668),
(4116, 1667),
(4118, 1654),
(4119, 1361),
(4119, 1461),
(4120, 1361),
(4120, 1461),
(4121, 782),
(4121, 1669),
(4122, 1670),
(4123, 696),
(4124, 72),
(4124, 1671),
(4125, 934),
(4125, 1672),
(4125, 1673),
(4127, 936),
(4127, 1418),
(4127, 1674),
(4127, 1675),
(4130, 639),
(4130, 897),
(4130, 1435),
(4131, 490),
(4131, 857),
(4131, 1676),
(4132, 1676),
(4134, 385),
(4134, 1677),
(4140, 1262),
(4140, 1269),
(4140, 1678),
(4140, 1679),
(4141, 174),
(4141, 632),
(4141, 1680),
(4142, 1508),
(4142, 1681),
(4142, 1682),
(4143, 174),
(4143, 1680),
(4143, 1683),
(4144, 174),
(4144, 632),
(4144, 1680),
(4144, 1684),
(4145, 401),
(4145, 1685),
(4145, 1686),
(4146, 1361),
(4146, 1362),
(4146, 1363),
(4146, 1687),
(4146, 1688),
(4149, 399),
(4151, 249),
(4153, 203),
(4155, 495),
(4156, 155),
(4156, 252),
(4157, 160),
(4158, 160),
(4158, 697),
(4163, 784),
(4165, 194),
(4166, 1126),
(4167, 56),
(4170, 174),
(4170, 374),
(4171, 162),
(4171, 989),
(4172, 151),
(4172, 1689),
(4173, 930),
(4173, 1690),
(4174, 1691),
(4174, 1692),
(4178, 285),
(4178, 833),
(4178, 1361),
(4178, 1461),
(4179, 170),
(4179, 1693),
(4180, 177),
(4180, 1694),
(4183, 1210),
(4183, 1695),
(4183, 1696),
(4184, 1361),
(4184, 1461),
(4185, 1697),
(4185, 1698),
(4185, 1699),
(4186, 251),
(4186, 1536),
(4186, 1700),
(4186, 1701),
(4187, 249),
(4187, 883),
(4188, 203),
(4188, 882),
(4189, 495),
(4189, 754),
(4190, 34),
(4190, 495),
(4191, 981),
(4191, 1702),
(4192, 1703),
(4193, 1704),
(4194, 442),
(4195, 92),
(4196, 177),
(4196, 1705),
(4197, 252),
(4198, 608),
(4199, 1706),
(4200, 1436),
(4201, 639),
(4201, 897),
(4201, 1435),
(4202, 251),
(4202, 534),
(4203, 402),
(4203, 1408),
(4203, 1707),
(4203, 1708),
(4204, 402),
(4204, 741),
(4204, 1708),
(4204, 1709),
(4205, 1262),
(4205, 1269),
(4205, 1710),
(4206, 871),
(4206, 1711),
(4207, 49),
(4207, 741),
(4207, 1712),
(4207, 1713),
(4208, 1505),
(4208, 1506),
(4209, 1210),
(4209, 1524),
(4209, 1714),
(4209, 1715),
(4210, 1716),
(4210, 1717),
(4210, 1718),
(4210, 1719),
(4211, 162),
(4211, 285),
(4211, 836),
(4211, 1210),
(4211, 1720),
(4211, 1721),
(4212, 1722),
(4212, 1723),
(4218, 105),
(4218, 402),
(4218, 1724),
(4219, 185),
(4219, 534),
(4219, 612),
(4219, 1618),
(4220, 721),
(4220, 1725),
(4223, 402),
(4223, 689),
(4224, 1361),
(4224, 1536),
(4225, 1716),
(4226, 402),
(4226, 974),
(4226, 1418),
(4227, 402),
(4227, 974),
(4227, 1418),
(4227, 1726),
(4228, 404),
(4229, 1418),
(4229, 1652),
(4230, 1194),
(4230, 1711),
(4231, 1270),
(4233, 249),
(4234, 495),
(4235, 1727),
(4236, 92),
(4237, 1095),
(4237, 1728),
(4237, 1729),
(4238, 81),
(4238, 1730),
(4239, 1104),
(4240, 1116),
(4240, 1731),
(4241, 964),
(4241, 1582),
(4242, 1732),
(4243, 831),
(4244, 1733),
(4245, 382),
(4254, 871),
(4254, 1233),
(4254, 1304),
(4257, 338),
(4257, 1734),
(4257, 1735),
(4258, 871),
(4258, 1304),
(4258, 1736),
(4259, 440),
(4259, 1737),
(4261, 1365),
(4261, 1391),
(4261, 1407),
(4261, 1738),
(4261, 1739),
(4262, 402),
(4262, 1740),
(4262, 1741),
(4263, 1742),
(4263, 1743),
(4263, 1744),
(4263, 1745),
(4264, 639),
(4264, 897),
(4264, 1435),
(4265, 203),
(4266, 664),
(4267, 399),
(4268, 1436),
(4269, 42),
(4269, 1746),
(4270, 915),
(4270, 1747),
(4271, 1361),
(4271, 1748),
(4272, 1749),
(4274, 1750),
(4276, 1751),
(4277, 885),
(4277, 1752),
(4280, 1070),
(4280, 1753),
(4280, 1754),
(4281, 963),
(4281, 1755),
(4281, 1756),
(4282, 871),
(4282, 1757),
(4282, 1758),
(4282, 1759),
(4282, 1760),
(4283, 438),
(4283, 1761),
(4283, 1762),
(4284, 1448),
(4284, 1763),
(4284, 1764),
(4285, 871),
(4285, 1759),
(4285, 1760),
(4285, 1765),
(4286, 1766),
(4286, 1767),
(4287, 1768),
(4287, 1769),
(4287, 1770),
(4288, 1771),
(4288, 1772),
(4288, 1773),
(4288, 1774),
(4289, 1775),
(4289, 1776),
(4290, 1070),
(4290, 1777),
(4291, 399),
(4292, 399),
(4293, 1123),
(4294, 249),
(4294, 1778),
(4295, 1126),
(4296, 913),
(4297, 160),
(4298, 1779),
(4299, 1054),
(4299, 1780),
(4302, 1070),
(4302, 1754),
(4302, 1783),
(4303, 20),
(4303, 554),
(4304, 1784),
(4305, 257),
(4305, 1785),
(4305, 1786),
(4306, 47),
(4306, 82),
(4307, 1787),
(4307, 1788),
(4308, 24),
(4308, 1789),
(4308, 1790),
(4309, 1526),
(4309, 1791),
(4310, 1704),
(4310, 1792),
(4311, 1793),
(4311, 1794),
(4312, 1795),
(4312, 1796),
(4314, 330),
(4314, 402),
(4314, 1797),
(4315, 886),
(4315, 1365),
(4315, 1798),
(4316, 402),
(4316, 456),
(4316, 1672),
(4317, 402),
(4317, 1372),
(4317, 1647),
(4318, 774),
(4318, 1799),
(4325, 587),
(4325, 1800),
(4326, 1801),
(4326, 1802),
(4327, 1803),
(4327, 1804),
(4328, 416),
(4328, 1805),
(4329, 97),
(4329, 630),
(4330, 636),
(4330, 1806),
(4331, 443),
(4331, 1807),
(4333, 1808),
(4333, 1809),
(4334, 1810),
(4334, 1811),
(4335, 833),
(4335, 1812),
(4336, 1813),
(4336, 1814),
(4337, 1815),
(4337, 1816),
(4338, 81),
(4338, 1817),
(4339, 1304),
(4339, 1818),
(4339, 1819),
(4339, 1820),
(4339, 1821),
(4340, 963),
(4340, 1822),
(4341, 494),
(4341, 976),
(4342, 260),
(4342, 402),
(4342, 1823),
(4343, 226),
(4343, 1824),
(4349, 49),
(4349, 741),
(4349, 1372),
(4349, 1408),
(4351, 186),
(4351, 796),
(4351, 1210),
(4352, 741),
(4352, 1408),
(4352, 1825),
(4353, 402),
(4353, 1408),
(4353, 1708),
(4354, 1826),
(4354, 1827),
(4354, 1828),
(4354, 1829),
(4354, 1830),
(4355, 1831),
(4355, 1832),
(4355, 1833),
(4357, 402),
(4357, 1834),
(4357, 1835),
(4358, 976),
(4358, 1836),
(4358, 1837),
(4359, 495),
(4359, 602),
(4360, 1344),
(4361, 1838),
(4362, 1361),
(4362, 1461),
(4363, 242),
(4363, 974),
(4364, 831),
(4365, 1167),
(4366, 639),
(4366, 897),
(4366, 1435),
(4367, 1436),
(4368, 1839),
(4368, 1840),
(4369, 1048),
(4369, 1841),
(4370, 1842),
(4371, 1787),
(4371, 1843),
(4373, 774),
(4373, 1844),
(4374, 97),
(4374, 1845),
(4375, 1846),
(4375, 1847),
(4376, 162),
(4376, 1848),
(4377, 162),
(4377, 1849),
(4378, 1795),
(4378, 1850),
(4379, 517),
(4379, 1851),
(4380, 1852),
(4380, 1853),
(4381, 836),
(4381, 1213),
(4381, 1854),
(4382, 836),
(4382, 1855),
(4382, 1856),
(4383, 1857),
(4383, 1858),
(4383, 1859),
(4384, 1839),
(4384, 1860),
(4384, 1861),
(4385, 1839),
(4385, 1860),
(4385, 1862),
(4386, 888),
(4386, 1860),
(4387, 186),
(4387, 888),
(4387, 1863),
(4390, 186),
(4390, 402),
(4390, 796),
(4390, 888),
(4390, 1858),
(4394, 202),
(4394, 1864),
(4395, 226),
(4395, 251),
(4395, 936),
(4395, 1865),
(4395, 1866),
(4396, 24),
(4396, 1161),
(4396, 1839),
(4398, 186),
(4398, 1203);

-- --------------------------------------------------------

--
-- Struktur dari tabel `users`
--

CREATE TABLE `users` (
  `id` int(11) NOT NULL,
  `username` varchar(50) NOT NULL,
  `password` varchar(50) NOT NULL,
  `email` varchar(100) NOT NULL,
  `fullname` varchar(100) NOT NULL,
  `create_at` timestamp NOT NULL DEFAULT '0000-00-00 00:00:00' ON UPDATE CURRENT_TIMESTAMP,
  `lastvisit_at` timestamp NOT NULL DEFAULT '0000-00-00 00:00:00',
  `activkey` varchar(100) NOT NULL,
  `superuser` int(11) NOT NULL,
  `status` int(11) NOT NULL
) ENGINE=InnoDB DEFAULT CHARSET=utf8;

--
-- Dumping data untuk tabel `users`
--

INSERT INTO `users` (`id`, `username`, `password`, `email`, `fullname`, `create_at`, `lastvisit_at`, `activkey`, `superuser`, `status`) VALUES
(1, 'support', '354260da59840b0916eb36bf193a2c3b', 'support@azzamedia.com', 'Support Azzamedia', '2015-08-19 23:24:04', '0000-00-00 00:00:00', '0', 1, 1),
(3, 'bangsaonline', 'e172dd95f4feb21412a692e73929961e', 'bangsaonline@gmail.com', 'Mandra Gade', '2014-01-21 10:39:01', '0000-00-00 00:00:00', '33ff2de5bd41ef197b1b651c5ab44280', 1, 1),
(16, 'choirul', '7cf08c3ddac57a6d4f28034f88bfb23e', 'rosihanca@gmail.com', '', '0000-00-00 00:00:00', '0000-00-00 00:00:00', 'cfcb96c79ca4d6217aa6992c252754ef', 1, 1),
(21, 'nisa', 'dfe4fbd12a38bbf456527795cad812f4', 'nisa.alseena@gmail.com', '', '0000-00-00 00:00:00', '0000-00-00 00:00:00', '99ed5b9aaf8a52b2a09c77e3ae6e0d8d', 0, 1),
(23, 'Maulana', '629ab14fab772d78a58eea752bdfc0dc', 'maulana_lana@yahoo.com', '', '0000-00-00 00:00:00', '0000-00-00 00:00:00', '4ac6052a2c7a793dab72094ae3916f44', 1, 1),
(24, 'Willis', 'bd062362dc0532ed7ed7de166d2519f5', 'iswarawillisgiti@gmail.com', '', '2014-04-01 07:48:19', '0000-00-00 00:00:00', 'fe7f04b5a87f61091b5da95d14dceee9', 0, 1),
(25, 'fekieadila', 'c280d4fd7af0f6053d9ef0208431e86f', 'fekieadila@gmail.com', '', '2014-04-01 15:01:45', '0000-00-00 00:00:00', '26da68d44c1f6ce164c1da93c171031e', 0, 1),
(27, 'hadi', '45b3178497c6c7d80a6e53f53222cc87', 'hadi_situbondo@yahoo.com', '', '2014-04-02 11:34:43', '0000-00-00 00:00:00', '53ac15c90ceb28ccf4cee4ecc2ff3872', 0, 1),
(28, 'mitra', '3c00ab9ee5f47c8afc7ab4fc62342ef4', 'mitrakaryaprima@gmail.com', '', '2014-04-11 01:40:55', '0000-00-00 00:00:00', 'df738804b33d8e41ed3976158364c345', 0, 1),
(29, 'sodiqzainuri', 'e3808a38d6b4996d91ca87513bc7f2d7', 'sodiqzainuri@gmail.com', '', '0000-00-00 00:00:00', '0000-00-00 00:00:00', 'e673847133aa33a5844fd623e080e17e', 0, 1),
(30, 'diday', '404d4b89e2ee55c6aaeaccd733cc6fae', 'diday_jurnalis@yahoo.com', '', '0000-00-00 00:00:00', '0000-00-00 00:00:00', '0871e3a05b211cedb1051cadc2086703', 0, 1),
(31, 'irwan', '4b5282dbcf4d3d31536ab83ac504c32b', 'irwansusantoprijok@yahoo.com', '', '0000-00-00 00:00:00', '0000-00-00 00:00:00', '6a94fa649b92924aca253c5301b5aaa1', 0, 1),
(32, 'Cuakev', '15af6f043f16e47e373b73e3aae93f4e', 'mascuakev2@gmail.com', '', '0000-00-00 00:00:00', '0000-00-00 00:00:00', 'e7a5c0637f988ac609e62855cce6d659', 0, 1),
(33, 'adnan', 'c2e8002836ce7593cae64612ddf8761e', 'mmasudadnan@yahoo.com', '', '0000-00-00 00:00:00', '0000-00-00 00:00:00', '3b14d2f5c20eb60f195b7bc48e2b134e', 1, 1),
(34, 'sufi', 'a6b5c5ebf9bab37d65b22ed49a79f87c', 'sufidharma74@gmail.com', '', '0000-00-00 00:00:00', '0000-00-00 00:00:00', 'edf6587bb9419d5e32c0d1b762a3ba48', 0, 1),
(35, 'Ulul_Azmi81', '31c0345641203fa395276ccd7218efc1', 'shona_ulul@yahoo.com', '', '0000-00-00 00:00:00', '0000-00-00 00:00:00', 'b128fdef79adb6f93439ac7ae2d2c423', 0, 1),
(36, 'nasrul', '89bc61e2816c4c291b7839798469d80c', 'nasruladja19@yahoo.com', '', '0000-00-00 00:00:00', '0000-00-00 00:00:00', 'e0845a5f6eb0894eecbc67559a595b0d', 0, 1),
(37, 'bani', '13fc8b106be9eee4d4c5fdf4aec718a7', 'bani.tatum@gmail.com', '', '0000-00-00 00:00:00', '0000-00-00 00:00:00', '0f03f9b3b326f7749f9a30c186147781', 0, 1),
(38, 'adil', 'ba75b6fdabf48291799c91855afee51b', 'abdil.dila@yahoo.com', '', '2014-05-14 02:37:27', '0000-00-00 00:00:00', 'ec942ba549354cc882eb3777cd960791', 0, 1),
(39, 'rossion', '7a53a1fd908dc67a2206b115657dbd5b', 'imamkhambali46@gmail.com', '', '2014-05-17 09:19:52', '0000-00-00 00:00:00', 'dbdb155796598695b196f88e2a2e1c2e', 0, 1),
(40, 'muhrhoziq', '90b92471caacd2d5d62970247972cc58', 'muh.rhoziq@gmail.com', '', '2014-05-18 23:37:07', '0000-00-00 00:00:00', '82954dd7652305fac262c6e3f948d20b', 0, 1),
(41, 'akaruniawan', 'b95ae72c0be05d7e63d54af974f92883', 'akaruniawan_72@yahoo.com', '', '0000-00-00 00:00:00', '0000-00-00 00:00:00', '854228bee620e425ef5dd1d07f1e6b96', 0, 1),
(42, 'aguspramukantoro', '7c629ca51ca72055ccc97dbf30994f45', 'aguspramukantoromajid@yahoo.co.id', '', '0000-00-00 00:00:00', '0000-00-00 00:00:00', '2f5561d7ac287dd8782cb8dfdfebde5c', 0, 1),
(43, 'romadhoni', '944dba22b04cc911042e9f05fe0cd3a0', 'sahrulromadoni95@yahoo.com', '', '0000-00-00 00:00:00', '0000-00-00 00:00:00', 'a3d6c855f4384baad4f28e298b8f99af', 0, 1),
(45, 'musyafa', '547b85f3fafdf30856386753dc21c4e1', 'syaff_79@yahoo.com', '', '2014-05-26 02:20:19', '2014-01-07 03:39:00', 'b3335cf881c731d919c1fc64a939f692', 0, 1),
(46, 'Msaif', 'f46e6541facefc18d7d8edc078fa4745', 'msaifuddien@gmail.com', '', '0000-00-00 00:00:00', '0000-00-00 00:00:00', '3ae0e6233a3d48b091db45b3f8c19374', 0, 1),
(47, 'wandibarokahjaya', 'e28f6ad63bbc57cf024d7e5a3d675bd6', 'ir.onedi80@gmail.com', '', '2014-05-30 02:32:56', '0000-00-00 00:00:00', 'f44da3d07855845df401a4729a9a4891', 0, 1),
(48, 'WARNAEDY_JK', '87e66ed52d168a079961c0add5a72ae7', 'warnaedi@gmail.com', '', '0000-00-00 00:00:00', '0000-00-00 00:00:00', 'aa45c6bd803fe809815c38232afcf1bc', 0, 1),
(49, 'yesus', '5ad2acd026b53008ba3ae0df392420d4', 'udincoca9999@gmail.com', '', '0000-00-00 00:00:00', '0000-00-00 00:00:00', '377b853b2ed6ebd674498b94a0df438d', 0, 1),
(50, 'vickgosisw', '9169ff84681dfeb6dcd3264ae0d5248a', 'vickgosisw@gmail.com', '', '0000-00-00 00:00:00', '0000-00-00 00:00:00', '602f236aa6cb39d994cad6762a53ab08', 0, 1),
(51, 'christian', '7ff135854376850e9711bd75ce942e07', 'christian_erna@yahoo.co.id', '', '0000-00-00 00:00:00', '0000-00-00 00:00:00', '3225585257bdd683eb0004ad935b0a6d', 0, 1),
(52, 'ggggggg', '2f220f568ce100e0d3b7d0e64fdb4c9b', 'novita_erna@yahoo.co.id', '', '0000-00-00 00:00:00', '0000-00-00 00:00:00', 'b6985f53297d7db91a73af294608e35d', 0, 1),
(53, 'pertiwi', 'cda2c99fbf5e19f20d331299c15a4491', 'dewapertiwi@yahoo.com', '', '0000-00-00 00:00:00', '0000-00-00 00:00:00', '67a50d5464b7cd84af26699f153631dc', 0, 1),
(54, 'benisuraya', '92f48287dd42d8d547a0f72f8f82e6f5', 'benisuraya@gmnil.com', '', '0000-00-00 00:00:00', '0000-00-00 00:00:00', '7dfaed8ce7e1f62f3411f4d58379885f', 0, 1),
(55, 'Tubagus', 'd05b3a80249c8e14027ff310a720cd49', 'tubagusds@yahoo.com', '', '0000-00-00 00:00:00', '0000-00-00 00:00:00', '5a65a05781b1db69fd9b769d807be0b7', 0, 1),
(56, 'mohjaelany', 'ac43724f16e9241d990427ab7c8f4228', 'mohjaelany@gmail.com', '', '0000-00-00 00:00:00', '0000-00-00 00:00:00', 'f466e7feaab55f5493d0c8437ab6d454', 0, 1),
(57, 'julian', '30bfdfd71205867c9f2d6dd776ace9dd', 'fani_julian@ymail.com', '', '0000-00-00 00:00:00', '0000-00-00 00:00:00', 'c71c0ac55fcbc62c34dec48c4f913d82', 0, 1),
(58, 'alansadesta', '7c9c0b787d24816fe630fc8619564306', 'muh.ali.sarbini@gmail.com', '', '0000-00-00 00:00:00', '0000-00-00 00:00:00', '68050a133773a45713935f29bf034871', 0, 1),
(59, 'iskandar', '7d6848165a679575f5dd8020cf4b9a80', 'iskandar_dahland@yahoo.com', '', '0000-00-00 00:00:00', '0000-00-00 00:00:00', 'f7f5faf64305b72e035a15725bb9ac89', 0, 1),
(60, 'iskandardahland', '7d6848165a679575f5dd8020cf4b9a80', 'iskandar_dahlant@yahoo.com', '', '0000-00-00 00:00:00', '0000-00-00 00:00:00', 'e68c6d6d8ec3856fa80f32c9a921f8b5', 0, 1),
(61, 'Abdul', 'f5261f71baab32d3e973d42ee57e6f24', 'abdulhamidfinance@gmail.com', '', '0000-00-00 00:00:00', '0000-00-00 00:00:00', 'ab8198e57b50011b2f6c8ca921423fa4', 0, 1),
(62, 'aktifis98', 'd928389b0d61c91204f2d1dc75a5a9a1', 'buruh@yahoo.com', '', '0000-00-00 00:00:00', '0000-00-00 00:00:00', 'e846675b1be018183be4893bf5d97903', 0, 1),
(63, 'muhyidin', 'ea19c79b326596b210e79cabf37a1bd3', 'msleneng@gmail.com', '', '0000-00-00 00:00:00', '0000-00-00 00:00:00', 'b96489e28ead343a3409cb958d1cae74', 0, 1),
(64, 'nurani', '3608eef464475ac33b8e02605c8ab106', 'wid_nurani@yahoo.co.id', '', '0000-00-00 00:00:00', '0000-00-00 00:00:00', '5b6f49623d01c2874b091a081fabdea8', 0, 1),
(65, 'andik', 'd68a18275455ae3eaa2c291eebb46e6d', 'andikpurwanto13@yahoo.com', '', '0000-00-00 00:00:00', '0000-00-00 00:00:00', 'b1f735386a9a3651d95f8002757f9288', 0, 1),
(66, 'aditmahatva', 'da7313186e2710109f02e7bdf5cf9673', 'adit14.mahatva@gmail.com', '', '0000-00-00 00:00:00', '0000-00-00 00:00:00', '4cee787b04ef64c00ca6443a2f7c8466', 0, 1),
(67, 'fandi4244', '491e226ca50622e4d234d9f4a7efed7c', 'yudayudi888@gmail.com', '', '0000-00-00 00:00:00', '0000-00-00 00:00:00', '8eb116d6c0fabab0c1e887c57153ab07', 0, 1),
(68, 'LadyPat', 'f2cb3069cdb8939144a93932286182be', 'manurungpatricia2@gmail.com', '', '0000-00-00 00:00:00', '0000-00-00 00:00:00', 'e12aa83e149781c11549d6692b961b74', 0, 1),
(69, 'eNeS', '278f5dda4a36599d0261a47cc5d78260', 'arelsyawala@yahoo.co.id', '', '0000-00-00 00:00:00', '0000-00-00 00:00:00', '501b587a4b1e8639ea6f9101e2848412', 1, 1),
(70, 'ArdiyantoFC', '35332949d7ff1c8542a1893f51e2a48a', 'anugrah.ardhy@yahoo.com', '', '0000-00-00 00:00:00', '0000-00-00 00:00:00', 'fb15ef8653ee0207f019c7be81879448', 0, 1),
(71, 'pakdur', '9be0973307b54b83d4b1692e96f656d7', 'cakdur@ymail.com', '', '0000-00-00 00:00:00', '0000-00-00 00:00:00', 'ae664f8b3cd406b793a3251d23a96d53', 1, 1),
(72, 'SukronMakmun', '4b49cf9ae756ae9a41cb1430f100e2e7', 'sukronmakun762@gmail.com', '', '0000-00-00 00:00:00', '0000-00-00 00:00:00', '93e75eedd8b19a62ab2c64fed4534bbe', 0, 1),
(73, 'ferlynas', '8f2ada41c751f0b64089e65fc4da59bf', 'ferlyno_nuno@yahoo.com', '', '0000-00-00 00:00:00', '0000-00-00 00:00:00', '9a9b2bef57308ca6d3cd5ab9e8746368', 0, 1),
(74, 'yitno', 'b3419782d9ba1ea3f2d276b25edf20e3', 'yitnosupra9@gmail.com', '', '0000-00-00 00:00:00', '2014-08-26 15:57:21', 'cdbd3348724f3f18ec32eac2735149bb', 0, 1),
(75, 'Tony1977', '03cb1cede5a91040135c18774437aa54', 'tony.ringgo@gmail.com', '', '0000-00-00 00:00:00', '0000-00-00 00:00:00', '0e54a3669392153cb4635418b4031f81', 0, 1),
(76, 'akubagus', '06a4fb75422cadc82b50ba5ce290e951', 'Sukman_wahyono@gmail.com', '', '0000-00-00 00:00:00', '0000-00-00 00:00:00', 'c6c782178235ae70d0ca6aee678a40c5', 0, 1),
(77, 'Wiyono', '373f8f3df9701e8617b18cb2b09b1341', 'generasi_qalam@yahoo.co.id', '', '2014-09-01 06:16:38', '0000-00-00 00:00:00', 'ab0e518326b3d466982da36fbf92e94e', 0, 1),
(78, 'Liessen', '758d6d9cde090903d22a42096137da7c', 'mamah_sena@yahoo.com', '', '0000-00-00 00:00:00', '0000-00-00 00:00:00', 'afe9e4c77d04ff36ac739f767ece843d', 0, 1),
(80, 'gionsvan', 'e363f640193c1ecd3f116ca287529073', 'zomby64.fam@gmail.com', '', '0000-00-00 00:00:00', '0000-00-00 00:00:00', '95b0a9e457e2dce6a84eb6de11e728ee', 0, 1),
(81, 'ellabeauty', '5354a6ebbb6fc8895813747928e7143a', 'el.la14@yahoo.co.id', '', '0000-00-00 00:00:00', '0000-00-00 00:00:00', '722c119b170c902a281bf11149917a78', 0, 1),
(82, 'MAS', '08f6296d9988296926b5aab0ea3f00ec', 'nanangich@gmail.com', '', '0000-00-00 00:00:00', '0000-00-00 00:00:00', 'be71179013d5a3474155bf78407c8bdc', 0, 1),
(83, 'Wiwik7', '9a9501b00f60ed196f3088aabd5af03a', 'Wiwiksndr@gmail.com', '', '0000-00-00 00:00:00', '0000-00-00 00:00:00', '9e5f0dcb920bf6d40a131b20b0834cc8', 0, 1),
(84, '12pangeran', 'e10aa5c83fe64ac081993732a24f5fbe', '12pangeran@gmail.com', '', '0000-00-00 00:00:00', '0000-00-00 00:00:00', 'ac0bcd13deffc72ea8eaacd381ac7e61', 0, 1),
(85, 'john', 'ebed3181fb32dddb34f2f2c5c5aa0d0c', 'johndoclo@yahoo.com', '', '0000-00-00 00:00:00', '0000-00-00 00:00:00', '8af409ec56905752e331d6218db4d669', 0, 1),
(86, 'nuranicaruban', '7056dc9f964146bf0630bfb5cd42f7da', 'nurani_agent@yahoo.co.id', '', '2014-10-06 14:30:18', '0000-00-00 00:00:00', '602243d1b3ca8de9e1c237789ea52080', 0, 1),
(87, 'toha', 'f0149abbc7ea155b68ed3abd3010ee7d', 'toha@gmail.com', '', '0000-00-00 00:00:00', '0000-00-00 00:00:00', '846c865fe0077b2e589f0556f77b5afb', 0, 1),
(88, 'suntoro', 'a2f2b76f04d90e643cf9fe3e2ea1e26e', 'suntoro.kayon@gmail.com', '', '2014-10-12 17:58:47', '0000-00-00 00:00:00', '70fba4fde09aca34857aa235c0015e9e', 0, 1),
(89, 'alfaqirilmi', 'ae5f77d99e1400827db91f7d58877d73', 'alfaqirilmi@yahoo.com', '', '0000-00-00 00:00:00', '0000-00-00 00:00:00', '6f34bad6334675eb2e1124ee4ee6e8b2', 0, 1),
(90, 'maria2081', '2c5c0a5d85541318d2eec9d617d63996', 'tansa_ruper@yahoo.com', '', '2014-10-29 12:07:35', '0000-00-00 00:00:00', 'ee6500dbdf2828153adefb4e1daca477', 0, 1),
(91, 'inal', 'cc9a44f50388d63ef20012fbe13aa729', 'inal_la@yahoo.com', '', '0000-00-00 00:00:00', '0000-00-00 00:00:00', '7c38e558a14162f1edd1c607bc8c7f32', 0, 1),
(92, 'bem', '6a2577162072c7d4aec68d1fb9a82bdd', 'usb_bem@yahoo.co.id', '', '0000-00-00 00:00:00', '0000-00-00 00:00:00', 'cb93f9833a17f621e845a21f3b61ecfa', 0, 1),
(93, 'azharsmg', '5de2984b7777c52eccdb49ede0a308f4', 'azhar.smgtgh@gmail.com', '', '0000-00-00 00:00:00', '0000-00-00 00:00:00', '67af08d5828e253ca30c96a9bdecdab5', 0, 1),
(94, 'alibagus', '23146633661ff809cf2dcefbf4875448', 'alibaguez@yahoo.co.id', '', '0000-00-00 00:00:00', '0000-00-00 00:00:00', '139581308e6893401e827c04b5ba2758', 0, 1),
(95, 'Ahmadmuhdar', '25f9e794323b453885f5181f1b624d0b', 'Muhdar_ahmad@yahoo.co.id', '', '0000-00-00 00:00:00', '0000-00-00 00:00:00', '5989c87333e76d281db139bfa67b7f09', 0, 1),
(96, 'champread', '011d48c335dda81571d6da0ec8f63663', 'champread_champ@yahoo.com', '', '0000-00-00 00:00:00', '0000-00-00 00:00:00', '7fd374e241a13fed31da8a18402c2937', 0, 1),
(97, 'akukimi', '266c6d35fd70bf44e279a103f4e14ded', 'welcomesays@gmail.com', '', '0000-00-00 00:00:00', '0000-00-00 00:00:00', 'a5ed2a3307cf5ed7f09ba973fe6876a3', 0, 1),
(98, 'rofiq', '8e310df5da170452d5fe1bca11f1e5cc', 'rofiq@uinsby.ac.id', '', '2014-12-15 23:48:45', '0000-00-00 00:00:00', '72a62356f6702ddc3a5b18ace919f3f8', 0, 1),
(99, 'agus', '97d1674eda50efbd309e357eb2b42fcf', 'sufi.pandu@yahoo.com', '', '2014-12-25 07:16:01', '0000-00-00 00:00:00', '6b4917baa9765d448d8bff3ccc7dbd12', 0, 1),
(100, 'hafidz_123', 'c7be3ec6cacf08507a225b5b4f26a841', 'syarifrusli@gmail.com', '', '0000-00-00 00:00:00', '0000-00-00 00:00:00', '8831b7e97bc1277c43f9f426af95b46b', 0, 1),
(101, 'bromoguide', 'b30f4e9ca584ba23c0ac0db065334dd0', 'bromoguide@gmail.com', '', '0000-00-00 00:00:00', '0000-00-00 00:00:00', '72e6bda7ebd0bf84e2ae7dcef3151694', 0, 1),
(102, 'Revol', 'e172dd95f4feb21412a692e73929961e', 'revolafkar@yahoo.co.id', '', '2018-02-11 12:04:06', '0000-00-00 00:00:00', '0466758c0147f7fee597f8b26db67251', 1, 1),
(103, 'rino', 'b0a7a38b70c00ed9fc2f479ebd585f93', 'triyoga.rino@yahoo.com', '', '0000-00-00 00:00:00', '0000-00-00 00:00:00', '36815086024193c4089649d5eff41724', 0, 1),
(104, 'kelik', '619daa07d52777b0ad84f272bdf47191', 'kelik.santoso.r@gmail.com', '', '2015-01-14 03:34:25', '0000-00-00 00:00:00', 'cc554dd9eb9f82c52ec2801c9f390df6', 0, 1),
(106, 'adit', '9120163167c05aed85f30bf88495bd89', 'Adityanr2983@gmail.com', '', '0000-00-00 00:00:00', '0000-00-00 00:00:00', '072e68ebc7b4293aa5dd1cc8141e18a4', 0, 1),
(107, 'Azmi92', '308359e657c3b276d7933e9c3cc124b2', 'aktifis_92@yahoo.com', '', '2015-01-16 18:53:00', '0000-00-00 00:00:00', 'd86680b23cf98fce1d7a3906111687ba', 0, 1),
(108, 'cakirfanpoenya', 'e40c99026393e68433a49ac7283c5704', 'cak.irmala@gmail.com', '', '2015-01-19 06:24:57', '0000-00-00 00:00:00', 'b5124c7f256e13b9b097d800d876ebb5', 0, 1),
(109, 'Killeraa24', '4c1cc27152b268f53f6f9e514427c162', 'rhaa.fier24@gmail.com', '', '0000-00-00 00:00:00', '0000-00-00 00:00:00', '657c172e7dda11de33752ff8a573705b', 0, 1),
(110, 'kubahmasjid', '9e3346376f5f96e05680bc6ad1cdd9d0', 'kicahmasjid@gmail.com', '', '2015-01-29 15:59:14', '0000-00-00 00:00:00', '7a2d86b0916cf42ff123beff41f7b0aa', 0, 1),
(111, 'deny', '0fd6f61d3710253267ad705ac4127dff', 'denymasrukhan@gmail.com', '', '0000-00-00 00:00:00', '0000-00-00 00:00:00', 'd5527ba8638f005047a1c8883fb6f063', 0, 1),
(112, 'klampokan', 'eec0f29ce696a31778b68c4da8e41464', 'baldesklampokan@yahoo.com', '', '0000-00-00 00:00:00', '0000-00-00 00:00:00', '9dd422f2ffece35e56fbdda03640baab', 0, 1),
(113, 'nurhaeda', 'acdd59175ff769f01a60899001107ee7', 'nurhaeda_saleh@yahoo.co.id', '', '0000-00-00 00:00:00', '0000-00-00 00:00:00', 'e3a4f94ffad0baebde885ca6250b9e86', 0, 1),
(114, 'M454fr4', '8dc6686816ec69e20cb9308730724bf9', 'shien59@gmail.com', '', '0000-00-00 00:00:00', '0000-00-00 00:00:00', '80e5974bc5fc4fd73e2006c4e9ea8d51', 0, 1),
(115, 'luthfifirmansyah', '4318749ebd39b68405607b79b6da570c', 'luthfifirmansyah79@gmail.com', '', '0000-00-00 00:00:00', '0000-00-00 00:00:00', '10d96805a708cc5b307276d661e516da', 0, 1),
(116, 'luthfifirmansyah79', '4318749ebd39b68405607b79b6da570c', 'luthfifirmansyah@gmail.com', '', '0000-00-00 00:00:00', '0000-00-00 00:00:00', '82d6618958033266c2d9cedee1256622', 0, 1),
(117, 'luthfifirmansyah97', '06964dce9addb1c5cb5d6e3d9838f733', 'Sofa_fauziah@yahoo.co.id', '', '0000-00-00 00:00:00', '0000-00-00 00:00:00', '22511b7a6d9e5d3a13c09001361a4b25', 0, 1),
(118, 'TANTRI', '27ffbb25d1b9875140a1eee9835071d2', 'tantriayu92@gmail.com', '', '0000-00-00 00:00:00', '0000-00-00 00:00:00', '3bfcc50ce1e77c155837eb4d32e13841', 0, 1),
(119, 'nanikbanowati', '99ae3a6e0837666ad18a160b5a3c3d9d', 'banowatinanik@gmail.co', '', '0000-00-00 00:00:00', '0000-00-00 00:00:00', 'e6db261bac2b159415fbb339a5b9df22', 0, 1),
(120, 'sumijan', '44c2a3bc6d2ea499f33b2ad01f91dd14', 'cv.mintek@yahoo.com', '', '0000-00-00 00:00:00', '0000-00-00 00:00:00', '96de835aae86d916bf56ddf26532dd0d', 0, 1),
(121, 'Eros', '0ab2b72741146c9230e8c97ff5234bb9', 'nalisjayaexpress@gmail.com', '', '0000-00-00 00:00:00', '0000-00-00 00:00:00', 'b7637efd46697e7d90158b0a1015dc0f', 0, 1),
(122, 'suraj', '08a676b0ff8b3911d5e58e02fc338710', 'surajmansurajman@gmai.com', '', '0000-00-00 00:00:00', '0000-00-00 00:00:00', '2c0d0056f5e135272f25eaa0e0922415', 0, 1),
(123, 'simpati', 'd1c331091aa3e15eff26f33bed691683', 'simpati1996@gmail.com', '', '0000-00-00 00:00:00', '0000-00-00 00:00:00', 'c3f0c77cea7db87927f458a9c3bf1bdc', 0, 1),
(124, 'herutriyono', '71431b1e88117facdc7584c476e09452', 'perc.mentari@yahoo.com', '', '0000-00-00 00:00:00', '0000-00-00 00:00:00', '82017929fb8edcb1a52080dc6476c202', 0, 1),
(125, 'raka_tesa', '7a378b1104ad1f80cf87e874025c7b27', 'rakatesa95@gmail.com', '', '0000-00-00 00:00:00', '0000-00-00 00:00:00', '0b2fb2d4c8be626506b9a70c3b3d4778', 0, 1),
(126, 'buceng', 'ed56316a1ff4ef371d9dec32267ca3ea', 'buceng99@yahoo.com', '', '0000-00-00 00:00:00', '0000-00-00 00:00:00', '6a7a3b98c19e53ab7b351fcfe2b6ef76', 0, 1),
(127, 'hendro', 'b8fc9a1fd0d5d2549bb78d5113807d29', 'hendroprasetyo2@gmail.com', '', '0000-00-00 00:00:00', '0000-00-00 00:00:00', 'fe11a721b2d1abe991f4067e2fbd9ec1', 0, 1),
(128, 'Hendromadiun', '28968d426fcd3a401096b82ecdf02045', 'hutomo65@yahoo.com', '', '0000-00-00 00:00:00', '0000-00-00 00:00:00', '0f6d874c1c20a020d2c042f28fc9876d', 0, 1),
(129, 'Hendro65madiun', '1f32aa4c9a1d2ea010adcf2348166a04', 'hendro65_madiun@yahoo.com', '', '0000-00-00 00:00:00', '0000-00-00 00:00:00', 'a2baa24cd1f6555136bfb2c4233aea99', 0, 1),
(130, 'juventini', '95e99ce5329942b4e48a91262bbd44da', 'afkarrevol@gmail.com', '', '0000-00-00 00:00:00', '0000-00-00 00:00:00', '0501702c951b770bdac4aa3132c8915d', 0, 1),
(131, 'dino', '775d86a5ca2d13ed34b025d506f743c1', 'dino@explicar.co.id', '', '2015-03-25 05:06:53', '0000-00-00 00:00:00', '38684bd6bf2006f464da2e84eb67d8f6', 0, 1),
(132, 'dwi', '122e0df482607c2b87e460973e613c12', 'dwiputro13@yahoo.com', '', '0000-00-00 00:00:00', '0000-00-00 00:00:00', 'a44a28330894b35292f145861ac8e776', 0, 1),
(133, 'putro', '508c71d57a2c2dd1ed8c3ede5b3012d5', 'hputro991@yahoo.com', '', '0000-00-00 00:00:00', '0000-00-00 00:00:00', 'e732970fe4db2aac3dc7e7eec48887a0', 0, 1),
(134, 'zain', '395ce3402dad43976c042bc1ee5c3158', 'zainmindsick@gmail.com', '', '0000-00-00 00:00:00', '0000-00-00 00:00:00', '021ca3a81b69e2b3d154a18ac64bf718', 0, 1),
(135, 'ucup', 'f89f9115468cc928f2466a46528101f2', 'nyiensick@gmail.com', '', '0000-00-00 00:00:00', '0000-00-00 00:00:00', 'e95b7ea9e22b8ad6f70c2e7ce7ccde4e', 0, 1),
(136, 'rekam', '5a1db05f407dd22f06dcddf2ef875641', 'auliababee@yahoo.co.id', '', '0000-00-00 00:00:00', '0000-00-00 00:00:00', '0f6d4e161b358d9e636fad7ea12ffe51', 0, 1),
(137, 'niezam', '3868e13e1dd72958c159ac9a49f3f9a5', 'niezam.arpas@gmai.com', '', '0000-00-00 00:00:00', '0000-00-00 00:00:00', '2edbead1c4326b35552a2734a2f601f3', 0, 1),
(138, 'FathurRohman', '5bd84d701090254a047e2f864302a6a8', 'fromsmh@gmail.com', '', '0000-00-00 00:00:00', '0000-00-00 00:00:00', 'ec22d800b5e4d4f014b90549d741e936', 0, 1),
(141, 'anshori', 'bc2ba2e64544fd7e9a60557f19591d4e', 'mamad_kamad@yahoo.co.id', '', '0000-00-00 00:00:00', '0000-00-00 00:00:00', '1f6c436a1ba157146d6facd9d0236b3b', 0, 1),
(143, 'aida', 'd481029ff4b418b64d00ef69f127a36d', 'adih82@yahoo.com', '', '0000-00-00 00:00:00', '0000-00-00 00:00:00', 'e07f5e52cd22a12529a5ceede1ae23b2', 0, 1),
(144, 'arieftewe', '3909d6a95a75fe2e37a398f3f6a56597', 'santri91@gmail.com', '', '0000-00-00 00:00:00', '0000-00-00 00:00:00', '0c94367c81ff0c5be17ed4b4c25a57be', 0, 1),
(145, 'farido123', 'bd347e289a6127112156ccbfe54b689f', 'faridoridho@gmail.com', '', '0000-00-00 00:00:00', '0000-00-00 00:00:00', '7675a01445cb1b96fc01a9fac9d327ec', 0, 1),
(146, 'bustanul', '4722daabd4cf7a3feaf9eef6f430b815', 'moh.bustanularifin@ymail.com', '', '0000-00-00 00:00:00', '0000-00-00 00:00:00', '49ba390709c5ecc4ee49e353adfedd55', 0, 1),
(147, 'bronbrian', '0c96dfe49dede68bdcbf223894ba93d7', 'Brondonk08@gmail.com', '', '2015-04-18 10:01:19', '0000-00-00 00:00:00', 'ca96d80d47043b36829d36cb9f2b8bbb', 0, 1),
(148, 'syaiful', 'b11d5ece6353d17f85c5ad30e0a02360', 'syaifulanam10@gmail.com', '', '0000-00-00 00:00:00', '0000-00-00 00:00:00', 'd1a3df4d37e385d327cef99b2e5fb0c5', 0, 1),
(149, 'Bambang', '7b16366944f14135ba0eaa27ab6eb6d1', 'bambangadmadi22@gmai.com', '', '0000-00-00 00:00:00', '0000-00-00 00:00:00', 'fc3e85ed03563cafff30bb1bfd6e9c6b', 0, 1),
(150, 'arc_iw4n', '52ba5fa47b4ca5413b3d5726af85f18c', 'irawan_34@yahoo.com', '', '0000-00-00 00:00:00', '0000-00-00 00:00:00', '94bb4691085cc68137bf1108a1f529ef', 0, 1),
(151, 'nikeft23', '5b52e7446fc87d88613f9688a5182b0f', 'nikef23@gmail.com', '', '0000-00-00 00:00:00', '0000-00-00 00:00:00', 'a4b6c1c58466f762cec212546dca1408', 0, 1),
(152, 'ramaromi', '834e64e693c26291eec679e48c1a63a5', 'arya0778@gmail.com', '', '2015-05-08 16:25:23', '0000-00-00 00:00:00', '73e4c86bf6d79a8f30159e796c654b9c', 0, 1),
(153, 'annisatul', '13e1ae624b9f397bfade66068112de9a', 'gantengpujaan@gmail.com', '', '0000-00-00 00:00:00', '0000-00-00 00:00:00', 'dea5535892ceff3dc9ad7675a54469da', 0, 1),
(154, 'helenatiani', 'a418c788e49a38e4725d9db1e5ce1b1a', 'helena.tiani@yahoo.com', '', '0000-00-00 00:00:00', '0000-00-00 00:00:00', '7180d96a2fc0e508e40a399cf2beeaa8', 0, 1),
(155, 'yekti25', 'c07804b16e0bfbc0f32feb954b52735d', 'yektiindriana@gmail.com', '', '0000-00-00 00:00:00', '0000-00-00 00:00:00', 'f181491557d1d4e659cd525713dae2f4', 0, 1),
(156, 'tawangrejo', '33e429c41ae8105bdac628c4c6031992', 'khetawangwhong@yahoo.com', '', '0000-00-00 00:00:00', '0000-00-00 00:00:00', '83cbbc37bfa63459747ba196550fc2e8', 0, 1),
(157, 'markus', '63a9bdf69ff293f6727d3fef20d6e882', 'markus.angklung@gmail.com', '', '2015-05-26 06:08:24', '0000-00-00 00:00:00', '5d9e57697626efa280f892258907fe17', 0, 1),
(158, 'mAhfud', '5c25b8ebcd66fb56ddcfde1a87428f74', 'Ali.mahfud80@yahoo.co.id', '', '0000-00-00 00:00:00', '0000-00-00 00:00:00', '6d18dfa513a7904f1687e9e33802dbed', 0, 1),
(159, 'abdul29', 'b7dfe9134c7a717a3b6eaf37bdc1ef7b', 'rohman29.ra@gmail.com', '', '0000-00-00 00:00:00', '0000-00-00 00:00:00', 'a1f287ecb28188827e55fb01d755a5c3', 0, 1),
(160, 'arian', '1ac9d6bfc811f8c621f423de9c668966', 'arian@yahoo.com', '', '0000-00-00 00:00:00', '0000-00-00 00:00:00', '44a1e2d0321f0a23e124b68dcbd8e4d1', 0, 1),
(161, '_Rz', '7a97ce8ee0a33b56f2d25aeae6f33238', 'ahmadrizaburhani@gmail.com', '', '0000-00-00 00:00:00', '0000-00-00 00:00:00', '557c13df1a21f8f9e20c65fe1314f8fd', 0, 1),
(162, 'mas_antok', 'd5d305e206e12c27f65cfaa21252c3bd', 'setiaksa@gmail.com', '', '0000-00-00 00:00:00', '0000-00-00 00:00:00', '57c305358e91a4628b174b0d3bf6153e', 0, 1),
(163, 'jayadi', '858983cb85e2479b4d7a9d677f62e4f9', 'bang_jay1977@yahoo.co.id', '', '0000-00-00 00:00:00', '0000-00-00 00:00:00', '01017a375f2feb3150f1ca8e4f42b995', 0, 1),
(164, 'mahasiswaunirow', 'd1bafc48f677e87c342a72cef159cd8b', 'mahasiswaunirow@dayrep.com', '', '2015-07-12 02:33:02', '0000-00-00 00:00:00', '1fd303b5c0d86ec5f517ebc5f0d83cda', 0, 1),
(165, 'indah', 'd2866e42f6942e605ebbe8df756d3e2d', 'indahratna_2208@ymail.com', '', '0000-00-00 00:00:00', '0000-00-00 00:00:00', '8ebb24d975f548af1df391c4423d3a71', 0, 1),
(166, 'nimassari', 'a722442c026a3aef2634c14b820b9c54', 'nafiahnimas@yahoo.com', '', '0000-00-00 00:00:00', '0000-00-00 00:00:00', '099a3428d7902859f9364f51f478e648', 0, 1),
(167, 'Pers_Indo', '1d918bdf89f11adafeb1a1898e290d78', 'kiddrocksandal@gmail.com', '', '0000-00-00 00:00:00', '0000-00-00 00:00:00', '6a547208a7028cae4cbff153e7b16c6a', 0, 1),
(168, 'wardanahakim', '84ff764e21eed1f73423f6276b4191d7', 'wardanahakim@yahoo.co.id', '', '0000-00-00 00:00:00', '0000-00-00 00:00:00', '3e8e67ef4684e72067dc9c641a2a623a', 0, 1),
(169, 'yuliana', '07f91ba731c279e115a594d8d4433617', 'ymeliamel@gmail.com', '', '0000-00-00 00:00:00', '0000-00-00 00:00:00', 'ad9f0dd01a8efdf48063b40bac660663', 0, 1),
(170, 'sbmxmtrus007', 'deb63d3418edb8d2e2166cdf5bbec8bc', 'maximumtruss2407@gmail.com', '', '0000-00-00 00:00:00', '0000-00-00 00:00:00', '0a8a82ae3bfbc74723f7282c66447883', 0, 1),
(171, 'idris', 'ee276272e30c7caf455d9bcb2834414d', 'ibnuhuzaini12@gmail.com', '', '0000-00-00 00:00:00', '0000-00-00 00:00:00', '5b486ef15e5bd2114207fa49aeb8254c', 0, 1),
(172, 'wahyunuryahya', 'be07b74c52414aca8ff4be75df1d8388', 'DKY_DW@yahoo.co.id', '', '0000-00-00 00:00:00', '0000-00-00 00:00:00', '0745307c1c249a19dc1595f884826e58', 0, 1),
(173, 'abashom', 'd55c9c069fe24b742d7c8fbf2c3b96af', 'abashom2010@gmail.com', '', '0000-00-00 00:00:00', '0000-00-00 00:00:00', 'd1fce5e065e80ae265042a1bae4e4ca4', 0, 1),
(174, 'cakpesok', '1d0ba0986c3247c981ac3dad9043e345', 'mukhliswijaya@gmail.com', '', '2015-08-25 05:59:30', '0000-00-00 00:00:00', '7f00fdd2d2ab351f15fc5d210a57ba5c', 0, 1),
(175, 'kholil', 'adbc81937d3ba36eb4d581967aca13e6', 'kholil.86@gmail.com', '', '0000-00-00 00:00:00', '0000-00-00 00:00:00', '572cb8b314d182729ea27626b44d91b3', 0, 1),
(176, 'Rahayu', 'e9fb2eda3d9c55a0d89c98d6c54b5b3e', 'Rahayu.vindi@yahoo.co.id', '', '0000-00-00 00:00:00', '0000-00-00 00:00:00', '21218612891bbf18f913564d89d5581b', 0, 1),
(177, 'sbtravelumrahsurabay', '46dfa89040938de134147dd410ab6e6f', 'travelumrahsurabaya@gmail.com', '', '2015-09-02 08:28:41', '0000-00-00 00:00:00', 'a873a4f74e319886010b2dd304cc2563', 0, 1),
(178, 'nasir', 'f8c73b488e967603b0b1567b8273393c', 'muchammad.nasir@gmail.com', '', '0000-00-00 00:00:00', '0000-00-00 00:00:00', '478802081ff2aad21abb96eeb591a4fc', 0, 1),
(179, 'Izzahsilvia', '9f7521fe0cb43beaca865dca3d2fc3ba', 'Izzah11140@gmail.com', '', '0000-00-00 00:00:00', '0000-00-00 00:00:00', '37b7e45238cbbf69f8f56bfc9e287efb', 0, 1),
(182, 'antomasgun', '896a7d5936d422fb1ac921d8c32675dc', 'antomasgun@gmail.com', '', '0000-00-00 00:00:00', '0000-00-00 00:00:00', '3536bbc738e90fa03f3b77b1f3634a58', 0, 1),
(183, 'adishop', 'c5c0651b55069c0212fa22215e38d182', 'adishop158@gmail.com', '', '0000-00-00 00:00:00', '0000-00-00 00:00:00', 'f5ce1162f5df9613af6e6fc16b6b271e', 0, 1),
(184, 'teje', 'abfd80ceea3ea7a19ef35c964533bb70', 'teje1927@gmail.com', '', '0000-00-00 00:00:00', '0000-00-00 00:00:00', 'feddc8123bdc3bf20e096045374ac55f', 0, 1),
(185, 'Yudiirwanto', '37c2623bf4de14ed1ddec9b2893d1f73', 'yudianto16@yahoo.com', '', '0000-00-00 00:00:00', '0000-00-00 00:00:00', '92b0914f9ea042b1a47da23f73320557', 0, 1),
(186, 'bankfud', 'f7b5dcd1b60e2351ef8de7fbf47cba26', 'machfudzc@yahoo.com', '', '0000-00-00 00:00:00', '0000-00-00 00:00:00', 'c4159d3704bcfa704c81fc20ac4898ed', 0, 1),
(187, 'alihisyam', 'e476d985c490263551c1a5cc15c82eca', 'alihisyam54@gmail.com', '', '0000-00-00 00:00:00', '0000-00-00 00:00:00', '66108b0773a2a6022ea8500e963d3b53', 0, 1),
(188, 'yusfiwawansepriyadi', 'e78cebe79e468ef280de6c782c03f237', 'yusfigeologist@gmail.com', '', '2015-10-25 17:25:33', '0000-00-00 00:00:00', 'a466d2037e6d17b01cba25a727a80560', 0, 1),
(189, 'imammunawir08', '23a285ebb21f308b7d227411a78301e7', 'imammunawir08@gmail.com', '', '0000-00-00 00:00:00', '0000-00-00 00:00:00', '4f88019acc51936bcd9494e7141d55f8', 0, 1),
(190, 'offy', '71bd0aef34904294f6fe87a10015b32d', 'o.syofia@gmail.com', '', '0000-00-00 00:00:00', '0000-00-00 00:00:00', 'f28ddfe39aa897bf9d8f4e504c69c5bf', 0, 1),
(191, 'Somantrisurvey', '9fc4d0612181ee5c59ff691efcae2483', 'somantrisurvey@yahoo.com', '', '2015-12-11 07:55:36', '0000-00-00 00:00:00', 'c4c153e703e6cbd8564ef45f9bd047ba', 0, 1),
(192, 'hudandardiriasfaq', 'fc6f757abc8903efd53c8b8bdf6be40a', 'hudandardiriasfaq@gmail.com', '', '2016-01-06 23:00:28', '0000-00-00 00:00:00', 'afa1018a7a4b420735652cf99e99aaf8', 0, 1),
(193, 'anatasia', 'c41b0d5f72b7f1e3b5b77dff90b7fee9', 'anatasianm@gmail.com', '', '2016-01-11 06:50:53', '0000-00-00 00:00:00', 'ea9a86d353383e6d4aa6324378714162', 0, 1),
(194, 'muhyi', 'd4adea10706d632712b4c4e0a218694f', 'muhyi_se@yahoo.com', '', '2016-01-14 01:47:38', '0000-00-00 00:00:00', '8d41e9ab45059c9ec27d023ec215457c', 0, 1),
(195, 'aldie6666', 'f94386a5b20a18cd55c3fb24f511c3e4', 'hibraldi80@gmail.com', '', '0000-00-00 00:00:00', '0000-00-00 00:00:00', '4dbfe2c068436fa73bc67c9d19a6c09c', 0, 1),
(196, 'mjonifauzi', 'ab17a68c3ab5976507b77befee66a892', 'mjonifauzi44@gmail.com', '', '0000-00-00 00:00:00', '0000-00-00 00:00:00', '3582bcb88c9c00cf6595705c8507da0b', 0, 1),
(197, 'teguh123', '261a794363c16c2a9969c2ee093673d6', 'smpymikjoglo@gmail.com', '', '2016-02-20 07:58:32', '0000-00-00 00:00:00', '1b5ddf31662f149b881f67d25f123a6c', 0, 1),
(198, 'dina16', '8f8f64f568987b6f57bbf52d495ff8d0', 'dinaauliyah96@gmail.com', '', '0000-00-00 00:00:00', '0000-00-00 00:00:00', 'a0d6d5947ebc628fb9b54a72d49a028e', 0, 1),
(199, 'jimmysuzuki', 'e46cb8963409753ec7150807a73a17bd', 'jimmysuzuki.js@gmail.com', '', '0000-00-00 00:00:00', '0000-00-00 00:00:00', 'e428f86c3b96111a36bdb607548dfa38', 0, 1),
(200, 'husni888', 'd6cb5e21f3812937fa0227c15ab461eb', 'mkhusni20@yahoo.com', '', '0000-00-00 00:00:00', '0000-00-00 00:00:00', '6707996760293579903f8c2c820dc840', 0, 1),
(201, 'achmadhuseinrumakat', '3d1131825dfa59c53e3553137d92750a', 'achroem70@gmail.com', '', '0000-00-00 00:00:00', '0000-00-00 00:00:00', '0f7fa72fb20aa819745c2c5b828decf5', 0, 1),
(202, 'JKs', '7c0ccdae6d0da71f21904731d57dd6fc', 'sangjk@rocketmail.com', '', '0000-00-00 00:00:00', '0000-00-00 00:00:00', 'aefceb9e36aa2e1fa3d07efe84f739b7', 0, 1),
(203, 'clickarts2001', 'd18b97235637dfb93bfb4f62ee541078', 'clickarts2001@gmail.com', '', '2016-03-23 08:29:28', '0000-00-00 00:00:00', 'fee1ef5804ff0f644ba02b8414c35ba0', 0, 1),
(204, 'nurul', 'b92364544a95d10c4ec5859c98728b28', 'nurulutamiii73@gmail.com', '', '2016-03-29 07:06:09', '0000-00-00 00:00:00', 'c71f4256dbbc668ab67e8a0fe84d3f2f', 0, 1),
(205, 'kembet', '691dfa8dcd76b254165084ca168bc60d', 'kembet-kura@yahoo.com', '', '0000-00-00 00:00:00', '0000-00-00 00:00:00', 'aa4d57be1bfd79f85db43798289c5c2e', 0, 1),
(206, 'sigit007', '56dba62f7a2129a54f7d8c3db68662b0', 'sigitwidiatmoko17@gmail.com', '', '2016-05-01 18:56:17', '0000-00-00 00:00:00', '70ef1ab226a6e747f3c75b0bdf46d2c3', 0, 1),
(207, 'diahnuri', '5941705d776fc79afa880101b86839f2', 'diahnurinilawati@gmail.com', '', '0000-00-00 00:00:00', '0000-00-00 00:00:00', 'c5c8164a065419f4b12722c0ab70be04', 0, 1),
(208, 'mulyana', 'd395bedd8a38f96dd588f7e4f6074da7', 'yanacoolest@gmail.com', '', '0000-00-00 00:00:00', '0000-00-00 00:00:00', '9f16805df9ec3ee50498d9eec3de6929', 0, 1),
(209, 'Abdur_rouf', 'd2ec3a56da637a9c06b2fdbfb8ff9c46', 'abdurrouf12345678910@gmail.com', '', '0000-00-00 00:00:00', '0000-00-00 00:00:00', '3563542c8a24ed37049971c02f5fe187', 0, 1),
(210, 'corypramesti', 'abd1393cdc45d7ea9398482da9b703c9', 'cory.pmh@gmail.com', '', '0000-00-00 00:00:00', '0000-00-00 00:00:00', 'e108816a8aea3e48231d805584805063', 0, 1),
(211, 'soeyoonk', 'fecec60cbba9ec70b8b58a5927eac304', 'choirulanwarlf@gmail.com', '', '0000-00-00 00:00:00', '0000-00-00 00:00:00', '507f39e847d5c8d73e1ed8a419d455d0', 0, 1),
(212, 'abesyakur', 'f845b864552d288cb5263bf1ee53cee4', 'abe.kuro14@gmail.com', '', '0000-00-00 00:00:00', '0000-00-00 00:00:00', '22363d9f571f996884650a8b259f2759', 0, 1),
(213, 'bexar69', '22e6256a25b2552d680405a8e975d5d8', 'b.pratomo69@gmail.com', '', '0000-00-00 00:00:00', '0000-00-00 00:00:00', '486c17ceb10083c354bafc0be7355f74', 0, 1),
(214, 'salman', '520cefb617150013137c9dbd8afcced7', 'amirkana337@yahoo.com', '', '0000-00-00 00:00:00', '0000-00-00 00:00:00', 'bf7db46ab4ff996e895e1125da3be7e0', 0, 1),
(216, 'tafuzimuiz', 'ddc11822d90ce9427b1eba0fa71bb2c3', 'tafuzimuiz@gmail.com', '', '0000-00-00 00:00:00', '0000-00-00 00:00:00', '9f2d2a2a0f61c53a1c8727fd65ceecd9', 0, 1),
(217, 'DiflaImtiyaz', 'dbc88b193117f92c0cc426d5b17c8f26', 'kakak_zaki@yahoo.com', '', '0000-00-00 00:00:00', '0000-00-00 00:00:00', '2c79fb1394bdc5c393bdc9ddd0288532', 0, 1),
(218, 'HMI', '3adf13f78279b4b9292781e128ce06fd', 'hmi.jombang1@gmail.com', '', '2016-09-26 09:04:23', '0000-00-00 00:00:00', '02fc65ac47b2564c856cb0fe9300155e', 0, 1),
(219, 'faqius', '7fca64871dacaedd32319e652260d671', 'Faqius9@gmail.com', '', '0000-00-00 00:00:00', '0000-00-00 00:00:00', 'b7e9db9c7ab9f0d22ff2905e980871d7', 0, 1),
(220, 'sujarwo', '7b3c1082b5d122fdd38f65d99db03fe2', 'sujarwo@koranburuh.com', '', '0000-00-00 00:00:00', '0000-00-00 00:00:00', 'e95a42f41357a0dff53c0d8b5a07aa9e', 0, 1),
(221, 'hurun', '332e4fbe97f47508463dd987bb9714bc', 'ainin.diyah@gmail.com', '', '0000-00-00 00:00:00', '0000-00-00 00:00:00', '13f636aebe9c712a7c626d9f4fa03d82', 0, 1),
(222, 'rizqilazizi', '49dbd15060da3ec258b1cf0fe7a61cf5', 'muhammadrizqilazizi@gmail.com', '', '0000-00-00 00:00:00', '0000-00-00 00:00:00', 'd07491349662069e24c66d1d871a7c69', 0, 1),
(223, 'aditya', '2bc52d2c4cb4a0a5a1fea48947ffab5f', 'aditfirza6@gmail.com', '', '0000-00-00 00:00:00', '0000-00-00 00:00:00', '11fb88d4d03b2b40ca3d16288070077b', 0, 1),
(224, 'aa_haq', 'db273f375ca78ced8ad0d7790eab62b1', 'ahmadsraten@gmail.com', '', '0000-00-00 00:00:00', '0000-00-00 00:00:00', 'de20a61c47edea463717f4d89b2f4e1c', 0, 1),
(225, 'sahar', '178aa99ff264ad1411552202a1706fa9', 'sahar6nya14@gmail.com', '', '0000-00-00 00:00:00', '0000-00-00 00:00:00', 'd3b9a386d3798006d55ad5afe684e779', 0, 1),
(229, 'hanysuherman', 'aa02124268e7642bfc096606fe9d117e', 'jackalcrow1@gmail.com', '', '2016-12-12 12:03:21', '0000-00-00 00:00:00', 'a24bc50c898052fbbf4c1c3fe0399aa0', 0, 1),
(230, 'tamvan', 'e86fdc2283aff4717103f2d44d0610f7', 'cahtamvan0@gmail.com', '', '2016-12-15 04:19:55', '0000-00-00 00:00:00', '12ff346490b281fb05f37fc4d36c9fb2', 0, 1),
(231, 'daenuri', '88879e56f5ccfbfc81c309f2a3b9d6b2', 'anwaredi@gmail.com', '', '0000-00-00 00:00:00', '0000-00-00 00:00:00', 'a1df33b600ede3486deebcdabfe94223', 0, 1),
(232, 'irex21', 'be759435e81601a7877f67018bb6ef83', 'arifin@yahoo.com', '', '0000-00-00 00:00:00', '0000-00-00 00:00:00', 'd87c9f1cff790c5390b5d3bb01d5b0ae', 0, 1),
(267, 'cobaaja', 'e10adc3949ba59abbe56e057f20f883e', 'gobes02@mailinator.com', '', '2017-01-20 12:25:26', '0000-00-00 00:00:00', 'fd80631be2230de837114c79f9f4c2c9', 0, 0),
(268, 'Yudi', '4a7c7b68a013f54d1fedcd3945422338', 'ariantoyudi93@gmail.com', '', '0000-00-00 00:00:00', '2015-07-28 20:46:00', '74b68a077d4d07d9650950eebaff431e', 1, 1),
(269, 'rizki', '1b9fc02e98389d29c1506fe944b07d16', 'rizkidany@gmail.com', '', '0000-00-00 00:00:00', '0000-00-00 00:00:00', '96934183ae7fdce18a4d34d25ebbc98b', 1, 1);

-- --------------------------------------------------------

--
-- Stand-in struktur untuk tampilan `view_files`
-- (Lihat di bawah untuk tampilan aktual)
--
CREATE TABLE `view_files` (
`id` int(11)
,`object_id` int(11)
,`module_id` int(11)
,`user_id` int(11)
,`name` varchar(50)
,`filename` varchar(255)
,`type` varchar(10)
,`caption_title` varchar(100)
,`caption_desc` longtext
,`upload_date` datetime
);

-- --------------------------------------------------------

--
-- Stand-in struktur untuk tampilan `view_hotnews_latest`
-- (Lihat di bawah untuk tampilan aktual)
--
CREATE TABLE `view_hotnews_latest` (
`news_id` int(50)
,`news_title` varchar(150)
,`news_content` longtext
,`news_slug` varchar(100)
,`news_date` datetime
);

-- --------------------------------------------------------

--
-- Stand-in struktur untuk tampilan `view_kanal_news`
-- (Lihat di bawah untuk tampilan aktual)
--
CREATE TABLE `view_kanal_news` (
`category_id` int(11)
,`category_slug` varchar(125)
,`category_name` varchar(125)
,`post_id` int(11)
,`category_id2` int(11)
,`news_id` int(50)
,`news_title` varchar(150)
,`news_content` longtext
,`news_slug` varchar(100)
,`news_type` int(11)
,`news_date` datetime
,`news_status` int(11)
,`news_penulis` varchar(50)
,`news_wartawan` varchar(50)
,`news_author` int(10)
,`news_modified` datetime
,`news_source` varchar(150)
,`news_meta_title` varchar(100)
,`news_meta_keyword` varchar(50)
,`news_meta_desc` varchar(200)
,`click_count` int(11)
,`caption_title` varchar(100)
,`caption_desc` longtext
,`module_id` int(11)
,`filename` varchar(255)
);

-- --------------------------------------------------------

--
-- Stand-in struktur untuk tampilan `view_latest_news`
-- (Lihat di bawah untuk tampilan aktual)
--
CREATE TABLE `view_latest_news` (
`news_id` int(50)
,`news_title` varchar(150)
,`news_content` longtext
,`news_excerpt` longtext
,`news_penulis` varchar(50)
,`news_wartawan` varchar(50)
,`news_image` varchar(100)
,`news_slug` varchar(100)
,`news_author` int(10)
,`news_type` int(11)
,`news_date` datetime
,`news_modified` datetime
,`news_status` int(11)
,`youtube_links` varchar(255)
,`news_meta_title` varchar(100)
,`news_meta_keyword` varchar(50)
,`news_meta_desc` varchar(200)
,`news_source` varchar(150)
,`embed` varchar(100)
,`is_headline` varchar(100)
,`oleh` varchar(100)
,`ayat` varchar(100)
,`click_count` int(11)
);

-- --------------------------------------------------------

--
-- Stand-in struktur untuk tampilan `view_other_news`
-- (Lihat di bawah untuk tampilan aktual)
--
CREATE TABLE `view_other_news` (
`news_title` varchar(150)
,`news_embed` varchar(100)
,`news_id` int(50)
,`news_image` varchar(100)
,`news_slug` varchar(100)
,`news_type` int(11)
,`caption_title` varchar(100)
,`caption_desc` longtext
,`filename` varchar(255)
,`tagId` int(11)
);

-- --------------------------------------------------------

--
-- Stand-in struktur untuk tampilan `view_slide`
-- (Lihat di bawah untuk tampilan aktual)
--
CREATE TABLE `view_slide` (
`news_id` int(50)
,`news_slug` varchar(100)
,`news_title` varchar(150)
,`news_excerpt` longtext
,`news_date` datetime
,`news_content` longtext
,`filename` varchar(255)
);

-- --------------------------------------------------------

--
-- Stand-in struktur untuk tampilan `view_tag_news`
-- (Lihat di bawah untuk tampilan aktual)
--
CREATE TABLE `view_tag_news` (
`id` int(11)
,`tag_name` varchar(100)
,`tag_title` varchar(100)
,`post_id` int(11)
,`tagId` int(11)
);

-- --------------------------------------------------------

--
-- Struktur dari tabel `widget`
--

CREATE TABLE `widget` (
  `widget_id` int(11) NOT NULL,
  `root` int(11) NOT NULL,
  `lft` int(11) NOT NULL,
  `rgt` int(11) NOT NULL,
  `level` int(11) NOT NULL,
  `widget_name` varchar(100) NOT NULL,
  `widget_type` varchar(20) NOT NULL,
  `module_id` int(11) NOT NULL,
  `object_id` int(11) NOT NULL,
  `widget_group_id` int(11) NOT NULL,
  `widget_style` varchar(20) NOT NULL,
  `widget_setting_two` varchar(100) NOT NULL
) ENGINE=InnoDB DEFAULT CHARSET=utf8;

--
-- Dumping data untuk tabel `widget`
--

INSERT INTO `widget` (`widget_id`, `root`, `lft`, `rgt`, `level`, `widget_name`, `widget_type`, `module_id`, `object_id`, `widget_group_id`, `widget_style`, `widget_setting_two`) VALUES
(1, 1, 1, 36, 1, 'root', 'root', 0, 0, 0, '', ''),
(17, 1, 6, 7, 2, 'Tafsir Al Quran Aktual', 'category', 0, 58, 1, '1', ''),
(81, 1, 8, 9, 2, 'T&J - Islam Sehari-hari', 'category', 0, 64, 1, '2', ''),
(82, 1, 20, 21, 2, 'T&J - Islam Sehari-hari', 'category', 0, 64, 2, '2', ''),
(178, 1, 18, 19, 2, 'Tafsir Al Quran Aktual', 'category', 0, 58, 2, '2', ''),
(209, 1, 12, 13, 2, 'Pesantren', 'category', 0, 61, 1, '2', ''),
(230, 1, 30, 31, 2, 'T&J - Islam Sehari-hari', 'category', 0, 64, 3, '2', ''),
(231, 1, 32, 33, 2, 'Tafsir Al Quran Aktual', 'category', 0, 58, 3, '2', ''),
(233, 1, 24, 25, 2, 'T&J - Islam Sehari-hari', 'category', 0, 64, 4, '2', ''),
(234, 1, 26, 27, 2, 'Tafsir Al Quran Aktual', 'category', 0, 58, 4, '2', ''),
(235, 1, 28, 29, 2, 'Opini', 'category', 0, 60, 4, '2', ''),
(269, 1, 10, 11, 2, 'Opini', 'category', 0, 60, 1, '2', ''),
(275, 1, 2, 3, 2, 'Iklan Adsense Sidebar 336x280 (1)', 'iklan', 0, 102, 1, '2', ''),
(277, 1, 16, 17, 2, 'Opini', 'category', 0, 60, 2, '2', ''),
(278, 1, 34, 35, 2, ' Opini', 'category', 0, 60, 3, '1', ''),
(283, 1, 14, 15, 2, 'Iklan Adsense Sidebar 336x280 (2)', 'iklan', 0, 105, 2, '2', ''),
(284, 1, 22, 23, 2, 'Wisata', 'category', 0, 54, 2, '1', ''),
(286, 1, 4, 5, 2, 'MKGR Gresik', 'iklan', 0, 475, 1, '1', '');

-- --------------------------------------------------------

--
-- Struktur dari tabel `widget_group`
--

CREATE TABLE `widget_group` (
  `id` int(11) NOT NULL,
  `title` varchar(255) NOT NULL,
  `name` varchar(255) NOT NULL
) ENGINE=InnoDB DEFAULT CHARSET=latin1;

--
-- Dumping data untuk tabel `widget_group`
--

INSERT INTO `widget_group` (`id`, `title`, `name`) VALUES
(1, 'Home ', 'home'),
(2, 'Halaman', 'halaman'),
(3, 'Sidebar Mobile Home', 'sidebarMobileHome'),
(4, 'Sidebar Mobile Halaman', 'sidebarMobileHalaman');

-- --------------------------------------------------------

--
-- Struktur untuk view `categorys_indeks`
--
DROP TABLE IF EXISTS `categorys_indeks`;

CREATE ALGORITHM=UNDEFINED DEFINER=`root`@`localhost` SQL SECURITY DEFINER VIEW `categorys_indeks`  AS  select `category`.`category_name` AS `category_name`,`category`.`category_id` AS `category_id`,`category`.`category_slug` AS `category_slug` from `category` where ((`category`.`is_indeks` = 1) and (`category`.`active` = 1)) order by `category`.`category_id` ;

-- --------------------------------------------------------

--
-- Struktur untuk view `news_indeks`
--
DROP TABLE IF EXISTS `news_indeks`;

CREATE ALGORITHM=UNDEFINED DEFINER=`root`@`localhost` SQL SECURITY DEFINER VIEW `news_indeks`  AS  select `b`.`news_id` AS `news_id`,`b`.`news_title` AS `news_title`,`b`.`news_content` AS `news_content`,`b`.`news_excerpt` AS `news_excerpt`,`b`.`news_penulis` AS `news_penulis`,`b`.`news_wartawan` AS `news_wartawan`,`b`.`news_image` AS `news_image`,`b`.`news_slug` AS `news_slug`,`b`.`news_author` AS `news_author`,`b`.`news_type` AS `news_type`,`b`.`news_date` AS `news_date`,`b`.`news_modified` AS `news_modified`,`b`.`news_status` AS `news_status`,`b`.`youtube_links` AS `youtube_links`,`b`.`news_meta_title` AS `news_meta_title`,`b`.`news_meta_keyword` AS `news_meta_keyword`,`b`.`news_meta_desc` AS `news_meta_desc`,`b`.`news_source` AS `news_source`,`b`.`embed` AS `embed`,`b`.`is_headline` AS `is_headline`,`b`.`oleh` AS `oleh`,`b`.`ayat` AS `ayat`,`b`.`click_count` AS `click_count`,`cr`.`post_id` AS `post_id`,`cr`.`category_id` AS `category_id` from (`category_relationship` `cr` join `module_news` `b` on((`cr`.`post_id` = `b`.`news_id`))) where ((`b`.`news_type` = 1) and (`b`.`news_status` = 1)) order by `b`.`news_id` desc ;

-- --------------------------------------------------------

--
-- Struktur untuk view `view_files`
--
DROP TABLE IF EXISTS `view_files`;

CREATE ALGORITHM=UNDEFINED DEFINER=`root`@`localhost` SQL SECURITY DEFINER VIEW `view_files`  AS  select `fls`.`id` AS `id`,`fls`.`object_id` AS `object_id`,`fls`.`module_id` AS `module_id`,`fls`.`user_id` AS `user_id`,`fls`.`name` AS `name`,`fls`.`filename` AS `filename`,`fls`.`type` AS `type`,`fls`.`caption_title` AS `caption_title`,`fls`.`caption_desc` AS `caption_desc`,`fls`.`upload_date` AS `upload_date` from `files` `fls` order by `fls`.`id` desc ;

-- --------------------------------------------------------

--
-- Struktur untuk view `view_hotnews_latest`
--
DROP TABLE IF EXISTS `view_hotnews_latest`;

CREATE ALGORITHM=UNDEFINED DEFINER=`root`@`localhost` SQL SECURITY DEFINER VIEW `view_hotnews_latest`  AS  select `module_news`.`news_id` AS `news_id`,`module_news`.`news_title` AS `news_title`,`module_news`.`news_content` AS `news_content`,`module_news`.`news_slug` AS `news_slug`,`module_news`.`news_date` AS `news_date` from `module_news` where ((`module_news`.`news_type` = '1') and (`module_news`.`news_status` = '1')) order by `module_news`.`news_id` desc limit 10 ;

-- --------------------------------------------------------

--
-- Struktur untuk view `view_kanal_news`
--
DROP TABLE IF EXISTS `view_kanal_news`;

CREATE ALGORITHM=UNDEFINED DEFINER=`root`@`localhost` SQL SECURITY DEFINER VIEW `view_kanal_news`  AS  select `c`.`category_id` AS `category_id`,`c`.`category_slug` AS `category_slug`,`c`.`category_name` AS `category_name`,`cr`.`post_id` AS `post_id`,`cr`.`category_id` AS `category_id2`,`b`.`news_id` AS `news_id`,`b`.`news_title` AS `news_title`,`b`.`news_content` AS `news_content`,`b`.`news_slug` AS `news_slug`,`b`.`news_type` AS `news_type`,`b`.`news_date` AS `news_date`,`b`.`news_status` AS `news_status`,`b`.`news_penulis` AS `news_penulis`,`b`.`news_wartawan` AS `news_wartawan`,`b`.`news_author` AS `news_author`,`b`.`news_modified` AS `news_modified`,`b`.`news_source` AS `news_source`,`b`.`news_meta_title` AS `news_meta_title`,`b`.`news_meta_keyword` AS `news_meta_keyword`,`b`.`news_meta_desc` AS `news_meta_desc`,`b`.`click_count` AS `click_count`,`fls`.`caption_title` AS `caption_title`,`fls`.`caption_desc` AS `caption_desc`,`fls`.`module_id` AS `module_id`,`fls`.`filename` AS `filename` from (((`category_relationship` `cr` join `module_news` `b` on((`cr`.`post_id` = `b`.`news_id`))) join `category` `c` on((`cr`.`category_id` = `c`.`category_id`))) left join `files` `fls` on((`fls`.`object_id` = `b`.`news_id`))) where (`b`.`news_status` = '1') order by `b`.`news_id` desc ;

-- --------------------------------------------------------

--
-- Struktur untuk view `view_latest_news`
--
DROP TABLE IF EXISTS `view_latest_news`;

CREATE ALGORITHM=UNDEFINED DEFINER=`root`@`localhost` SQL SECURITY DEFINER VIEW `view_latest_news`  AS  select `b`.`news_id` AS `news_id`,`b`.`news_title` AS `news_title`,`b`.`news_content` AS `news_content`,`b`.`news_excerpt` AS `news_excerpt`,`b`.`news_penulis` AS `news_penulis`,`b`.`news_wartawan` AS `news_wartawan`,`b`.`news_image` AS `news_image`,`b`.`news_slug` AS `news_slug`,`b`.`news_author` AS `news_author`,`b`.`news_type` AS `news_type`,`b`.`news_date` AS `news_date`,`b`.`news_modified` AS `news_modified`,`b`.`news_status` AS `news_status`,`b`.`youtube_links` AS `youtube_links`,`b`.`news_meta_title` AS `news_meta_title`,`b`.`news_meta_keyword` AS `news_meta_keyword`,`b`.`news_meta_desc` AS `news_meta_desc`,`b`.`news_source` AS `news_source`,`b`.`embed` AS `embed`,`b`.`is_headline` AS `is_headline`,`b`.`oleh` AS `oleh`,`b`.`ayat` AS `ayat`,`b`.`click_count` AS `click_count` from `module_news` `b` where (`b`.`news_status` = '1') order by `b`.`news_id` desc ;

-- --------------------------------------------------------

--
-- Struktur untuk view `view_other_news`
--
DROP TABLE IF EXISTS `view_other_news`;

CREATE ALGORITHM=UNDEFINED DEFINER=`root`@`localhost` SQL SECURITY DEFINER VIEW `view_other_news`  AS  select `b`.`news_title` AS `news_title`,`b`.`embed` AS `news_embed`,`b`.`news_id` AS `news_id`,`b`.`news_image` AS `news_image`,`b`.`news_slug` AS `news_slug`,`b`.`news_type` AS `news_type`,`fls`.`caption_title` AS `caption_title`,`fls`.`caption_desc` AS `caption_desc`,`fls`.`filename` AS `filename`,`tr`.`tagId` AS `tagId` from ((`tag_relationship` `tr` left join `module_news` `b` on((`tr`.`post_id` = `b`.`news_id`))) left join `files` `fls` on((`fls`.`object_id` = `b`.`news_id`))) order by `b`.`news_id` desc ;

-- --------------------------------------------------------

--
-- Struktur untuk view `view_slide`
--
DROP TABLE IF EXISTS `view_slide`;

CREATE ALGORITHM=UNDEFINED DEFINER=`root`@`localhost` SQL SECURITY DEFINER VIEW `view_slide`  AS  select `b`.`news_id` AS `news_id`,`b`.`news_slug` AS `news_slug`,`b`.`news_title` AS `news_title`,`b`.`news_excerpt` AS `news_excerpt`,`b`.`news_date` AS `news_date`,`b`.`news_content` AS `news_content`,`f`.`filename` AS `filename` from (`module_news` `b` join `files` `f` on((`b`.`news_id` = `f`.`object_id`))) where ((`f`.`module_id` = '1') and (`b`.`is_headline` = '1') and (`b`.`news_type` = '1') and (`b`.`news_status` = '1')) order by `b`.`news_date` desc limit 10 ;

-- --------------------------------------------------------

--
-- Struktur untuk view `view_tag_news`
--
DROP TABLE IF EXISTS `view_tag_news`;

CREATE ALGORITHM=UNDEFINED DEFINER=`root`@`localhost` SQL SECURITY DEFINER VIEW `view_tag_news`  AS  select `t`.`id` AS `id`,`t`.`tag_name` AS `tag_name`,`t`.`tag_title` AS `tag_title`,`tr`.`post_id` AS `post_id`,`tr`.`tagId` AS `tagId` from (`tag` `t` join `tag_relationship` `tr` on((`tr`.`tagId` = `t`.`id`))) ;

--
-- Indexes for dumped tables
--

--
-- Indeks untuk tabel `authassignment`
--
ALTER TABLE `authassignment`
  ADD PRIMARY KEY (`itemname`,`userid`);

--
-- Indeks untuk tabel `authitem`
--
ALTER TABLE `authitem`
  ADD PRIMARY KEY (`name`);

--
-- Indeks untuk tabel `authitemchild`
--
ALTER TABLE `authitemchild`
  ADD PRIMARY KEY (`parent`,`child`),
  ADD KEY `child` (`child`);

--
-- Indeks untuk tabel `block`
--
ALTER TABLE `block`
  ADD PRIMARY KEY (`id`),
  ADD KEY `root` (`root`),
  ADD KEY `lft` (`lft`),
  ADD KEY `rgt` (`rgt`),
  ADD KEY `level` (`level`);

--
-- Indeks untuk tabel `block_mobile`
--
ALTER TABLE `block_mobile`
  ADD PRIMARY KEY (`id`);

--
-- Indeks untuk tabel `category`
--
ALTER TABLE `category`
  ADD PRIMARY KEY (`category_id`),
  ADD KEY `root` (`root`),
  ADD KEY `lft` (`lft`),
  ADD KEY `rgt` (`rgt`),
  ADD KEY `level` (`level`);

--
-- Indeks untuk tabel `category_relationship`
--
ALTER TABLE `category_relationship`
  ADD KEY `post_id` (`post_id`,`category_id`);

--
-- Indeks untuk tabel `comments`
--
ALTER TABLE `comments`
  ADD PRIMARY KEY (`comment_id`);

--
-- Indeks untuk tabel `contact`
--
ALTER TABLE `contact`
  ADD PRIMARY KEY (`id`),
  ADD KEY `users_id` (`users_id`);

--
-- Indeks untuk tabel `files`
--
ALTER TABLE `files`
  ADD PRIMARY KEY (`id`),
  ADD KEY `object_id` (`object_id`,`module_id`);

--
-- Indeks untuk tabel `menu`
--
ALTER TABLE `menu`
  ADD PRIMARY KEY (`menu_id`),
  ADD KEY `root` (`root`),
  ADD KEY `lft` (`lft`),
  ADD KEY `rgt` (`rgt`),
  ADD KEY `level` (`level`);

--
-- Indeks untuk tabel `menu_group`
--
ALTER TABLE `menu_group`
  ADD PRIMARY KEY (`id`);

--
-- Indeks untuk tabel `module`
--
ALTER TABLE `module`
  ADD PRIMARY KEY (`module_id`),
  ADD UNIQUE KEY `module_name` (`module_name`);

--
-- Indeks untuk tabel `module_epaper`
--
ALTER TABLE `module_epaper`
  ADD PRIMARY KEY (`id`);

--
-- Indeks untuk tabel `module_iklan`
--
ALTER TABLE `module_iklan`
  ADD PRIMARY KEY (`id`);

--
-- Indeks untuk tabel `module_iklan_options`
--
ALTER TABLE `module_iklan_options`
  ADD PRIMARY KEY (`id`);

--
-- Indeks untuk tabel `module_news`
--
ALTER TABLE `module_news`
  ADD PRIMARY KEY (`news_id`),
  ADD KEY `news_type` (`news_type`,`news_status`);

--
-- Indeks untuk tabel `module_news_topik_khas`
--
ALTER TABLE `module_news_topik_khas`
  ADD PRIMARY KEY (`id`);

--
-- Indeks untuk tabel `options`
--
ALTER TABLE `options`
  ADD PRIMARY KEY (`option_id`);

--
-- Indeks untuk tabel `page`
--
ALTER TABLE `page`
  ADD PRIMARY KEY (`page_id`),
  ADD UNIQUE KEY `page_slug` (`page_slug`),
  ADD KEY `page_author` (`page_author`);

--
-- Indeks untuk tabel `plugin`
--
ALTER TABLE `plugin`
  ADD PRIMARY KEY (`plugin_id`);

--
-- Indeks untuk tabel `poll`
--
ALTER TABLE `poll`
  ADD PRIMARY KEY (`id`);

--
-- Indeks untuk tabel `poll2`
--
ALTER TABLE `poll2`
  ADD PRIMARY KEY (`id`);

--
-- Indeks untuk tabel `poll2_choice`
--
ALTER TABLE `poll2_choice`
  ADD PRIMARY KEY (`id`),
  ADD KEY `choice_poll` (`poll_id`);

--
-- Indeks untuk tabel `poll2_vote`
--
ALTER TABLE `poll2_vote`
  ADD PRIMARY KEY (`id`),
  ADD KEY `vote_poll` (`poll_id`),
  ADD KEY `vote_choice` (`choice_id`),
  ADD KEY `vote_user` (`user_id`);

--
-- Indeks untuk tabel `poll_choice`
--
ALTER TABLE `poll_choice`
  ADD PRIMARY KEY (`id`),
  ADD KEY `choice_poll` (`poll_id`);

--
-- Indeks untuk tabel `poll_vote`
--
ALTER TABLE `poll_vote`
  ADD PRIMARY KEY (`id`),
  ADD KEY `vote_poll` (`poll_id`),
  ADD KEY `vote_choice` (`choice_id`),
  ADD KEY `vote_user` (`user_id`);

--
-- Indeks untuk tabel `profiles`
--
ALTER TABLE `profiles`
  ADD PRIMARY KEY (`user_id`);

--
-- Indeks untuk tabel `profiles_fields`
--
ALTER TABLE `profiles_fields`
  ADD PRIMARY KEY (`id`),
  ADD KEY `varname` (`varname`,`widget`,`visible`);

--
-- Indeks untuk tabel `rights`
--
ALTER TABLE `rights`
  ADD PRIMARY KEY (`itemname`);

--
-- Indeks untuk tabel `running_news`
--
ALTER TABLE `running_news`
  ADD PRIMARY KEY (`id`);

--
-- Indeks untuk tabel `running_news_relationship`
--
ALTER TABLE `running_news_relationship`
  ADD PRIMARY KEY (`post_id`,`running_id`);

--
-- Indeks untuk tabel `setting`
--
ALTER TABLE `setting`
  ADD PRIMARY KEY (`id`);

--
-- Indeks untuk tabel `tag`
--
ALTER TABLE `tag`
  ADD PRIMARY KEY (`id`),
  ADD UNIQUE KEY `tag_name` (`tag_name`);

--
-- Indeks untuk tabel `tag_relationship`
--
ALTER TABLE `tag_relationship`
  ADD PRIMARY KEY (`post_id`,`tagId`);

--
-- Indeks untuk tabel `users`
--
ALTER TABLE `users`
  ADD PRIMARY KEY (`id`),
  ADD UNIQUE KEY `username` (`username`),
  ADD UNIQUE KEY `email` (`email`);

--
-- Indeks untuk tabel `widget`
--
ALTER TABLE `widget`
  ADD PRIMARY KEY (`widget_id`),
  ADD KEY `lft` (`lft`),
  ADD KEY `rgt` (`rgt`),
  ADD KEY `level` (`level`),
  ADD KEY `widget_id` (`widget_id`);

--
-- Indeks untuk tabel `widget_group`
--
ALTER TABLE `widget_group`
  ADD PRIMARY KEY (`id`);

--
-- AUTO_INCREMENT untuk tabel yang dibuang
--

--
-- AUTO_INCREMENT untuk tabel `block`
--
ALTER TABLE `block`
  MODIFY `id` int(11) NOT NULL AUTO_INCREMENT, AUTO_INCREMENT=56;

--
-- AUTO_INCREMENT untuk tabel `block_mobile`
--
ALTER TABLE `block_mobile`
  MODIFY `id` int(11) NOT NULL AUTO_INCREMENT, AUTO_INCREMENT=159;

--
-- AUTO_INCREMENT untuk tabel `category`
--
ALTER TABLE `category`
  MODIFY `category_id` int(11) NOT NULL AUTO_INCREMENT, AUTO_INCREMENT=70;

--
-- AUTO_INCREMENT untuk tabel `comments`
--
ALTER TABLE `comments`
  MODIFY `comment_id` int(11) NOT NULL AUTO_INCREMENT, AUTO_INCREMENT=20;

--
-- AUTO_INCREMENT untuk tabel `contact`
--
ALTER TABLE `contact`
  MODIFY `id` int(11) NOT NULL AUTO_INCREMENT, AUTO_INCREMENT=5;

--
-- AUTO_INCREMENT untuk tabel `files`
--
ALTER TABLE `files`
  MODIFY `id` int(11) NOT NULL AUTO_INCREMENT, AUTO_INCREMENT=53318;

--
-- AUTO_INCREMENT untuk tabel `menu`
--
ALTER TABLE `menu`
  MODIFY `menu_id` int(11) NOT NULL AUTO_INCREMENT, AUTO_INCREMENT=242;

--
-- AUTO_INCREMENT untuk tabel `menu_group`
--
ALTER TABLE `menu_group`
  MODIFY `id` int(11) NOT NULL AUTO_INCREMENT, AUTO_INCREMENT=6;

--
-- AUTO_INCREMENT untuk tabel `module`
--
ALTER TABLE `module`
  MODIFY `module_id` int(11) NOT NULL AUTO_INCREMENT, AUTO_INCREMENT=4;

--
-- AUTO_INCREMENT untuk tabel `module_epaper`
--
ALTER TABLE `module_epaper`
  MODIFY `id` int(11) NOT NULL AUTO_INCREMENT, AUTO_INCREMENT=297;

--
-- AUTO_INCREMENT untuk tabel `module_iklan`
--
ALTER TABLE `module_iklan`
  MODIFY `id` int(11) NOT NULL AUTO_INCREMENT, AUTO_INCREMENT=484;

--
-- AUTO_INCREMENT untuk tabel `module_iklan_options`
--
ALTER TABLE `module_iklan_options`
  MODIFY `id` int(11) NOT NULL AUTO_INCREMENT, AUTO_INCREMENT=33;

--
-- AUTO_INCREMENT untuk tabel `module_news`
--
ALTER TABLE `module_news`
  MODIFY `news_id` int(50) NOT NULL AUTO_INCREMENT, AUTO_INCREMENT=50156;

--
-- AUTO_INCREMENT untuk tabel `options`
--
ALTER TABLE `options`
  MODIFY `option_id` bigint(20) NOT NULL AUTO_INCREMENT, AUTO_INCREMENT=12;

--
-- AUTO_INCREMENT untuk tabel `page`
--
ALTER TABLE `page`
  MODIFY `page_id` int(11) NOT NULL AUTO_INCREMENT, AUTO_INCREMENT=10;

--
-- AUTO_INCREMENT untuk tabel `plugin`
--
ALTER TABLE `plugin`
  MODIFY `plugin_id` int(11) NOT NULL AUTO_INCREMENT;

--
-- AUTO_INCREMENT untuk tabel `poll`
--
ALTER TABLE `poll`
  MODIFY `id` int(11) UNSIGNED NOT NULL AUTO_INCREMENT, AUTO_INCREMENT=2;

--
-- AUTO_INCREMENT untuk tabel `poll2`
--
ALTER TABLE `poll2`
  MODIFY `id` int(11) UNSIGNED NOT NULL AUTO_INCREMENT, AUTO_INCREMENT=7;

--
-- AUTO_INCREMENT untuk tabel `poll2_choice`
--
ALTER TABLE `poll2_choice`
  MODIFY `id` int(11) UNSIGNED NOT NULL AUTO_INCREMENT, AUTO_INCREMENT=43;

--
-- AUTO_INCREMENT untuk tabel `poll2_vote`
--
ALTER TABLE `poll2_vote`
  MODIFY `id` int(11) UNSIGNED NOT NULL AUTO_INCREMENT, AUTO_INCREMENT=16;

--
-- AUTO_INCREMENT untuk tabel `poll_choice`
--
ALTER TABLE `poll_choice`
  MODIFY `id` int(11) UNSIGNED NOT NULL AUTO_INCREMENT, AUTO_INCREMENT=5;

--
-- AUTO_INCREMENT untuk tabel `poll_vote`
--
ALTER TABLE `poll_vote`
  MODIFY `id` int(11) UNSIGNED NOT NULL AUTO_INCREMENT, AUTO_INCREMENT=569;

--
-- AUTO_INCREMENT untuk tabel `profiles`
--
ALTER TABLE `profiles`
  MODIFY `user_id` int(11) NOT NULL AUTO_INCREMENT, AUTO_INCREMENT=270;

--
-- AUTO_INCREMENT untuk tabel `profiles_fields`
--
ALTER TABLE `profiles_fields`
  MODIFY `id` int(10) NOT NULL AUTO_INCREMENT, AUTO_INCREMENT=3;

--
-- AUTO_INCREMENT untuk tabel `running_news`
--
ALTER TABLE `running_news`
  MODIFY `id` int(11) NOT NULL AUTO_INCREMENT, AUTO_INCREMENT=211;

--
-- AUTO_INCREMENT untuk tabel `setting`
--
ALTER TABLE `setting`
  MODIFY `id` int(50) NOT NULL AUTO_INCREMENT, AUTO_INCREMENT=2;

--
-- AUTO_INCREMENT untuk tabel `tag`
--
ALTER TABLE `tag`
  MODIFY `id` int(11) NOT NULL AUTO_INCREMENT, AUTO_INCREMENT=15197;

--
-- AUTO_INCREMENT untuk tabel `users`
--
ALTER TABLE `users`
  MODIFY `id` int(11) NOT NULL AUTO_INCREMENT, AUTO_INCREMENT=270;

--
-- AUTO_INCREMENT untuk tabel `widget`
--
ALTER TABLE `widget`
  MODIFY `widget_id` int(11) NOT NULL AUTO_INCREMENT, AUTO_INCREMENT=287;

--
-- AUTO_INCREMENT untuk tabel `widget_group`
--
ALTER TABLE `widget_group`
  MODIFY `id` int(11) NOT NULL AUTO_INCREMENT, AUTO_INCREMENT=5;

--
-- Ketidakleluasaan untuk tabel pelimpahan (Dumped Tables)
--

--
-- Ketidakleluasaan untuk tabel `authassignment`
--
ALTER TABLE `authassignment`
  ADD CONSTRAINT `authassignment_ibfk_1` FOREIGN KEY (`itemname`) REFERENCES `authitem` (`name`) ON DELETE CASCADE ON UPDATE CASCADE;

--
-- Ketidakleluasaan untuk tabel `authitemchild`
--
ALTER TABLE `authitemchild`
  ADD CONSTRAINT `authitemchild_ibfk_1` FOREIGN KEY (`parent`) REFERENCES `authitem` (`name`) ON DELETE CASCADE ON UPDATE CASCADE,
  ADD CONSTRAINT `authitemchild_ibfk_2` FOREIGN KEY (`child`) REFERENCES `authitem` (`name`) ON DELETE CASCADE ON UPDATE CASCADE;

--
-- Ketidakleluasaan untuk tabel `poll_choice`
--
ALTER TABLE `poll_choice`
  ADD CONSTRAINT `choice_poll` FOREIGN KEY (`poll_id`) REFERENCES `poll` (`id`) ON DELETE CASCADE ON UPDATE CASCADE;

--
-- Ketidakleluasaan untuk tabel `poll_vote`
--
ALTER TABLE `poll_vote`
  ADD CONSTRAINT `vote_choice` FOREIGN KEY (`choice_id`) REFERENCES `poll_choice` (`id`) ON DELETE CASCADE ON UPDATE CASCADE,
  ADD CONSTRAINT `vote_poll` FOREIGN KEY (`poll_id`) REFERENCES `poll` (`id`) ON DELETE CASCADE ON UPDATE CASCADE;

--
-- Ketidakleluasaan untuk tabel `profiles`
--
ALTER TABLE `profiles`
  ADD CONSTRAINT `profiles_ibfk_1` FOREIGN KEY (`user_id`) REFERENCES `users` (`id`) ON DELETE NO ACTION ON UPDATE NO ACTION;

--
-- Ketidakleluasaan untuk tabel `rights`
--
ALTER TABLE `rights`
  ADD CONSTRAINT `rights_ibfk_1` FOREIGN KEY (`itemname`) REFERENCES `authitem` (`name`) ON DELETE CASCADE ON UPDATE CASCADE;
COMMIT;

/*!40101 SET CHARACTER_SET_CLIENT=@OLD_CHARACTER_SET_CLIENT */;
/*!40101 SET CHARACTER_SET_RESULTS=@OLD_CHARACTER_SET_RESULTS */;
/*!40101 SET COLLATION_CONNECTION=@OLD_COLLATION_CONNECTION */;
